{"477314700": [[1.2127966666666667, 103.86188], [1.2125333333333332, 103.86128666666667], [1.2123216666666667, 103.8608], [1.21208, 103.86018666666666], [1.21188, 103.85968333333334], [1.2116433333333334, 103.85907], [1.2114333333333334, 103.85850833333333], [1.211205, 103.85796666666667], [1.2110283333333334, 103.85745833333333], [1.210835, 103.856895], [1.2106233333333334, 103.85634], [1.2102333333333333, 103.85516333333334], [1.21003, 103.854545], [1.20989, 103.85409833333334], [1.2095383333333334, 103.852985], [1.2092, 103.85182166666667], [1.2090816666666666, 103.85130833333334], [1.208945, 103.85074166666666], [1.208795, 103.85018333333333], [1.2086733333333333, 103.84962], [1.2082833333333334, 103.84794166666667], [1.2081416666666667, 103.84738333333334], [1.208015, 103.84683], [1.207885, 103.84628666666667], [1.2076066666666667, 103.845195], [1.20749, 103.84469833333333], [1.2067516666666667, 103.84132833333334], [1.2065716666666666, 103.84021], [1.2064633333333334, 103.83965166666667], [1.2061966666666666, 103.83797666666666], [1.20605, 103.83687666666667], [1.2060066666666667, 103.83633], [1.2059533333333334, 103.83469666666667], [1.2060166666666667, 103.83363833333334], [1.2060466666666667, 103.83313666666666], [1.2061616666666666, 103.83159166666667], [1.206295, 103.830585], [1.2064266666666668, 103.829595], [1.2065883333333334, 103.828615], [1.20702, 103.82567166666666], [1.2073666666666667, 103.82378666666666], [1.2075483333333332, 103.82278333333333], [1.207725, 103.821885], [1.207925, 103.820935], [1.2081333333333333, 103.82], [1.20861, 103.81811666666667], [1.2088583333333334, 103.81725666666667], [1.2089733333333332, 103.81680333333334], [1.2093483333333332, 103.81545], [1.2099816666666667, 103.813175], [1.2107933333333334, 103.81063666666667], [1.21145, 103.80897166666666], [1.211645, 103.808525]], "563034300": [[1.20895, 103.858065], [1.209255, 103.85836], [1.2094783333333334, 103.85858333333333], [1.2097266666666666, 103.85884], [1.2099733333333333, 103.85908], [1.210205, 103.85930166666667], [1.2104666666666666, 103.85954666666666], [1.2110083333333332, 103.86005666666667], [1.211265, 103.86029833333333], [1.2114983333333333, 103.86051], [1.2117866666666666, 103.86078166666667], [1.21202, 103.86100333333333], [1.212305, 103.86127833333333], [1.21283, 103.86172333333333], [1.2131366666666668, 103.861975], [1.2134033333333334, 103.86219833333334], [1.2136916666666666, 103.86242166666666], [1.213975, 103.86266], [1.21424, 103.86289666666667], [1.21452, 103.863135], [1.2147933333333334, 103.86337333333333], [1.2150633333333334, 103.86360666666667], [1.21533, 103.86381666666666], [1.215665, 103.86410833333333], [1.2159266666666666, 103.86431666666667], [1.2162216666666668, 103.86454833333333], [1.2165083333333333, 103.86477166666667], [1.217065, 103.86520333333333], [1.2174183333333333, 103.86548], [1.2176816666666668, 103.86569166666666], [1.2182633333333333, 103.86614833333333], [1.2188866666666667, 103.86666166666667], [1.2191066666666666, 103.86684666666666], [1.219705, 103.86730833333333], [1.2200583333333332, 103.867555], [1.2207283333333334, 103.86799833333333], [1.220995, 103.86815833333333], [1.2214, 103.86838333333333], [1.2224083333333333, 103.86889333333333], [1.2227416666666666, 103.86906833333333], [1.2230216666666667, 103.86921333333333], [1.223775, 103.86951], [1.2241716666666667, 103.86965833333333], [1.2245416666666666, 103.86979833333334], [1.2249166666666667, 103.86991666666667], [1.2252083333333332, 103.87000166666667], [1.2256316666666667, 103.870115], [1.22596, 103.870205], [1.2263566666666668, 103.87032166666667], [1.2271416666666666, 103.87052333333334], [1.2278983333333333, 103.870635], [1.228665, 103.87070666666666], [1.2294383333333334, 103.87073666666667], [1.2302033333333333, 103.87079], [1.23098, 103.87080166666667], [1.2317566666666666, 103.87076], [1.23211, 103.87071833333333], [1.23253, 103.87064666666667], [1.2328716666666666, 103.87058333333333], [1.2332966666666667, 103.87049666666667], [1.2336283333333333, 103.87042666666666], [1.23406, 103.87034], [1.23483, 103.87018], [1.2351733333333332, 103.87010166666667], [1.2355433333333334, 103.87000166666667], [1.2359216666666666, 103.869905], [1.23632, 103.86974833333333], [1.2366566666666667, 103.86964], [1.2370633333333334, 103.86948666666666], [1.2377633333333333, 103.86919833333333], [1.2381266666666666, 103.86904], [1.23853, 103.86885833333334], [1.239245, 103.86856666666667], [1.239915, 103.86824166666666], [1.24063, 103.86780833333333], [1.24126, 103.86732833333333], [1.241565, 103.86706833333334], [1.2418333333333333, 103.86682666666667], [1.2424466666666667, 103.86626166666667], [1.2430316666666668, 103.86570666666667], [1.24359, 103.86518166666667], [1.243855, 103.86487], [1.2441316666666666, 103.86450166666667], [1.24461, 103.86388666666667], [1.2448466666666667, 103.86355333333333], [1.2450633333333334, 103.86321833333334], [1.245265, 103.86292833333333], [1.24553, 103.86255333333334], [1.2459983333333333, 103.861865], [1.2462433333333334, 103.86153666666667], [1.24645, 103.861235], [1.2469333333333332, 103.86050666666667], [1.2474016666666667, 103.85983833333333], [1.24763, 103.85948166666667], [1.24786, 103.859125], [1.2483233333333332, 103.85844166666666], [1.248825, 103.85775333333333], [1.2490733333333333, 103.857405], [1.2493033333333334, 103.85704666666666], [1.2495333333333334, 103.85674], [1.2498383333333334, 103.85638833333333], [1.2503566666666666, 103.85578166666667], [1.2509, 103.85517333333334], [1.2514333333333334, 103.854575], [1.25196, 103.853985], [1.25223, 103.85369333333334], [1.2524833333333334, 103.85341333333334], [1.2529716666666666, 103.85282333333333], [1.25343, 103.85228333333333], [1.2536316666666667, 103.85206166666667], [1.2538616666666667, 103.851815], [1.254275, 103.85139666666667], [1.2546383333333333, 103.85099], [1.2547916666666667, 103.85081], [1.254975, 103.85059], [1.25529, 103.85025666666667], [1.255575, 103.84995833333333], [1.2563216666666666, 103.84910833333333], [1.2564966666666666, 103.84883166666667], [1.2566466666666667, 103.84857166666667], [1.2568216666666667, 103.84832], [1.2569, 103.848215], [1.256995, 103.84811166666667], [1.25715, 103.84793833333333], [1.2573016666666668, 103.84774833333333], [1.25743, 103.84754833333334], [1.2576233333333333, 103.8472], [1.2578166666666666, 103.846795], [1.2578983333333333, 103.84665833333334], [1.2579616666666666, 103.84646833333333], [1.2580066666666667, 103.846315]], "525015675": [[1.2115183333333333, 103.84777166666667], [1.2118166666666668, 103.84992666666666], [1.21223, 103.85215666666667], [1.2126333333333332, 103.85411166666667], [1.2129383333333332, 103.855095], [1.2132416666666668, 103.856045], [1.2136116666666668, 103.85708166666667], [1.21426, 103.858945], [1.2154916666666666, 103.863015], [1.2159216666666666, 103.86402333333334], [1.21693, 103.86822666666667], [1.2173183333333333, 103.87046166666667], [1.2177733333333334, 103.872845], [1.2182466666666667, 103.87478333333334], [1.2214066666666668, 103.88603333333333], [1.2219983333333333, 103.88831666666667], [1.2288, 103.910445]],