{"563537000": [[1.2124416666666666, 103.86189666666667], [1.2122933333333332, 103.861625], [1.212115, 103.86129], [1.2119583333333332, 103.86098333333334], [1.2118016666666667, 103.860685], [1.21163, 103.86039666666667], [1.2114516666666666, 103.86011666666667], [1.211275, 103.85983833333333], [1.2111116666666666, 103.85956], [1.2109466666666666, 103.85927166666667], [1.2107866666666667, 103.85898], [1.21063, 103.85869166666667], [1.2104766666666666, 103.85839833333333], [1.210315, 103.85810833333333], [1.2101366666666666, 103.85783166666667], [1.209945, 103.85756666666667], [1.2097783333333334, 103.85734333333333], [1.2095616666666666, 103.85706], [1.209375, 103.85680666666667], [1.20917, 103.856545], [1.2089633333333334, 103.85629666666667], [1.2087983333333334, 103.85607333333333], [1.2087666666666668, 103.856025], [1.2087333333333334, 103.85597333333334], [1.2086733333333333, 103.85587166666667], [1.2086466666666666, 103.85582], [1.2085916666666667, 103.85571833333333], [1.2085533333333334, 103.855645], [1.208455, 103.855465], [1.2083883333333334, 103.85531], [1.2083466666666667, 103.85523333333333], [1.208255, 103.855025], [1.2081466666666667, 103.85476166666666], [1.2080466666666667, 103.85452666666667], [1.2079366666666667, 103.85426333333334], [1.207725, 103.85372666666666], [1.2076283333333333, 103.85342], [1.207545, 103.85314166666667], [1.2074683333333334, 103.85290166666667], [1.207395, 103.85263166666667], [1.2072916666666667, 103.85209166666667], [1.2072433333333332, 103.85178833333333], [1.207195, 103.85151166666667], [1.2071083333333332, 103.85096833333333], [1.207005, 103.85037333333334], [1.2069016666666668, 103.849745]], "566680000": [[1.215415, 103.86304], [1.21528, 103.86278166666666], [1.21514, 103.86252833333333], [1.2150133333333333, 103.8623], [1.21471, 103.861775], [1.214565, 103.86153166666666], [1.214265, 103.86105166666667], [1.214135, 103.860835], [1.213665, 103.86009166666666], [1.21334, 103.85962166666667], [1.21319, 103.85941333333334], [1.21268, 103.858715], [1.2125216666666667, 103.85849333333333], [1.212365, 103.85827666666667], [1.2122266666666666, 103.85807833333334], [1.212075, 103.85786666666667], [1.2117683333333333, 103.85740833333334], [1.21145, 103.857], [1.2112933333333333, 103.85682666666666], [1.2110916666666667, 103.85663166666667], [1.2107366666666666, 103.85627833333334], [1.2103983333333332, 103.855915], [1.2100816666666667, 103.85556333333334], [1.209805, 103.85521666666666], [1.2095866666666666, 103.854865], [1.209495, 103.854705], [1.2093916666666666, 103.85451], [1.2092216666666666, 103.85414833333333], [1.209065, 103.85378], [1.20891, 103.85341166666667], [1.2087533333333333, 103.85305333333334], [1.2085916666666667, 103.8527], [1.2084216666666667, 103.85234666666666], [1.208295, 103.85198666666666], [1.20818, 103.85164], [1.20809, 103.85128166666667], [1.2080616666666666, 103.85110666666667], [1.2080266666666666, 103.8509], [1.207995, 103.85073166666666], [1.2079533333333334, 103.85052333333333], [1.207885, 103.85014166666667], [1.2078383333333333, 103.84994833333333], [1.2078016666666667, 103.84972666666667], [1.2077766666666667, 103.84954666666667], [1.2077383333333334, 103.84932666666667], [1.20768, 103.848945], [1.207645, 103.84874833333333], [1.2076083333333334, 103.84852833333333], [1.2075783333333334, 103.84835333333334], [1.2075483333333332, 103.84813333333334], [1.2075033333333334, 103.84775333333333], [1.2074916666666666, 103.84754833333334], [1.2074716666666667, 103.84733], [1.2074583333333333, 103.84714666666666], [1.20745, 103.84693166666666], [1.20744, 103.846565], [1.207435, 103.846375], [1.20743, 103.846165], [1.2074266666666666, 103.84599333333334], [1.207425, 103.84577666666667], [1.2074216666666666, 103.84540333333334], [1.2074266666666666, 103.84518833333334], [1.2074183333333333, 103.84480666666667], [1.2074083333333334, 103.84460166666666], [1.2074033333333334, 103.84425333333333], [1.2074433333333334, 103.84366333333334], [1.2074516666666666, 103.843295], [1.20747, 103.84288833333333], [1.2074816666666666, 103.84268166666666], [1.2074916666666666, 103.84251666666667], [1.2075033333333334, 103.84231166666666], [1.207515, 103.84216], [1.2075333333333333, 103.84194666666667], [1.2075516666666666, 103.841755], [1.2075716666666667, 103.84154333333333], [1.2076066666666667, 103.84115166666666], [1.2076133333333334, 103.840995], [1.2076316666666667, 103.84076666666667], [1.207635, 103.84057], [1.2076383333333334, 103.840355], [1.20765, 103.83995666666667], [1.2076733333333334, 103.839375], [1.20768, 103.83915833333333], [1.2077016666666667, 103.83838833333333], [1.2077166666666668, 103.83817166666667], [1.2077333333333333, 103.83794666666667], [1.2077883333333332, 103.83696333333333], [1.207795, 103.836745], [1.2078533333333332, 103.83575166666667], [1.2079683333333333, 103.834505], [1.2079816666666667, 103.834275], [1.208065, 103.83324], [1.2081183333333334, 103.83279166666667], [1.2081916666666668, 103.83218666666667], [1.2082166666666667, 103.83197666666666], [1.2082766666666667, 103.83153166666666], [1.2083583333333334, 103.83091], [1.208385, 103.83069333333333], [1.20842, 103.83046], [1.2084516666666667, 103.830245], [1.2085683333333332, 103.829605], [1.2086166666666667, 103.82936166666667], [1.2086616666666667, 103.82914666666667], [1.2087083333333333, 103.82893], [1.2089233333333333, 103.82805], [1.20898, 103.82782666666667], [1.2090416666666666, 103.82760166666667], [1.2092983333333334, 103.82671], [1.2094316666666667, 103.82628833333334], [1.209565, 103.82584333333334], [1.2096966666666666, 103.82536166666667], [1.2097566666666666, 103.82513333333333], [1.2098166666666668, 103.82493], [1.2103083333333333, 103.82312], [1.2104383333333333, 103.82263333333333], [1.21057, 103.82220333333333], [1.2106366666666666, 103.82195666666667], [1.21082, 103.82125833333333], [1.2110466666666666, 103.82032666666667], [1.211185, 103.81983166666667], [1.2114233333333333, 103.81893166666667], [1.21161, 103.81846166666666], [1.2117083333333334, 103.81827166666666], [1.21207, 103.81766666666667], [1.2125866666666667, 103.816865], [1.2128533333333333, 103.81647166666667], [1.2131483333333333, 103.81605333333333], [1.2132783333333332, 103.815875], [1.2134166666666666, 103.81567666666666], [1.2137166666666668, 103.81529666666667], [1.2138733333333334, 103.81511], [1.2140566666666666, 103.81491166666666], [1.214755, 103.81426333333333], [1.2151616666666667, 103.81393], [1.2153383333333334, 103.81379333333334], [1.2155366666666667, 103.813645], [1.2159383333333333, 103.81335166666666], [1.2167716666666666, 103.81278]],