{"563067320": [[1.212445, 103.84705833333334], [1.2124333333333333, 103.847045], [1.2124383333333333, 103.84705], [1.2124383333333333, 103.84705166666667], [1.21244, 103.84703], [1.2124433333333333, 103.84703166666667], [1.212445, 103.84703], [1.21245, 103.84702166666666], [1.2124383333333333, 103.84702333333334]], "566105000": [[1.2168866666666667, 103.86293666666667], [1.2166883333333334, 103.86262166666667], [1.2164933333333334, 103.862305], [1.2162966666666666, 103.86199], [1.215895, 103.86132], [1.215525, 103.86070166666667], [1.2151483333333333, 103.86007666666667], [1.2149033333333332, 103.85968666666666], [1.2147066666666666, 103.85935833333333], [1.214335, 103.85874166666666], [1.2141416666666667, 103.85841666666667], [1.2139666666666666, 103.85812666666666], [1.213545, 103.857415], [1.2133633333333333, 103.85713166666666], [1.213165, 103.856805], [1.2129683333333334, 103.85648166666667], [1.2127933333333334, 103.85619166666666], [1.2125616666666668, 103.85580333333333], [1.212365, 103.85548166666666], [1.212, 103.85487833333333], [1.2117866666666666, 103.85452333333333], [1.21163, 103.854265], [1.211185, 103.85356666666667], [1.2110333333333334, 103.853305], [1.21083, 103.85294333333333], [1.2106183333333334, 103.852585], [1.2104633333333332, 103.85233], [1.2102616666666666, 103.85196833333333], [1.210075, 103.85159833333333], [1.2099366666666667, 103.85132666666667], [1.20974, 103.85096333333334], [1.2095533333333333, 103.85060333333334], [1.2093383333333334, 103.85005833333334], [1.209305, 103.84995333333333], [1.209195, 103.8496], [1.2090966666666667, 103.84928166666667], [1.208975, 103.84889333333334], [1.2088533333333333, 103.84850666666667], [1.208755, 103.84822833333334], [1.2086383333333333, 103.84784333333333], [1.2085633333333334, 103.84748666666667], [1.2085033333333333, 103.84716], [1.208425, 103.84676166666667], [1.2083533333333334, 103.84639666666666], [1.2082066666666667, 103.84566333333333], [1.208135, 103.84527333333334], [1.20806, 103.84490833333334], [1.2079883333333334, 103.84401166666666], [1.20803, 103.843085], [1.2080616666666666, 103.84262], [1.2080966666666666, 103.84219666666667], [1.2081416666666667, 103.84167166666667], [1.2082666666666666, 103.84020833333334], [1.208365, 103.83825666666667], [1.2084583333333334, 103.83682166666667], [1.2084966666666668, 103.83631166666666], [1.2085216666666667, 103.83591333333334], [1.208555, 103.83548166666667], [1.20867, 103.83379833333333], [1.2087333333333334, 103.83310666666667], [1.2087766666666666, 103.83286833333334], [1.20885, 103.832575], [1.209075, 103.83201333333334], [1.209165, 103.8318], [1.2092983333333334, 103.83152666666666], [1.2094566666666666, 103.83123], [1.2102166666666667, 103.83013166666667], [1.2105066666666666, 103.82959833333334], [1.2107516666666667, 103.82928], [1.210835, 103.82919833333334], [1.211055, 103.82903], [1.2112066666666668, 103.82895833333333], [1.21143, 103.82889833333333], [1.21149, 103.82888666666666], [1.2117883333333332, 103.82882166666667], [1.212005, 103.82877166666667], [1.2130583333333333, 103.82856833333334], [1.2134216666666666, 103.82850166666667], [1.213755, 103.82845], [1.214125, 103.82837833333333], [1.2156583333333333, 103.82809666666667], [1.215995, 103.82803666666666], [1.2163533333333334, 103.82796166666667], [1.2167983333333334, 103.82783833333333], [1.2169283333333334, 103.827795], [1.2172083333333332, 103.82768], [1.217425, 103.82758], [1.2176616666666666, 103.82745333333334], [1.2179933333333333, 103.82723333333334], [1.2181666666666666, 103.82709166666666], [1.218335, 103.82694166666667], [1.2184666666666666, 103.826805], [1.21875, 103.82651], [1.21891, 103.826315], [1.21904, 103.82614166666667], [1.2191983333333334, 103.82592], [1.2193816666666666, 103.82566833333334], [1.2201433333333334, 103.82462], [1.2205183333333334, 103.82409333333334], [1.2210816666666666, 103.82329833333333], [1.2216383333333334, 103.822505], [1.2225833333333334, 103.821195], [1.2228016666666666, 103.82089666666667], [1.2235566666666666, 103.81982833333333], [1.2239366666666667, 103.81928833333333], [1.2260366666666667, 103.81673], [1.2264616666666666, 103.81621666666666], [1.2274116666666666, 103.81528166666666], [1.2279333333333333, 103.814875], [1.228985, 103.81405833333334], [1.2295016666666667, 103.81364666666667], [1.236255, 103.80937833333333], [1.2373366666666668, 103.80876]],