{"563006520": [[1.2164966666666666, 103.86279166666667], [1.216355, 103.86255666666666], [1.216165, 103.862245], [1.21602, 103.86201166666666], [1.2158566666666666, 103.861755], [1.2156933333333333, 103.86149833333333], [1.2155233333333333, 103.86124666666667], [1.215365, 103.86102166666667], [1.215155, 103.860725], [1.2150016666666668, 103.86050333333333], [1.2148266666666667, 103.86025833333333], [1.2146533333333334, 103.86001333333333], [1.2144816666666667, 103.85976666666667], [1.21433, 103.85954666666666], [1.21416, 103.85931], [1.2139683333333333, 103.85903666666667], [1.2137983333333333, 103.85879], [1.213625, 103.85853833333333], [1.2134483333333332, 103.85828666666667], [1.2132983333333334, 103.85806166666667], [1.213125, 103.85781833333333], [1.2129166666666666, 103.85756666666667], [1.212735, 103.857335], [1.21237, 103.856875], [1.2117633333333333, 103.85623666666666], [1.2115633333333333, 103.856015], [1.211015, 103.855415], [1.21083, 103.85520666666666], [1.21063, 103.855005], [1.2103916666666668, 103.85478666666667], [1.210185, 103.85458166666666], [1.2096983333333333, 103.85397333333333], [1.20956, 103.85375], [1.209405, 103.85350833333334], [1.2091666666666667, 103.85305333333334], [1.2090783333333333, 103.852845], [1.20899, 103.85262], [1.2089016666666668, 103.85239166666666], [1.2086383333333333, 103.851675], [1.2085766666666666, 103.85145666666666], [1.2085266666666667, 103.85121666666667], [1.20848, 103.85098], [1.2084366666666666, 103.85074333333333], [1.2083833333333334, 103.85047833333333], [1.208335, 103.850235], [1.2082933333333334, 103.84999], [1.2082083333333333, 103.84952333333334], [1.20816, 103.84927], [1.2080733333333333, 103.84873], [1.2080366666666666, 103.84847666666667], [1.2079933333333333, 103.84822], [1.20792, 103.84773166666666], [1.2079266666666666, 103.84742833333334], [1.207945, 103.84694], [1.20798, 103.84644333333334], [1.2079966666666666, 103.84619166666667], [1.2080066666666667, 103.84589], [1.2080033333333333, 103.84566]], "564735000": [[1.2149216666666667, 103.86286166666666], [1.2147466666666666, 103.86257833333333], [1.2144566666666667, 103.862085], [1.2141433333333334, 103.861535], [1.214015, 103.8613], [1.21386, 103.86101166666667], [1.2137233333333333, 103.86074833333333], [1.2133316666666667, 103.85995666666666], [1.213045, 103.85944166666667], [1.2129, 103.85918833333334], [1.2127666666666668, 103.85896333333334], [1.2126, 103.85868833333333], [1.21244, 103.858445], [1.21229, 103.85823166666667], [1.212115, 103.85796833333333], [1.2119516666666668, 103.857735], [1.2118083333333334, 103.85752333333333], [1.2116416666666667, 103.857265], [1.2115133333333334, 103.85701833333333], [1.2114033333333334, 103.856795], [1.2112833333333333, 103.856515], [1.211185, 103.85626166666667], [1.2111033333333334, 103.85603], [1.2110016666666668, 103.85574666666666], [1.2109133333333333, 103.85548833333333], [1.2108333333333334, 103.855255], [1.2107266666666667, 103.85497166666667], [1.2106216666666667, 103.854715], [1.2105133333333333, 103.85449], [1.2103766666666667, 103.85424333333333], [1.2102066666666667, 103.85398], [1.2100533333333334, 103.85377], [1.20984, 103.85353166666667], [1.20961, 103.853345], [1.2093816666666666, 103.85320333333334], [1.2086166666666667, 103.85274833333334], [1.208165, 103.85237], [1.2079716666666667, 103.85218], [1.2076316666666667, 103.85177666666667], [1.2070566666666667, 103.85090666666666], [1.2068716666666666, 103.850425], [1.2066616666666667, 103.84942166666667], [1.2065933333333334, 103.848905], [1.206445, 103.84785], [1.206335, 103.84732166666667], [1.206115, 103.84629166666667], [1.2060216666666668, 103.84578166666667], [1.2059183333333334, 103.84474166666666], [1.2058916666666666, 103.844265], [1.2058883333333332, 103.843225], [1.205895, 103.84297166666667], [1.2059016666666666, 103.84274333333333], [1.2059616666666666, 103.841705], [1.2059883333333334, 103.84122166666667], [1.206035, 103.83969], [1.2061, 103.83834333333333], [1.2061116666666667, 103.83813333333333], [1.2061566666666668, 103.83755833333333], [1.2061933333333332, 103.83705166666667], [1.2062133333333334, 103.83678666666667], [1.206235, 103.83657333333333], [1.2063133333333333, 103.83598833333333], [1.2064, 103.83546333333334], [1.2064483333333333, 103.83520333333334], [1.2066383333333333, 103.83442], [1.2067733333333333, 103.83389666666666], [1.20684, 103.83363166666666], [1.2070516666666666, 103.83283833333333], [1.207585, 103.83130166666666], [1.2077133333333334, 103.83080333333334], [1.2079583333333332, 103.82968166666667], [1.2080933333333332, 103.82915333333334], [1.2082733333333333, 103.82858666666667], [1.2084716666666666, 103.82805166666667], [1.208695, 103.82755], [1.208965, 103.82699833333334], [1.20908, 103.82676166666667], [1.2092183333333333, 103.82647], [1.2094516666666666, 103.82596166666667], [1.20995, 103.82488], [1.2101883333333334, 103.824335]], "566163000": [[1.21479, 103.86270333333333], [1.2144583333333334, 103.86206], [1.2143066666666666, 103.861775], [1.2141266666666666, 103.86143166666666], [1.2139783333333334, 103.861155], [1.21379, 103.86081166666666], [1.21347, 103.86022166666666], [1.2133, 103.85991166666666], [1.21312, 103.85957166666667], [1.21297, 103.85929333333333], [1.2127916666666667, 103.85895166666667], [1.21248, 103.85837333333333], [1.2123133333333334, 103.858075], [1.2121333333333333, 103.85774333333333], [1.2119883333333332, 103.85748166666667], [1.211815, 103.85715], [1.2115283333333333, 103.85657833333333], [1.2113816666666666, 103.85627333333333], [1.211225, 103.85594], [1.2111033333333334, 103.85566666666666], [1.2109716666666666, 103.85533166666667], [1.21076, 103.85474333333333], [1.2106433333333333, 103.85439833333334], [1.210545, 103.85408666666666], [1.2104566666666667, 103.8538], [1.2101583333333332, 103.852845], [1.209985, 103.85216666666666], [1.20992, 103.85187666666667], [1.2097, 103.85091833333334], [1.209525, 103.85026333333333], [1.2092783333333332, 103.84937], [1.2091916666666667, 103.84906166666667], [1.2091016666666667, 103.84872], [1.2090266666666667, 103.84844333333334], [1.2087616666666667, 103.84749833333333], [1.2086883333333334, 103.84717666666667], [1.2085333333333332, 103.845525], [1.20853, 103.84522833333334], [1.208535, 103.844855], [1.20854, 103.84454833333334], [1.2085466666666667, 103.84347666666666], [1.20854, 103.843165], [1.2085333333333332, 103.84278333333333], [1.2085266666666667, 103.84247166666667], [1.2084983333333332, 103.84141166666667], [1.20849, 103.841105], [1.2084716666666666, 103.84042333333333], [1.2084483333333333, 103.83974], [1.2084266666666668, 103.83905833333333], [1.2084016666666666, 103.83838166666666], [1.2083533333333334, 103.837715], [1.2083266666666668, 103.83705666666667], [1.2083183333333334, 103.83640166666666], [1.2083566666666667, 103.83573833333334], [1.2083883333333334, 103.83537833333334], [1.2084183333333334, 103.83508166666667], [1.2084866666666667, 103.83442833333334], [1.208555, 103.83377], [1.2085866666666667, 103.83340666666666], [1.2086833333333333, 103.832415], [1.2087466666666666, 103.83178333333333], [1.2087833333333333, 103.831415], [1.2088783333333333, 103.83040333333334], [1.2089416666666666, 103.82975], [1.2092216666666666, 103.82765833333333], [1.209565, 103.82625166666666], [1.2097466666666667, 103.82560166666667], [1.2103083333333333, 103.823865], [1.2104216666666667, 103.82352166666666], [1.2108666666666668, 103.82217], [1.2111133333333333, 103.82144166666667], [1.2113366666666667, 103.82073666666666], [1.21153, 103.82006], [1.2117466666666667, 103.81930666666666], [1.2119466666666667, 103.81858666666666], [1.213385, 103.81346166666667], [1.2135966666666667, 103.81266], [1.2139933333333333, 103.81117833333333], [1.2142166666666667, 103.81036833333333], [1.2146616666666668, 103.80887], [1.2147883333333334, 103.80845166666667], [1.21533, 103.806015], [1.2156066666666667, 103.80532], [1.2198583333333333, 103.80101833333333]],