{"563033480": [[1.212295, 103.86114333333333], [1.2112016666666667, 103.85887], [1.210975, 103.85843333333334], [1.2105366666666666, 103.857735], [1.2099516666666668, 103.85599666666667], [1.2097866666666666, 103.85554666666667], [1.209315, 103.85463], [1.2090933333333334, 103.85414333333334], [1.2085516666666667, 103.85264666666667], [1.208415, 103.85214333333333], [1.2080733333333333, 103.85109333333334], [1.2078666666666666, 103.850625], [1.2075716666666667, 103.85004166666667], [1.2070883333333333, 103.849015], [1.206615, 103.847925], [1.2064066666666666, 103.84748333333333], [1.205745, 103.84601666666667], [1.2052466666666666, 103.84443333333333], [1.2051566666666667, 103.84394166666667]], "351663000": [[1.214475, 103.86193833333333], [1.2143083333333333, 103.86156333333334], [1.2140916666666666, 103.8611], [1.2138783333333334, 103.86063166666666], [1.2132583333333333, 103.859175], [1.2130866666666666, 103.858745], [1.2128933333333334, 103.858285], [1.2126766666666666, 103.85783166666667], [1.21196, 103.85640666666667], [1.2117083333333334, 103.855965], [1.2114583333333333, 103.85551833333334], [1.2107, 103.85420666666667], [1.2104683333333333, 103.8537], [1.2102933333333334, 103.85331], [1.2101283333333333, 103.85291333333333], [1.2098, 103.852075], [1.2096833333333334, 103.85158833333334], [1.20958, 103.85115], [1.2094766666666668, 103.85072], [1.209185, 103.84948833333333], [1.209075, 103.848975], [1.20898, 103.848555], [1.2089016666666668, 103.848175], [1.208635, 103.84695333333333], [1.2085266666666667, 103.84649333333333], [1.2084383333333333, 103.846115], [1.2083283333333332, 103.84566166666667], [1.2081, 103.84442166666666], [1.2080183333333334, 103.84396666666666], [1.2079566666666666, 103.84363333333333], [1.2078733333333334, 103.84312666666666], [1.2076616666666666, 103.84179833333333], [1.2075966666666667, 103.84140833333333], [1.207535, 103.84101666666666], [1.20746, 103.84054166666667], [1.2073066666666668, 103.839745], [1.2072133333333332, 103.83927], [1.207045, 103.83844333333333], [1.2068416666666666, 103.83714833333333], [1.206735, 103.83622666666666], [1.206635, 103.83530166666667], [1.2065966666666668, 103.83480833333333], [1.206545, 103.83390833333333], [1.2065383333333333, 103.83353666666666], [1.2065366666666666, 103.83303666666667], [1.2065166666666667, 103.83263166666667], [1.206485, 103.83212666666667], [1.2064716666666666, 103.83172], [1.2064816666666667, 103.83121833333334], [1.206485, 103.83080666666666], [1.2065133333333333, 103.83032], [1.206525, 103.82987166666666], [1.2065683333333332, 103.82938666666666], [1.2066216666666667, 103.82899], [1.2067533333333333, 103.82812333333334], [1.2069183333333333, 103.82718333333334], [1.2070033333333334, 103.82668833333334], [1.20709, 103.82628166666667], [1.2071816666666666, 103.82583], [1.2073633333333333, 103.82492], [1.2074416666666667, 103.82451333333333], [1.20761, 103.82355333333334], [1.20796, 103.82169166666667], [1.2081316666666666, 103.82077666666666], [1.208355, 103.81938666666667], [1.20843, 103.81899], [1.208765, 103.81757666666667], [1.209, 103.81666], [1.20911, 103.81620666666667], [1.2093433333333334, 103.81525], [1.20967, 103.81394], [1.2100066666666667, 103.81249666666666], [1.2101283333333333, 103.81206333333333], [1.2103866666666667, 103.81121166666667], [1.2108366666666666, 103.80980333333333], [1.2113666666666667, 103.80854166666667], [1.21204, 103.80722833333333], [1.2125783333333333, 103.80650666666666], [1.213675, 103.80510666666666], [1.2141966666666666, 103.804465], [1.21534, 103.80307], [1.2158116666666667, 103.80249666666667], [1.2160633333333333, 103.802195], [1.21637, 103.80183], [1.216845, 103.80126333333334], [1.2178233333333333, 103.80012], [1.2182866666666667, 103.79955333333334], [1.218515, 103.799295], [1.2196166666666666, 103.797995], [1.21984, 103.79774166666667], [1.2200383333333333, 103.79753], [1.220255, 103.79730666666667], [1.2204716666666666, 103.79707666666667], [1.2208633333333334, 103.79666166666667], [1.221065, 103.79646333333334], [1.221265, 103.79626], [1.2214633333333333, 103.79604666666667], [1.22167, 103.79582], [1.2220566666666666, 103.79544833333334], [1.2222416666666667, 103.79526], [1.2228083333333333, 103.79473666666667], [1.2233416666666668, 103.794295], [1.2235066666666667, 103.79419333333334], [1.2237166666666666, 103.794075], [1.22388, 103.79397666666667], [1.22406, 103.79386833333334], [1.2242533333333334, 103.793755], [1.2244333333333333, 103.79366333333333], [1.2246083333333333, 103.793585], [1.2253116666666666, 103.79327333333333], [1.2254583333333333, 103.79321166666666], [1.2256083333333334, 103.79314833333333], [1.2257916666666666, 103.79307333333334], [1.2259383333333334, 103.79301333333333], [1.22627, 103.79289], [1.2264066666666666, 103.792835], [1.2265533333333334, 103.792775], [1.2266966666666668, 103.79271333333334], [1.2269983333333334, 103.792585], [1.227155, 103.792525], [1.22727, 103.79248833333334], [1.2274266666666667, 103.792435], [1.2275633333333333, 103.79238166666667], [1.2276916666666666, 103.79235], [1.2278233333333333, 103.792315], [1.2279933333333333, 103.792275], [1.2281066666666667, 103.79225], [1.2283933333333332, 103.792195], [1.228515, 103.79217], [1.2289166666666667, 103.79211], [1.22929, 103.792065], [1.2296533333333333, 103.79204333333334], [1.22989, 103.792025], [1.23001, 103.79202666666667], [1.2303516666666667, 103.79198], [1.23067, 103.79195], [1.2309833333333333, 103.79191666666667], [1.2311716666666668, 103.79189833333334], [1.23128, 103.79189], [1.2315866666666666, 103.79187166666667], [1.23243, 103.79170333333333], [1.2326583333333334, 103.79164], [1.232755, 103.79161333333333], [1.23284, 103.79158666666666], [1.2329516666666667, 103.79155], [1.2330616666666667, 103.79151333333333], [1.2332733333333334, 103.79146], [1.233355, 103.79142833333333], [1.2334266666666667, 103.79139833333333], [1.23355, 103.79136833333334], [1.2335916666666666, 103.79136], [1.2336266666666666, 103.79135666666667], [1.23365, 103.79136], [1.2336566666666666, 103.791375], [1.2336533333333333, 103.79139], [1.23363, 103.791415], [1.23356, 103.79149], [1.2334816666666666, 103.79154666666666], [1.233455, 103.79157666666667], [1.2333966666666667, 103.79164333333334], [1.233375, 103.79166833333333], [1.23324, 103.79193333333333], [1.2332483333333333, 103.79195833333333], [1.233285, 103.79207833333334], [1.233315, 103.79215666666667], [1.233405, 103.79224833333333], [1.23343, 103.79228666666667]],