{"525005341": [[1.213555, 103.86203333333333], [1.21298, 103.86064333333333], [1.212105, 103.85794166666666], [1.21068, 103.85418833333334], [1.20966, 103.85202], [1.2092166666666666, 103.850855], [1.20884, 103.84973166666667], [1.207895, 103.844865]], "525020108": [[1.21274, 103.86200333333333], [1.2127333333333334, 103.86175666666666], [1.212725, 103.86156833333334], [1.212705, 103.86136166666667], [1.2126783333333333, 103.861155], [1.2126483333333333, 103.86092666666667], [1.2126333333333332, 103.86073833333333], [1.2126283333333334, 103.86051166666667], [1.2126266666666667, 103.86033], [1.21262, 103.86012833333334], [1.2125983333333332, 103.85990666666666], [1.21258, 103.859705], [1.2125316666666666, 103.85931], [1.212445, 103.858695], [1.2124183333333334, 103.85848333333334], [1.21239, 103.85829333333334], [1.2122016666666666, 103.85746333333333], [1.212085, 103.85686166666666], [1.2120133333333334, 103.85644833333333], [1.2117233333333333, 103.85520166666667], [1.2116633333333333, 103.854995], [1.2116033333333334, 103.85481166666666], [1.2114683333333334, 103.85441], [1.2113516666666666, 103.854065], [1.2112933333333333, 103.85387833333333], [1.21123, 103.85369], [1.2111583333333333, 103.85350833333334], [1.2110683333333334, 103.85333333333334], [1.2109633333333334, 103.85316666666667], [1.2108733333333332, 103.85299666666667], [1.2107866666666667, 103.85284333333334], [1.2106866666666667, 103.85268166666667], [1.2105933333333334, 103.85252833333334], [1.210515, 103.85241166666667], [1.210425, 103.85225], [1.2103583333333334, 103.852105], [1.2102833333333334, 103.851965], [1.2101316666666666, 103.85168833333333], [1.2098366666666667, 103.85113166666666], [1.2097633333333333, 103.85098833333333], [1.2096916666666666, 103.85084666666667], [1.20962, 103.850705], [1.2095483333333332, 103.850565], [1.2094816666666666, 103.85042], [1.2094166666666666, 103.850275], [1.2093516666666666, 103.85012666666667], [1.2092683333333334, 103.84997833333334], [1.2091983333333334, 103.84982666666667], [1.2091233333333333, 103.84969166666667], [1.2090466666666666, 103.84953166666666], [1.2089783333333333, 103.84937666666667], [1.20891, 103.84922], [1.20885, 103.84905833333333], [1.2087966666666667, 103.84889666666666], [1.20874, 103.848735], [1.2086866666666667, 103.84858666666666], [1.2086283333333334, 103.848425], [1.2085583333333334, 103.848255], [1.20851, 103.84809166666666], [1.2084, 103.847775], [1.20831, 103.84745333333333], [1.2081383333333333, 103.84679166666666], [1.20777, 103.84527166666666], [1.20754, 103.844245], [1.20748, 103.84387333333333], [1.2074533333333333, 103.84353166666666], [1.2074383333333334, 103.84336333333333], [1.2074283333333333, 103.843195], [1.207425, 103.84302666666666], [1.2074266666666666, 103.84286666666667], [1.207445, 103.84254], [1.2074616666666667, 103.84237833333333], [1.2074766666666668, 103.84224833333333], [1.20749, 103.84204], [1.2075133333333334, 103.84188166666667], [1.20753, 103.84172333333333], [1.2075466666666668, 103.84156], [1.2075533333333333, 103.84137833333334], [1.2075783333333334, 103.84120666666666], [1.207615, 103.84105], [1.207635, 103.84089], [1.20766, 103.84073166666667], [1.207695, 103.84057], [1.207735, 103.84040666666667], [1.2077766666666667, 103.840245], [1.2078566666666666, 103.839935], [1.20794, 103.83961333333333], [1.208055, 103.83914166666666], [1.2087016666666666, 103.83631833333334], [1.2087466666666666, 103.83616333333333], [1.2087883333333334, 103.836025], [1.2088383333333332, 103.83586833333334], [1.2088816666666666, 103.83570833333333], [1.208965, 103.83539166666667], [1.2090433333333332, 103.83507833333333], [1.2090816666666666, 103.83491833333333], [1.2091183333333333, 103.83475833333334], [1.2091583333333333, 103.834425], [1.209215, 103.83410166666667], [1.2092816666666666, 103.83360166666667], [1.2093783333333334, 103.83311], [1.20941, 103.83294166666667], [1.20944, 103.83278], [1.20949, 103.83244166666667], [1.2095583333333333, 103.831955], [1.20958, 103.83178333333333], [1.2096116666666668, 103.83144166666666], [1.209775, 103.830245], [1.2098633333333333, 103.82972333333333]],