{"529728000": [[1.2112966666666667, 103.854385], [1.20743, 103.84257333333333], [1.2094916666666666, 103.83095], [1.2077066666666667, 103.82722833333334], [1.20749, 103.82580666666667], [1.21087, 103.82351333333334]], "563003930": [[1.2082216666666667, 103.85509333333333], [1.208395, 103.85534], [1.2085583333333334, 103.85555666666667], [1.2089166666666666, 103.855965], [1.2090766666666666, 103.85614333333334], [1.209245, 103.85634166666667], [1.2094283333333333, 103.85652833333333], [1.20964, 103.85671333333333], [1.209995, 103.85703666666667], [1.2101783333333334, 103.85720166666667], [1.2103666666666666, 103.85737333333333], [1.2110366666666668, 103.85810666666667], [1.2112033333333334, 103.858295], [1.2113666666666667, 103.85848166666666], [1.2120633333333333, 103.85921333333333], [1.212245, 103.85939833333333], [1.2124033333333333, 103.859565], [1.2129316666666667, 103.86020833333333], [1.2130683333333334, 103.86039833333334], [1.2132183333333333, 103.860605], [1.213355, 103.86079333333333], [1.2135216666666666, 103.861025], [1.2138233333333333, 103.86148], [1.2139566666666666, 103.86167], [1.21409, 103.86189], [1.2142033333333333, 103.86209166666667], [1.21456, 103.86280166666667], [1.21466, 103.86299333333334], [1.2147633333333334, 103.86322166666666], [1.2148216666666667, 103.863425], [1.214995, 103.864165], [1.2150333333333334, 103.86434], [1.2150766666666666, 103.86460166666667], [1.21512, 103.864805], [1.215325, 103.86552166666667], [1.215395, 103.86571166666667], [1.21549, 103.865945], [1.215675, 103.866375], [1.2158616666666666, 103.86680666666666], [1.2159533333333334, 103.86696833333333], [1.2160833333333334, 103.867135], [1.2162216666666668, 103.86728666666667], [1.2163833333333334, 103.86744666666667], [1.2165416666666666, 103.867615], [1.2166816666666667, 103.867765], [1.2167983333333334, 103.86788833333334], [1.2173766666666668, 103.86854833333334], [1.2175116666666668, 103.86870666666667], [1.2176183333333332, 103.868835], [1.21776, 103.86898833333333], [1.2180733333333333, 103.86930833333334], [1.218245, 103.86947166666667], [1.2183733333333333, 103.86961166666667], [1.2184983333333332, 103.869755], [1.2186383333333333, 103.869915], [1.2189233333333334, 103.870265], [1.2197366666666667, 103.871285], [1.2198816666666668, 103.87144666666667], [1.2201866666666668, 103.87173833333334], [1.220665, 103.87222], [1.2208233333333334, 103.87237166666667], [1.2209816666666666, 103.87251833333333], [1.221145, 103.87266333333334], [1.2213033333333334, 103.872785], [1.2215183333333333, 103.87295], [1.2216683333333334, 103.87308], [1.2218133333333334, 103.87325], [1.221975, 103.87339666666666], [1.22213, 103.87354833333333], [1.2222933333333332, 103.873675], [1.2225233333333334, 103.87383], [1.222685, 103.873955], [1.222885, 103.87408666666667], [1.2232583333333333, 103.87437333333334], [1.223635, 103.87469], [1.223795, 103.87483], [1.2239683333333333, 103.87499166666667], [1.224135, 103.87515666666667], [1.2242816666666667, 103.87532666666667], [1.2244466666666667, 103.87551166666667], [1.2246283333333334, 103.87569833333333], [1.224785, 103.87584666666666], [1.224965, 103.87600166666667], [1.2251733333333332, 103.87617166666666], [1.225335, 103.87631333333333], [1.2255233333333333, 103.87647333333334], [1.225725, 103.87664333333333], [1.226115, 103.87695166666667], [1.2263066666666667, 103.87710833333334], [1.226505, 103.87726333333333], [1.2266766666666666, 103.87741166666666], [1.226875, 103.87759833333334], [1.2270316666666667, 103.87775666666667], [1.227215, 103.87795833333334], [1.2273766666666666, 103.87814666666667], [1.2275383333333334, 103.87833666666667], [1.2278466666666668, 103.87872833333333], [1.22798, 103.878905], [1.2281583333333332, 103.87911833333334], [1.228325, 103.87930833333333], [1.2284966666666666, 103.87949833333333], [1.22865, 103.87966666666667], [1.2288416666666666, 103.879895], [1.2289966666666667, 103.88005833333334], [1.2291883333333333, 103.88029], [1.2293466666666666, 103.88048833333333], [1.22951, 103.88071166666667], [1.2296383333333334, 103.880895], [1.2297766666666667, 103.88108833333334], [1.2299316666666666, 103.88132666666667], [1.2300866666666668, 103.88156666666667], [1.230235, 103.88178666666667], [1.2303766666666667, 103.88201333333333], [1.2305166666666667, 103.88221], [1.230655, 103.882405], [1.230815, 103.88266], [1.2309766666666666, 103.88291833333334], [1.2311133333333333, 103.883135], [1.2313883333333333, 103.88357333333333], [1.2315233333333333, 103.88376666666667], [1.2316916666666666, 103.884025], [1.2318583333333333, 103.88428166666667], [1.2320083333333334, 103.88451166666667], [1.2321616666666666, 103.88473833333333], [1.2323, 103.88494], [1.2324533333333334, 103.88514166666667], [1.2326233333333334, 103.88536666666667], [1.2328083333333333, 103.885615], [1.2329983333333334, 103.88585333333333], [1.2331516666666666, 103.88605666666666], [1.2333333333333334, 103.88627833333334], [1.233485, 103.88648], [1.23367, 103.88669833333333], [1.2338783333333334, 103.886925], [1.234625, 103.88772833333333], [1.2348183333333334, 103.88793666666666], [1.2354466666666666, 103.88856666666666], [1.23583, 103.888955], [1.2360233333333333, 103.88916333333333], [1.2362316666666666, 103.88939833333333], [1.2365983333333332, 103.88984166666667], [1.2369566666666667, 103.89032], [1.2370966666666667, 103.89050166666667], [1.2372966666666667, 103.89074166666667], [1.2376583333333333, 103.89119666666667], [1.23785, 103.89140666666667], [1.2380633333333333, 103.89164333333333], [1.238445, 103.892035], [1.2390616666666667, 103.892645], [1.239285, 103.89286666666666], [1.23971, 103.89321166666667], [1.2403966666666666, 103.89372666666667], [1.2406533333333334, 103.89392333333333], [1.2410816666666666, 103.89426166666667], [1.242035, 103.89497333333334], [1.2422516666666668, 103.89512833333333], [1.2424766666666667, 103.89529666666667], [1.2429266666666667, 103.89566166666667], [1.2436066666666667, 103.896205], [1.2438416666666667, 103.89638], [1.2440683333333333, 103.89655833333333], [1.244285, 103.89673166666667], [1.2447983333333332, 103.89703166666666], [1.2453283333333334, 103.89719], [1.2458533333333333, 103.89731666666667], [1.2464466666666667, 103.89743], [1.246705, 103.89747166666666], [1.24702, 103.89752333333334]],