{"563010540": [[1.2168066666666666, 103.86197833333334], [1.2155633333333333, 103.86065833333333], [1.2145416666666666, 103.85910666666666], [1.2140666666666666, 103.85824333333333], [1.213585, 103.85749333333334], [1.2129516666666667, 103.85672333333333], [1.2123466666666667, 103.85603833333333], [1.21057, 103.85358], [1.2101766666666667, 103.85279833333334], [1.20975, 103.851835], [1.2093733333333334, 103.85088833333333], [1.2090883333333333, 103.84981166666667], [1.2088566666666667, 103.84884833333334], [1.2085083333333333, 103.84659666666667], [1.20707, 103.838295], [1.2068283333333334, 103.83066833333334]], "563009000": [[1.215415, 103.86248166666667], [1.2151216666666667, 103.86207333333333], [1.2149066666666666, 103.861775], [1.2146083333333333, 103.86136333333333], [1.21434, 103.86098166666666], [1.214075, 103.86059833333333], [1.2138233333333333, 103.860205], [1.21355, 103.85976666666667], [1.2133533333333333, 103.85944666666667], [1.213065, 103.85895666666667], [1.2128533333333333, 103.85858833333333], [1.2126183333333334, 103.858175], [1.2123766666666667, 103.85776166666666], [1.21211, 103.857305], [1.2119183333333334, 103.85696833333333], [1.2116233333333333, 103.85646666666666], [1.2114, 103.85609333333333], [1.2111316666666667, 103.85562666666667], [1.2109216666666667, 103.85523666666667], [1.210705, 103.8548], [1.21052, 103.854405], [1.2103016666666666, 103.85386666666666], [1.2101483333333334, 103.85345833333334], [1.2099783333333334, 103.85295333333333], [1.2097516666666666, 103.85225666666666], [1.2096883333333333, 103.85206833333334], [1.20964, 103.85192833333333], [1.2095416666666667, 103.85164666666667], [1.209385, 103.85122833333334], [1.20935, 103.851135], [1.2092966666666667, 103.850995], [1.2092216666666666, 103.85080666666667], [1.209185, 103.85071333333333], [1.2090366666666668, 103.850335], [1.2086633333333334, 103.84922333333333], [1.2085333333333332, 103.84878166666667], [1.208375, 103.84824], [1.2082383333333333, 103.84779833333333], [1.2078933333333333, 103.846785], [1.2077066666666667, 103.84630333333334], [1.2075, 103.845825], [1.20728, 103.845355], [1.20707, 103.84488166666667], [1.2068766666666666, 103.84435333333333], [1.2067483333333333, 103.84391333333333], [1.2065833333333333, 103.84311833333334], [1.20655, 103.842915], [1.2064733333333333, 103.84240666666666], [1.2064433333333333, 103.84220333333333], [1.2063933333333334, 103.8419], [1.206215, 103.840895], [1.20613, 103.8404], [1.2060683333333333, 103.83990333333334], [1.206015, 103.83940833333334], [1.20597, 103.838915], [1.2059383333333333, 103.83847333333334], [1.20592, 103.83793666666666], [1.2059116666666667, 103.83702], [1.205915, 103.83678166666667], [1.2059183333333334, 103.83668666666667], [1.2059283333333333, 103.83649833333334], [1.2059516666666668, 103.83602], [1.206035, 103.83503], [1.2060533333333334, 103.834745], [1.2060966666666666, 103.83413166666666], [1.20613, 103.83361666666667], [1.2061533333333334, 103.833145], [1.20619, 103.8322], [1.2062133333333334, 103.83187666666667], [1.206245, 103.8316], [1.206265, 103.83146666666667], [1.2062983333333333, 103.83128666666667], [1.2063466666666667, 103.831065], [1.206405, 103.83084833333334], [1.2064283333333334, 103.83076166666666], [1.2064783333333333, 103.83059], [1.2065433333333333, 103.83037666666667], [1.206595, 103.830205], [1.2066933333333334, 103.82985333333333], [1.20703, 103.82865833333334], [1.2072816666666666, 103.82776166666666], [1.2073883333333333, 103.82735666666666], [1.207515, 103.82686166666667], [1.2077333333333333, 103.825945], [1.2078316666666666, 103.82548666666666], [1.2079366666666667, 103.82502833333334], [1.2081316666666666, 103.82411333333333], [1.20832, 103.82321], [1.2087933333333334, 103.82143666666667], [1.2090516666666666, 103.82055833333334], [1.20933, 103.81974666666666], [1.20955, 103.81932], [1.209795, 103.81899], [1.2101316666666666, 103.81865166666667], [1.21037, 103.81843833333333], [1.21046, 103.81835666666667], [1.2109316666666667, 103.81789], [1.21153, 103.81724333333334], [1.2121016666666666, 103.816595], [1.212625, 103.81595166666666], [1.2131933333333333, 103.81522833333334], [1.213405, 103.814945], [1.21417, 103.81382333333333], [1.21474, 103.81312], [1.214945, 103.81290666666666], [1.2193783333333332, 103.80831166666667], [1.2201666666666666, 103.80737833333333], [1.22041, 103.80706166666667], [1.2209016666666668, 103.80650333333334], [1.221095, 103.80631166666667], [1.2212916666666667, 103.80612166666667], [1.22207, 103.80540666666667], [1.2235383333333334, 103.80423333333333], [1.223915, 103.80395833333333], [1.2252066666666668, 103.80273833333334], [1.2253216666666666, 103.802585], [1.22541, 103.80245666666667], [1.225675, 103.801905], [1.2257266666666666, 103.80169833333333], [1.2257166666666666, 103.80116666666666], [1.2256966666666667, 103.80109833333333], [1.225565, 103.80086166666666], [1.225535, 103.800815], [1.22544, 103.80069], [1.225275, 103.80055333333334], [1.22526, 103.80054166666666], [1.22525, 103.80053333333333], [1.2251066666666666, 103.80042166666667], [1.2250766666666666, 103.80041833333334], [1.22505, 103.80038], [1.2250516666666666, 103.80036666666666], [1.22507, 103.80034], [1.2250783333333333, 103.80032], [1.2251233333333333, 103.800225], [1.2251266666666667, 103.80017166666667], [1.2250816666666666, 103.79993], [1.2250733333333332, 103.79991666666666], [1.2250583333333334, 103.79990333333333], [1.2250416666666666, 103.79989], [1.2250133333333333, 103.79985833333333], [1.224965, 103.79981666666667], [1.2249133333333333, 103.79977], [1.2249116666666666, 103.799765], [1.224905, 103.79976], [1.2248933333333334, 103.79974166666666], [1.2248566666666667, 103.79972666666667], [1.224845, 103.79972833333333], [1.2248083333333333, 103.79972833333333], [1.2247983333333334, 103.799725], [1.2247833333333333, 103.79973666666666], [1.2247633333333334, 103.79973], [1.2247266666666667, 103.79974], [1.2246933333333334, 103.79973333333334], [1.2246933333333334, 103.79972666666667], [1.2246966666666668, 103.79972333333333], [1.2246866666666667, 103.79973333333334], [1.22468, 103.79973333333334], [1.2246816666666667, 103.79972666666667], [1.22464, 103.79969], [1.2246116666666667, 103.79962666666667], [1.2246266666666668, 103.799625], [1.2246733333333333, 103.79960666666666], [1.2247383333333333, 103.799665], [1.22476, 103.79968666666667], [1.22478, 103.79970666666667]], "256101000": [[1.2135683333333334, 103.86238833333333], [1.2132133333333333, 103.86177], [1.2127216666666667, 103.86084166666667], [1.2125633333333334, 103.86052666666667], [1.2122516666666667, 103.85988833333333], [1.2121, 103.859575], [1.2117833333333334, 103.85893], [1.21163, 103.85859833333333], [1.211325, 103.85791], [1.2111966666666667, 103.857615], [1.210885, 103.856935], [1.21075, 103.85664333333334], [1.2104583333333334, 103.85596166666667], [1.2103433333333333, 103.85566666666666], [1.21021, 103.855305], [1.2100883333333334, 103.85497333333333], [1.209985, 103.85467166666666], [1.2097516666666666, 103.85396], [1.2096516666666666, 103.85365166666666], [1.20953, 103.85327166666667], [1.20942, 103.85292666666666], [1.2093166666666666, 103.85261666666666], [1.209185, 103.85223333333333], [1.2090683333333334, 103.85188166666667], [1.2089666666666667, 103.851565]], "525012028": [[1.2089966666666667, 103.85474333333333], [1.2089983333333334, 103.8523], [1.2089766666666666, 103.84317], [1.2094766666666668, 103.83619166666666], [1.210885, 103.831815]],