{"477898700": [[1.2116833333333332, 103.86088333333333], [1.2114666666666667, 103.86023333333333], [1.2112833333333333, 103.85966666666667], [1.2109333333333334, 103.85861666666666], [1.2104, 103.85718333333334], [1.2101833333333334, 103.8565], [1.2093333333333334, 103.8539], [1.2084333333333332, 103.85026666666667], [1.2072333333333334, 103.84451666666666], [1.2066, 103.84136666666667], [1.2063, 103.83946666666667], [1.20595, 103.83588333333333], [1.2059166666666667, 103.83541666666666], [1.2058, 103.83236666666667], [1.2058166666666668, 103.8319], [1.2059333333333333, 103.82901666666666], [1.20595, 103.82856666666666], [1.206, 103.82798333333334], [1.2062166666666667, 103.82585], [1.2063, 103.82543333333334]], "566241000": [[1.21252, 103.85568833333333], [1.2123533333333334, 103.855305], [1.2121933333333332, 103.85493], [1.212025, 103.85454], [1.2115516666666666, 103.853365], [1.2113883333333333, 103.85291833333333], [1.2112566666666666, 103.85255], [1.2111166666666666, 103.85213666666667], [1.2108566666666667, 103.85125666666667], [1.2107566666666667, 103.85087666666666], [1.2106516666666667, 103.85040166666667], [1.2105683333333332, 103.850015], [1.2104883333333334, 103.84957166666666], [1.2103083333333333, 103.84821833333334], [1.2102666666666666, 103.84778166666666], [1.2102416666666667, 103.847335], [1.2101916666666668, 103.84687833333334], [1.2100866666666668, 103.84552333333333], [1.210055, 103.84507833333333], [1.2100266666666666, 103.84462333333333], [1.209755, 103.84284666666667], [1.2096833333333334, 103.84241666666667], [1.209605, 103.84197833333333], [1.209525, 103.841545], [1.2092883333333333, 103.84023666666667], [1.2092083333333334, 103.83979666666667], [1.209045, 103.83892333333333], [1.20881, 103.83767333333333], [1.20872, 103.83720166666667], [1.2086416666666666, 103.83677666666667], [1.2084966666666668, 103.835975], [1.2083583333333334, 103.835125], [1.2082133333333334, 103.83424166666667], [1.2081083333333333, 103.83345], [1.2080783333333334, 103.83315833333333], [1.2080533333333334, 103.83286333333334], [1.208045, 103.83261166666666], [1.2080666666666666, 103.83233666666666], [1.2081016666666666, 103.83201333333334], [1.2081166666666667, 103.83189333333333], [1.2081316666666666, 103.83177166666667], [1.2081466666666667, 103.83165333333334], [1.2082533333333334, 103.831025], [1.2084416666666666, 103.83026833333334], [1.2085533333333334, 103.82985166666667], [1.2086616666666667, 103.82947333333334], [1.2088633333333334, 103.82875666666666], [1.2089866666666667, 103.82834], [1.2090916666666667, 103.82799833333333], [1.2093333333333334, 103.82723666666666], [1.2094583333333333, 103.82686], [1.2095783333333334, 103.82647833333333], [1.2098333333333333, 103.82572166666667], [1.2100966666666666, 103.82497333333333], [1.2103866666666667, 103.82423833333333], [1.2106916666666667, 103.82350333333333], [1.2108716666666666, 103.82310333333334], [1.2110233333333333, 103.82279], [1.211705, 103.821385], [1.2120633333333333, 103.82072833333334], [1.2129983333333334, 103.81907833333334], [1.2131666666666667, 103.818795], [1.2133583333333333, 103.81848333333333], [1.213925, 103.81756], [1.2143, 103.81694333333333], [1.2149933333333334, 103.81571], [1.2151666666666667, 103.81537833333333], [1.21531, 103.815105], [1.2154616666666667, 103.8148], [1.2158966666666666, 103.81387833333334], [1.2161733333333333, 103.81326833333334], [1.2163183333333334, 103.81296833333333], [1.2167383333333333, 103.812025], [1.2173166666666666, 103.81082833333333], [1.2176116666666668, 103.81024], [1.2179066666666667, 103.80969166666667], [1.2185933333333334, 103.80849666666667], [1.2189183333333333, 103.80797666666666], [1.2196383333333334, 103.80683333333333], [1.2200033333333333, 103.80635], [1.2208933333333334, 103.80546], [1.221345, 103.805155], [1.2228933333333334, 103.80441833333333], [1.2240133333333334, 103.80408333333334], [1.22453, 103.803935], [1.2256633333333333, 103.80359166666666], [1.2261983333333333, 103.80341166666666], [1.2273366666666667, 103.80302], [1.227865, 103.80281166666667], [1.2289483333333333, 103.80225666666666], [1.2294383333333334, 103.80196666666667], [1.2308216666666667, 103.80085], [1.2316233333333333, 103.80003333333333], [1.2319833333333334, 103.79963333333333], [1.2323316666666666, 103.799245], [1.2326766666666666, 103.79886], [1.2328283333333334, 103.79868833333333], [1.2330083333333333, 103.79848], [1.2333266666666667, 103.7981], [1.2336383333333334, 103.79771833333334], [1.2337766666666667, 103.79754833333334], [1.2339416666666667, 103.79734166666667], [1.2342483333333334, 103.79696833333334], [1.234555, 103.796605], [1.2346883333333334, 103.79645], [1.234845, 103.79626166666667], [1.23536, 103.79561166666667], [1.235585, 103.79530666666666], [1.2357816666666666, 103.79500166666666], [1.2359533333333332, 103.79467666666666], [1.236005, 103.79458], [1.2360666666666666, 103.79447], [1.23614, 103.79436166666666], [1.2364266666666666, 103.79405166666666], [1.236555, 103.79394], [1.2366066666666666, 103.79390666666667], [1.23664, 103.79389166666667], [1.2367516666666667, 103.793815], [1.237055, 103.79358666666667], [1.2370783333333333, 103.79357166666667], [1.2372033333333334, 103.79347166666666], [1.2372233333333333, 103.79345333333333], [1.2372383333333334, 103.79344], [1.237265, 103.79341833333334], [1.2372983333333334, 103.79339166666666], [1.2373133333333333, 103.79338], [1.2375366666666667, 103.793225], [1.23757, 103.793205], [1.23762, 103.793185], [1.23769, 103.79315833333334], [1.2377983333333333, 103.79313833333333], [1.2378366666666667, 103.793135], [1.2378616666666666, 103.79314333333333], [1.2379583333333333, 103.79317], [1.2380216666666666, 103.793205], [1.2380833333333334, 103.79324166666666], [1.2384033333333333, 103.79357833333333], [1.238655, 103.79378833333334], [1.2388733333333333, 103.793825], [1.2389816666666666, 103.79382666666666], [1.2390783333333333, 103.79386666666667], [1.2391133333333333, 103.79388333333333], [1.2391316666666667, 103.79389166666667], [1.2391383333333332, 103.79389333333333], [1.23915, 103.79390166666667], [1.2392083333333332, 103.79395166666667], [1.2392116666666666, 103.79395833333334], [1.2392183333333333, 103.79396333333334], [1.2392283333333334, 103.793965], [1.239255, 103.793955], [1.23918, 103.79393], [1.238915, 103.79385], [1.2388433333333333, 103.793815], [1.2386983333333332, 103.793705], [1.2386266666666668, 103.79365166666666], [1.238485, 103.79354], [1.23844, 103.793465], [1.2383483333333334, 103.793235], [1.2382983333333333, 103.79311], [1.2382533333333334, 103.79297], [1.2382416666666667, 103.79290666666667], [1.238235, 103.79273], [1.2382383333333333, 103.79266333333334], [1.2382266666666666, 103.792545], [1.2382066666666667, 103.79247333333333], [1.2381983333333333, 103.792435], [1.2381683333333333, 103.79236833333333], [1.2381516666666668, 103.79233833333333], [1.2380866666666666, 103.79226833333334], [1.23807, 103.792255], [1.2380316666666666, 103.79223666666667], [1.238015, 103.79224666666667], [1.2379833333333334, 103.792305], [1.2379816666666668, 103.79232], [1.2379783333333334, 103.79234833333334], [1.2379733333333334, 103.79240333333334], [1.2379516666666666, 103.79254833333333], [1.2379733333333334, 103.79269666666667], [1.237975, 103.79283], [1.2380083333333334, 103.79307], [1.2380316666666666, 103.79317333333333], [1.2380766666666667, 103.79326333333333], [1.2380966666666666, 103.79333833333334], [1.238175, 103.79349166666667], [1.23821, 103.79353], [1.2384033333333333, 103.79354333333333], [1.2384333333333333, 103.793545], [1.2384883333333334, 103.79353333333333], [1.2385116666666667, 103.793525]],