{"563037860": [[1.2169066666666666, 103.85191], [1.2169166666666666, 103.85191], [1.21692, 103.85190666666666], [1.2169116666666666, 103.851905], [1.21691, 103.85192333333333], [1.216905, 103.85192166666667], [1.2169083333333333, 103.85191333333333], [1.216905, 103.85191833333333], [1.21691, 103.85191166666667], [1.21691, 103.85190166666666], [1.2169133333333333, 103.85190833333333], [1.216915, 103.8519], [1.21691, 103.85190166666666]], "564167000": [[1.2080883333333334, 103.85483], [1.20849, 103.855935], [1.2087583333333334, 103.85662166666667], [1.2089333333333334, 103.85701166666666], [1.209215, 103.85765], [1.2094233333333333, 103.85808], [1.209755, 103.85874166666666], [1.2099716666666667, 103.85911], [1.2103166666666667, 103.85971666666667], [1.2105633333333334, 103.86011], [1.2109316666666667, 103.86074833333333], [1.2111433333333332, 103.86110833333333], [1.2115033333333334, 103.86167833333333], [1.2117433333333334, 103.86205833333334], [1.2121, 103.862655], [1.2123216666666667, 103.86299666666666], [1.212525, 103.86330166666667], [1.2126933333333334, 103.86354833333333], [1.2129366666666668, 103.86392166666667], [1.2133283333333333, 103.86449], [1.2137616666666666, 103.86511333333333], [1.2139216666666666, 103.86534833333333], [1.2141316666666666, 103.86571333333333], [1.2143816666666667, 103.86630833333334], [1.21465, 103.86695666666667], [1.2147316666666668, 103.86721833333333], [1.2148483333333333, 103.86760666666666], [1.215035, 103.86822333333333], [1.2152483333333333, 103.86889833333333], [1.2153366666666667, 103.86915666666667], [1.215465, 103.86955], [1.2155766666666667, 103.86987666666667], [1.21567, 103.87017666666667], [1.2158983333333333, 103.87086833333333], [1.2159833333333334, 103.871135], [1.2162366666666666, 103.871815], [1.2163866666666667, 103.87211], [1.2165533333333334, 103.87240833333334], [1.2167333333333332, 103.87272833333333], [1.2170766666666666, 103.87331166666667], [1.217235, 103.87356666666666], [1.217415, 103.87385], [1.21826, 103.87495833333334], [1.2188233333333334, 103.87579333333333], [1.2190283333333334, 103.87611333333334], [1.2193483333333333, 103.87661166666666], [1.21953, 103.87681833333333], [1.2196233333333333, 103.87692166666666], [1.2197166666666666, 103.87702333333333], [1.219765, 103.87707666666667], [1.220095, 103.87742666666666], [1.2203583333333334, 103.87769833333333], [1.2208, 103.87818333333334], [1.2210383333333332, 103.87842666666667], [1.2212883333333333, 103.87866], [1.2215533333333333, 103.87888333333333], [1.2223166666666667, 103.87960666666666], [1.2225683333333333, 103.87986], [1.2228116666666666, 103.88011166666666], [1.2233116666666666, 103.88064166666666], [1.223775, 103.88111833333333], [1.2248383333333333, 103.882105], [1.22556, 103.88280333333333], [1.2268033333333332, 103.88407166666667], [1.2270533333333333, 103.88432], [1.2272833333333333, 103.88454833333333], [1.2278133333333334, 103.88509], [1.2280433333333334, 103.88532666666667], [1.22832, 103.885615], [1.2288033333333332, 103.88610833333334], [1.2295833333333333, 103.88689166666667], [1.229875, 103.88718166666666], [1.2301383333333333, 103.88745166666666], [1.230375, 103.88769333333333], [1.2309216666666667, 103.88827666666667], [1.231145, 103.88853], [1.23142, 103.88884666666667], [1.2316616666666667, 103.88913166666667], [1.2318733333333334, 103.88939666666667], [1.2323466666666667, 103.89001666666667], [1.2325533333333334, 103.890275], [1.2327883333333334, 103.890565], [1.2330516666666667, 103.890875], [1.2337866666666666, 103.89172], [1.2340016666666667, 103.89197833333333], [1.234245, 103.89226166666667], [1.2345033333333333, 103.89258], [1.2347366666666666, 103.89288333333333], [1.2351916666666667, 103.89347833333333], [1.2354083333333334, 103.89373166666667], [1.235655, 103.89401333333333], [1.2359016666666667, 103.89429833333334], [1.2361783333333334, 103.89461], [1.23669, 103.895165], [1.23692, 103.89542166666666], [1.23717, 103.89570666666667], [1.2374233333333333, 103.89598833333334], [1.237705, 103.896295], [1.2382066666666667, 103.89685666666666], [1.238435, 103.897115]],