{"211387390": [[1.213245, 103.86225166666667], [1.212995, 103.861685], [1.212795, 103.86125333333334], [1.2125616666666668, 103.86077], [1.212295, 103.860255], [1.2120783333333334, 103.85977], [1.2118766666666667, 103.85938666666667], [1.2115933333333333, 103.85882], [1.2113766666666668, 103.85838666666666], [1.2111266666666667, 103.85792], [1.2109266666666667, 103.85748833333334], [1.210645, 103.85692166666666], [1.210445, 103.85653833333333], [1.2101933333333332, 103.85602166666666], [1.209945, 103.85553833333333], [1.2097266666666666, 103.85512166666666], [1.2094783333333334, 103.854655], [1.20921, 103.85413833333334], [1.208745, 103.85318833333334], [1.2085133333333333, 103.852705], [1.2082966666666666, 103.85223833333333], [1.2081316666666666, 103.85180333333334], [1.207915, 103.85128833333333], [1.2077683333333333, 103.85083833333333], [1.207585, 103.85032166666667], [1.20747, 103.84982], [1.2073383333333334, 103.84937166666667], [1.2071233333333333, 103.84835333333334], [1.2070416666666666, 103.84787166666666], [1.2069583333333334, 103.84737166666666], [1.206875, 103.84688833333334], [1.2067933333333334, 103.846355]], "563030060": [[1.2124316666666666, 103.861615], [1.2123333333333333, 103.86116333333334], [1.2122383333333333, 103.86071666666666], [1.2121083333333333, 103.860285], [1.2119866666666668, 103.85985166666667], [1.2115983333333333, 103.85853833333333], [1.2114916666666666, 103.85810333333333], [1.211375, 103.85766333333333], [1.21089, 103.85595333333333], [1.21075, 103.85553333333333], [1.2103533333333334, 103.85426666666666], [1.2102233333333334, 103.85391833333334], [1.209945, 103.85301], [1.2097666666666667, 103.85216666666666], [1.20967, 103.85130666666667], [1.2094083333333334, 103.85009333333333], [1.20931, 103.849665], [1.2090533333333333, 103.84875833333334], [1.2089066666666666, 103.84833833333333], [1.20874, 103.84791166666666], [1.2086066666666666, 103.84748666666667], [1.2085166666666667, 103.84704666666667], [1.2083, 103.84571166666667], [1.208255, 103.84526833333334], [1.2082, 103.84446166666666], [1.2081416666666667, 103.84394333333333], [1.2081, 103.84359166666667], [1.208, 103.84312666666666], [1.2078766666666667, 103.84268833333333], [1.2077616666666666, 103.84224666666667], [1.2075433333333334, 103.84135333333333], [1.207465, 103.84091], [1.20734, 103.84009166666667], [1.207285, 103.83965], [1.2072216666666666, 103.83920666666667], [1.2071566666666667, 103.83867166666667], [1.2071083333333332, 103.83821166666667], [1.2070533333333333, 103.83774666666666], [1.20687, 103.83638166666667], [1.2067983333333334, 103.83554666666667], [1.2067383333333332, 103.83508166666667], [1.2066683333333332, 103.83462833333333], [1.2066183333333333, 103.834085], [1.2065283333333334, 103.83276166666667], [1.2063083333333333, 103.83045166666666], [1.20612, 103.82813833333333], [1.206035, 103.82576], [1.20588, 103.82379666666667], [1.2056816666666668, 103.82106833333333], [1.2055316666666667, 103.81911], [1.2061716666666666, 103.81471333333333], [1.204875, 103.80393], [1.2041833333333334, 103.80116833333334], [1.2038166666666668, 103.801035], [1.203755, 103.80103], [1.2035516666666666, 103.801085], [1.2037266666666666, 103.80176333333333], [1.2047366666666666, 103.80260333333334], [1.2060066666666667, 103.80364166666666], [1.20667, 103.80409166666666], [1.2077616666666666, 103.80458833333333], [1.2096983333333333, 103.80520833333334], [1.2110033333333334, 103.80555333333334], [1.2133566666666666, 103.80631166666667], [1.2147516666666667, 103.80666833333333], [1.21708, 103.80725666666666], [1.2184716666666666, 103.807675], [1.2202, 103.80834], [1.2210483333333333, 103.80895], [1.2225533333333334, 103.81021], [1.2237783333333334, 103.81100833333333], [1.22759, 103.81313166666666], [1.2310383333333332, 103.81492], [1.2326416666666666, 103.81723666666667], [1.23295, 103.81913833333333], [1.2330933333333334, 103.82009833333333]], "636015321": [[1.2144666666666666, 103.86238333333333], [1.21415, 103.86175], [1.2139833333333334, 103.86143333333334], [1.2137833333333334, 103.86103333333334], [1.2135833333333332, 103.86066666666666], [1.21325, 103.85996666666666], [1.2129, 103.8592], [1.21235, 103.85808333333334], [1.212, 103.85736666666666], [1.2118333333333333, 103.85698333333333], [1.2114, 103.85591666666667], [1.21125, 103.85551666666667], [1.2111166666666666, 103.85516666666666], [1.2108333333333334, 103.85445], [1.2105166666666667, 103.85368333333334], [1.2103666666666666, 103.85335], [1.2099, 103.85231666666667], [1.2097666666666667, 103.85201666666667], [1.2096333333333333, 103.85168333333333], [1.2094666666666667, 103.85123333333334], [1.2093833333333333, 103.851], [1.2093, 103.8507], [1.20915, 103.85028333333334], [1.2090833333333333, 103.85008333333333], [1.2090333333333334, 103.84998333333333], [1.2089166666666666, 103.84963333333333], [1.2087166666666667, 103.8489], [1.2084666666666666, 103.84778333333334], [1.2082833333333334, 103.84661666666666], [1.20815, 103.84595], [1.2080833333333334, 103.84545], [1.2079333333333333, 103.84425], [1.2078833333333334, 103.84311666666666], [1.2079166666666667, 103.8419], [1.20795, 103.84075], [1.2079833333333334, 103.8402], [1.208, 103.83965], [1.20805, 103.8389], [1.2080666666666666, 103.8384], [1.2081333333333333, 103.8372], [1.2081833333333334, 103.836], [1.2082166666666667, 103.83533333333334], [1.20825, 103.83476666666667], [1.2082833333333334, 103.83361666666667], [1.2083333333333333, 103.83245], [1.2083833333333334, 103.83178333333333], [1.2084, 103.83118333333333], [1.2085833333333333, 103.82888333333334], [1.2086666666666666, 103.8282], [1.2088, 103.8276], [1.2089333333333334, 103.82648333333333], [1.2091333333333334, 103.8253], [1.2092833333333333, 103.82456666666667], [1.2095666666666667, 103.8229], [1.2099666666666666, 103.8204], [1.2102166666666667, 103.81913333333334], [1.2105833333333333, 103.8173], [1.2107, 103.8167], [1.2117666666666667, 103.81313333333334], [1.2121166666666667, 103.81205], [1.21345, 103.80883333333334], [1.2137666666666667, 103.80785], [1.2149666666666668, 103.80503333333333], [1.2162333333333333, 103.80251666666666], [1.2174666666666667, 103.80023333333334], [1.2182, 103.79935], [1.2184833333333334, 103.79903333333333], [1.2190666666666667, 103.79833333333333], [1.2212, 103.796], [1.2228, 103.79423333333334], [1.2260166666666668, 103.79078333333334], [1.2265833333333334, 103.79031666666667]], "566601000": [[1.2180883333333334, 103.86176], [1.2178683333333333, 103.861495], [1.2175933333333333, 103.86117333333333], [1.2165616666666668, 103.85999166666667], [1.2149983333333334, 103.85818333333333], [1.2147966666666667, 103.85793833333334], [1.2135033333333334, 103.85630833333333], [1.213295, 103.85606333333334], [1.2119583333333332, 103.85448], [1.211775, 103.85420166666667]],