{"565996000": [[1.21501, 103.86294], [1.2148433333333333, 103.86266666666667], [1.2146933333333334, 103.86238666666667], [1.214555, 103.86211333333334], [1.2144116666666667, 103.86183333333334], [1.2141066666666667, 103.86124666666667], [1.2139766666666667, 103.86098666666666], [1.2138466666666667, 103.86069333333333], [1.2135966666666667, 103.86011333333333], [1.2133433333333334, 103.85949333333333], [1.2132483333333333, 103.85921333333333], [1.213145, 103.85890666666667], [1.21298, 103.85830666666666], [1.2127616666666667, 103.85766666666666], [1.212175, 103.85661333333333], [1.21179, 103.85607333333333], [1.2110216666666667, 103.85508], [1.210795, 103.85480666666666], [1.210605, 103.85454666666666], [1.21044, 103.8543], [1.2099316666666666, 103.85352], [1.2097566666666666, 103.85324], [1.2096, 103.853], [1.2094483333333332, 103.85276666666667], [1.2087266666666667, 103.85182666666667], [1.2085316666666666, 103.8516], [1.2083483333333334, 103.8514], [1.2075166666666666, 103.85052666666667], [1.207315, 103.85031333333333], [1.2071616666666667, 103.8501], [1.2068883333333333, 103.84962666666667], [1.2065983333333334, 103.84884666666666], [1.20638, 103.8481], [1.20619, 103.84761333333333], [1.20608, 103.84733333333334], [1.20598, 103.84710666666666], [1.2057383333333334, 103.8466], [1.2054916666666666, 103.84611333333334], [1.20536, 103.84583333333333], [1.2050283333333334, 103.84507333333333], [1.2048233333333334, 103.84455333333334], [1.204715, 103.84426], [1.20462, 103.84401333333334], [1.2044333333333332, 103.84346], [1.204275, 103.84290666666666], [1.2042083333333333, 103.84266]], "352165000": [[1.2140716666666667, 103.86239166666667], [1.2137516666666666, 103.86145166666667], [1.21343, 103.86045333333334], [1.21325, 103.85989666666667], [1.2127533333333333, 103.85843833333334], [1.2115283333333333, 103.855455], [1.2102566666666668, 103.85254666666667], [1.2095633333333333, 103.85110833333333], [1.2092183333333333, 103.850175], [1.2090733333333334, 103.849755], [1.20867, 103.84830166666667], [1.2085533333333334, 103.84783333333333], [1.2084483333333333, 103.84736666666667], [1.208255, 103.846485], [1.2079433333333334, 103.84505666666666], [1.2078833333333334, 103.84459333333334], [1.2077966666666666, 103.843715], [1.2076866666666666, 103.84227833333334], [1.2076566666666666, 103.84180833333333], [1.20763, 103.841335], [1.2076116666666667, 103.84090833333333], [1.2075233333333333, 103.83896333333334], [1.2075333333333333, 103.838495], [1.20771, 103.83664166666667], [1.207815, 103.83572], [1.20787, 103.83530833333333], [1.20793, 103.834805], [1.20811, 103.83342166666667], [1.208285, 103.83204166666667], [1.2084, 103.83111166666667], [1.20846, 103.830645], [1.20864, 103.82924], [1.2087716666666666, 103.82830333333334], [1.2088383333333332, 103.82783333333333], [1.20891, 103.82736666666666], [1.209265, 103.82502666666667], [1.20955, 103.82316], [1.2096333333333333, 103.82223166666667], [1.20976, 103.82035333333333], [1.2098183333333334, 103.81941166666667], [1.2098816666666667, 103.81846833333333], [1.20995, 103.81752166666666], [1.2099716666666667, 103.81704666666667], [1.2100016666666666, 103.81657166666666], [1.2100916666666666, 103.81562], [1.2101983333333333, 103.81466166666667], [1.2103133333333334, 103.8137], [1.2103666666666666, 103.81321833333334], [1.2104216666666667, 103.812735], [1.210465, 103.81229833333333], [1.210525, 103.811715], [1.2106333333333332, 103.81079], [1.210735, 103.80980833333334], [1.2107966666666667, 103.80937166666666], [1.21091, 103.80879666666667], [1.211005, 103.80841833333334], [1.211125, 103.80789666666666], [1.2113733333333334, 103.80696833333333], [1.2117633333333333, 103.80605166666666], [1.212615, 103.80439833333334], [1.2131016666666667, 103.80351], [1.2141316666666666, 103.80192], [1.2147633333333334, 103.80111], [1.21572, 103.80003666666667], [1.2163633333333332, 103.79934333333334], [1.2167683333333332, 103.79891], [1.2184316666666666, 103.79717166666667], [1.21888, 103.79676166666667], [1.2199883333333332, 103.79580333333334], [1.2211516666666666, 103.79476833333334], [1.22149, 103.79447333333333], [1.2232583333333333, 103.79271833333334], [1.2258116666666667, 103.790415], [1.2282266666666666, 103.78884833333333], [1.2298516666666666, 103.78793333333333], [1.2374616666666667, 103.78388166666667], [1.2418083333333334, 103.78171666666667], [1.24611, 103.77957666666667], [1.2464966666666666, 103.77938333333333], [1.2494033333333334, 103.77765], [1.255865, 103.77285333333333], [1.2580333333333333, 103.77100166666666], [1.259855, 103.76945833333333]], "566751000": [[1.20943, 103.85900833333334], [1.2096766666666667, 103.85929], [1.2101683333333333, 103.85985166666667], [1.21068, 103.86042833333333], [1.2109083333333333, 103.86067], [1.2111666666666667, 103.86092833333333], [1.2116683333333333, 103.86145166666667], [1.2121516666666667, 103.862], [1.21236, 103.86222833333333], [1.2125816666666667, 103.86248666666667], [1.2128016666666666, 103.86274666666667], [1.2130233333333333, 103.86301], [1.2134866666666666, 103.86356333333333], [1.2136866666666666, 103.863805], [1.2139083333333334, 103.86407666666666], [1.2141183333333334, 103.86436], [1.21433, 103.864625], [1.214545, 103.86495], [1.2147216666666667, 103.86526333333333], [1.2149816666666666, 103.86586666666666], [1.2153483333333333, 103.86642], [1.215575, 103.86661833333334], [1.2158116666666667, 103.86682166666667], [1.216245, 103.86724833333334], [1.2167116666666666, 103.867715], [1.2169166666666666, 103.86793166666666], [1.2171716666666668, 103.86820166666666], [1.2174416666666668, 103.86844], [1.2176833333333332, 103.86861166666667], [1.21795, 103.868795], [1.218485, 103.86917833333334], [1.2187966666666668, 103.869395], [1.219085, 103.86959666666667], [1.219345, 103.86976833333334], [1.21963, 103.86995833333333], [1.21994, 103.870165], [1.2201883333333334, 103.87033166666667], [1.22049, 103.87054166666667], [1.2207666666666668, 103.87073], [1.2213133333333333, 103.87109666666667], [1.2216316666666667, 103.87130333333333], [1.2219083333333334, 103.87147], [1.222255, 103.87166166666667], [1.2225616666666668, 103.871845], [1.2231816666666666, 103.87220666666667], [1.2234633333333333, 103.87236666666666], [1.2237833333333332, 103.87255833333333], [1.2241266666666666, 103.87276666666666], [1.2244466666666667, 103.87293333333334], [1.22509, 103.87333833333334], [1.22538, 103.873525], [1.22571, 103.87372333333333], [1.2261016666666666, 103.87395166666667], [1.2263966666666666, 103.87412166666667], [1.2270416666666666, 103.874495], [1.2276616666666667, 103.874855], [1.228045, 103.87508333333334], [1.228335, 103.87526], [1.22898, 103.87566166666667], [1.2295983333333333, 103.87604], [1.2302933333333332, 103.87645166666667], [1.2309433333333333, 103.876855], [1.2312366666666668, 103.877035], [1.23156, 103.87723333333334], [1.2319466666666667, 103.87747166666666], [1.2322383333333333, 103.87764833333334]], "525200148": [[1.2124516666666667, 103.85497], [1.2130466666666666, 103.85776166666666], [1.2133733333333334, 103.86033833333333], [1.2133916666666666, 103.86169166666667], [1.214515, 103.86970833333334], [1.21501, 103.87370666666666], [1.2166166666666667, 103.877845]],