{"525003247": [[1.2163433333333333, 103.86287], [1.21517, 103.861505], [1.2143766666666667, 103.86067], [1.2136, 103.859855], [1.212905, 103.85918], [1.2121366666666666, 103.858485], [1.211415, 103.85786666666667], [1.2104916666666667, 103.85742833333333], [1.2089866666666667, 103.85669833333333], [1.2083466666666667, 103.856295], [1.207695, 103.855375], [1.2075766666666667, 103.854815], [1.2075233333333333, 103.85424833333333], [1.2074866666666666, 103.853665], [1.2074216666666666, 103.85308333333333], [1.20732, 103.85252166666666], [1.2072266666666667, 103.85226166666666], [1.2071483333333333, 103.85197333333333], [1.2069433333333333, 103.85139833333334], [1.206395, 103.84936666666667], [1.2062983333333333, 103.84868666666667], [1.20627, 103.846755], [1.20621, 103.84607333333334], [1.206235, 103.8454], [1.206505, 103.84407333333333], [1.207315, 103.83958166666666], [1.2074466666666666, 103.83878], [1.2075566666666666, 103.837995], [1.2079616666666666, 103.834845]], "565551000": [[1.2144516666666667, 103.86276833333334], [1.214055, 103.86226833333333], [1.2138166666666668, 103.86204833333333], [1.2132683333333334, 103.86164166666667], [1.21303, 103.86149666666667], [1.21247, 103.86120833333334], [1.212215, 103.86109], [1.2116833333333332, 103.86075333333334], [1.211465, 103.86058166666666], [1.21097, 103.860185], [1.2107666666666668, 103.86], [1.2103416666666666, 103.85955833333334], [1.210135, 103.85931166666667], [1.2097883333333332, 103.858855], [1.2096533333333332, 103.85864666666667], [1.20939, 103.858165], [1.2092783333333332, 103.857925], [1.2090883333333333, 103.857405], [1.2090033333333334, 103.85719166666667], [1.2088033333333332, 103.856695], [1.2086983333333334, 103.85643833333333], [1.2084933333333334, 103.85595666666667], [1.2084133333333333, 103.85574333333334], [1.2083266666666668, 103.85548333333334], [1.2082583333333334, 103.85523166666667], [1.2082033333333333, 103.85498333333334], [1.20812, 103.85450666666667], [1.2081116666666667, 103.854275], [1.2081066666666667, 103.85398666666667], [1.2081133333333334, 103.85371166666667], [1.208075, 103.85293], [1.2080666666666666, 103.852705], [1.2080433333333334, 103.85243333333334], [1.2079933333333333, 103.85185], [1.2079566666666666, 103.85159166666666], [1.2079083333333334, 103.85135], [1.2078733333333334, 103.85112], [1.2078166666666668, 103.85086666666666], [1.2077433333333334, 103.85058666666667], [1.2076733333333334, 103.85032333333334], [1.2075933333333333, 103.85006833333334], [1.2075116666666668, 103.84983], [1.2074483333333332, 103.84960166666667], [1.2072933333333333, 103.84905833333333], [1.2072266666666667, 103.84853333333334], [1.2071866666666666, 103.84807333333333], [1.2070966666666667, 103.84751833333333], [1.207055, 103.847285], [1.2070033333333334, 103.84697833333334], [1.2069783333333333, 103.84671], [1.206965, 103.84647166666667], [1.2069433333333333, 103.846195], [1.2069266666666667, 103.84590833333333], [1.206925, 103.84567], [1.20692, 103.84539166666667], [1.206915, 103.84513333333334], [1.2069016666666668, 103.8449], [1.20687, 103.84436833333334], [1.206855, 103.84414166666667], [1.2068483333333333, 103.84386166666667], [1.206835, 103.84338333333334], [1.206815, 103.842825], [1.2068133333333333, 103.84258666666666], [1.20682, 103.84230333333333], [1.20684, 103.841785], [1.2068966666666667, 103.84125666666667], [1.206925, 103.841015], [1.2069866666666667, 103.84072666666667], [1.2070933333333334, 103.840205], [1.20714, 103.83994333333334], [1.207215, 103.83965], [1.2073616666666667, 103.8391], [1.207475, 103.83862666666667], [1.2075166666666666, 103.83836333333333], [1.2075616666666666, 103.83806333333334], [1.20761, 103.83783333333334], [1.2076783333333334, 103.83752333333334], [1.2077966666666666, 103.83702], [1.207915, 103.83646], [1.208065, 103.83590166666667], [1.2081916666666668, 103.83538333333334], [1.2084266666666668, 103.834295], [1.2086016666666666, 103.83377], [1.208975, 103.83271333333333], [1.2092133333333333, 103.83220666666666], [1.2095116666666668, 103.83170833333334], [1.209825, 103.831205], [1.2101583333333332, 103.830725], [1.210865, 103.829815], [1.2111666666666667, 103.82931666666667], [1.21183, 103.82832], [1.2121816666666667, 103.82779333333333], [1.2125433333333333, 103.82732333333334], [1.212935, 103.82685166666667], [1.2133683333333334, 103.82633333333334], [1.2142166666666667, 103.82539], [1.214655, 103.82491666666667], [1.2150433333333333, 103.82454833333334], [1.2154866666666666, 103.82411], [1.2159566666666666, 103.82363666666667], [1.2163633333333332, 103.82318833333333], [1.2167866666666667, 103.82271333333334], [1.21726, 103.82221333333334], [1.2176633333333333, 103.82175666666667], [1.2181, 103.82127], [1.218525, 103.82074], [1.21872, 103.82047666666666], [1.2192366666666667, 103.81971666666666], [1.2194383333333334, 103.81942166666667], [1.2197933333333333, 103.81891666666667], [1.22028, 103.818115], [1.2204366666666666, 103.817795], [1.2205833333333334, 103.81750833333334], [1.220875, 103.81698333333334], [1.2211183333333333, 103.81638333333333], [1.2213833333333333, 103.815765], [1.2216616666666666, 103.81520333333333], [1.2219883333333332, 103.81463166666667], [1.2222883333333334, 103.81403166666666], [1.223175, 103.81236166666666], [1.2234716666666667, 103.81181166666667], [1.2241466666666667, 103.810625], [1.2244716666666666, 103.8101], [1.22484, 103.80955], [1.2255066666666667, 103.80849666666667], [1.2258566666666666, 103.80789], [1.2263816666666667, 103.80705833333333], [1.2271, 103.80603333333333], [1.2272983333333334, 103.80576], [1.2276483333333332, 103.80527333333333], [1.2282016666666666, 103.80449], [1.2284033333333333, 103.80423166666667], [1.2287733333333333, 103.80373], [1.2291516666666666, 103.80322], [1.23032, 103.80173333333333], [1.2309983333333334, 103.80096], [1.2318816666666668, 103.80000833333334], [1.2325266666666668, 103.79926833333333], [1.2327883333333334, 103.79892833333334], [1.232885, 103.798845], [1.2331033333333334, 103.79867833333333], [1.2331583333333334, 103.79849], [1.2331483333333333, 103.79837333333333], [1.23313, 103.798275], [1.2331016666666668, 103.79818166666666]],