{"563010370": [[1.2104983333333332, 103.85723333333334], [1.210465, 103.85694333333333], [1.2104116666666667, 103.85669166666666], [1.210325, 103.85646833333334], [1.2101816666666667, 103.85602333333334], [1.2098816666666667, 103.85513166666667], [1.20956, 103.85459666666667], [1.20952, 103.85440833333334], [1.2094766666666668, 103.85420666666667], [1.20947, 103.85404], [1.20946, 103.85384166666667], [1.2094516666666666, 103.85366833333333], [1.2094833333333332, 103.85350333333334], [1.20953, 103.85313], [1.2095816666666668, 103.852925], [1.2096216666666666, 103.85282833333333], [1.20975, 103.852445], [1.20978, 103.852235], [1.2097633333333333, 103.85179], [1.2097016666666667, 103.85139333333333], [1.2095033333333334, 103.85086666666666], [1.2090983333333334, 103.849885], [1.2089366666666668, 103.84933666666667], [1.2090666666666667, 103.848885], [1.2092916666666667, 103.84836333333334], [1.2094283333333333, 103.847715], [1.20959, 103.84710166666666], [1.209655, 103.8468], [1.209665, 103.84651666666667], [1.209715, 103.84407833333333], [1.2095883333333333, 103.84321666666666], [1.209405, 103.84242166666667], [1.209385, 103.84164166666666], [1.20946, 103.84090333333333], [1.209465, 103.840265], [1.2094783333333334, 103.83915166666667], [1.20937, 103.83821333333333], [1.2092833333333333, 103.83638833333333], [1.2092116666666666, 103.83542], [1.2094383333333334, 103.831245], [1.209435, 103.830475], [1.209465, 103.82961666666667], [1.2095633333333333, 103.82873], [1.2097083333333334, 103.827405], [1.20974, 103.826445], [1.2100433333333334, 103.822795]], "370556000": [[1.213, 103.86186666666667], [1.2124666666666666, 103.86088333333333], [1.21155, 103.85946666666666], [1.2111333333333334, 103.85891666666667], [1.2108, 103.85845], [1.21045, 103.858], [1.2101, 103.85756666666667], [1.2098, 103.85715], [1.2094666666666667, 103.85671666666667], [1.2091333333333334, 103.85623333333334], [1.2088333333333334, 103.85578333333333], [1.20855, 103.85533333333333], [1.2083333333333333, 103.85486666666667], [1.2079166666666667, 103.85405], [1.2077166666666668, 103.85348333333333], [1.2075, 103.85301666666666], [1.2073666666666667, 103.85255], [1.2072333333333334, 103.85213333333333], [1.20695, 103.85115], [1.2067833333333333, 103.85065], [1.2067166666666667, 103.85021666666667], [1.2066166666666667, 103.84975], [1.2065, 103.8493], [1.2064666666666666, 103.84888333333333], [1.2064, 103.84836666666666], [1.2063666666666666, 103.8479], [1.2063166666666667, 103.84698333333333], [1.2063166666666667, 103.84611666666666], [1.20635, 103.84561666666667], [1.20635, 103.84516666666667], [1.2063833333333334, 103.84471666666667], [1.2064333333333332, 103.84425], [1.2065333333333332, 103.84336666666667], [1.2065833333333333, 103.84285], [1.2066333333333332, 103.84236666666666], [1.2066833333333333, 103.84193333333333], [1.2067333333333334, 103.8414], [1.2068, 103.84043333333334], [1.20685, 103.83991666666667], [1.2069333333333334, 103.83885], [1.2069666666666667, 103.83831666666667], [1.2070333333333334, 103.83718333333333], [1.2071, 103.83601666666667], [1.2071333333333334, 103.83556666666667], [1.2072, 103.83495], [1.20735, 103.8338], [1.2075166666666666, 103.83265], [1.2076833333333334, 103.83155], [1.2078333333333333, 103.83031666666666], [1.2080166666666667, 103.82913333333333], [1.2082, 103.82798333333334], [1.2084166666666667, 103.82671666666667], [1.2086333333333332, 103.82548333333334], [1.20885, 103.82431666666666], [1.2091, 103.82298333333334], [1.2093333333333334, 103.82171666666666], [1.2095166666666666, 103.82095], [1.2096, 103.8205], [1.2096666666666667, 103.82016666666667], [1.2098666666666666, 103.8194], [1.2099166666666668, 103.8192], [1.2104, 103.81705], [1.2105833333333333, 103.81626666666666], [1.2111166666666666, 103.8139], [1.2113166666666666, 103.8131], [1.21155, 103.81233333333333], [1.2123333333333333, 103.81001666666667], [1.2124666666666666, 103.80963333333334], [1.2126166666666667, 103.80925], [1.2129166666666666, 103.8085], [1.2130833333333333, 103.80811666666666], [1.2132833333333333, 103.80768333333333], [1.2139166666666668, 103.80626666666667], [1.2140833333333334, 103.80588333333333], [1.21425, 103.80551666666666], [1.2146166666666667, 103.80481666666667], [1.2149, 103.80438333333333], [1.2151333333333334, 103.80408333333334], [1.2165166666666667, 103.80246666666666], [1.217, 103.80193333333334], [1.21825, 103.80073333333333], [1.21845, 103.80055], [1.2194333333333334, 103.7996], [1.2198833333333334, 103.79915], [1.2207833333333333, 103.7983], [1.2216833333333332, 103.79745], [1.2221, 103.79703333333333], [1.2226666666666666, 103.79646666666666], [1.2229333333333334, 103.7962], [1.224, 103.79506666666667], [1.2241333333333333, 103.79493333333333], [1.2247, 103.79435], [1.2260833333333334, 103.79303333333333], [1.22675, 103.79243333333334], [1.2288, 103.79056666666666], [1.22955, 103.78995], [1.2303, 103.78943333333333], [1.2318333333333333, 103.78846666666666], [1.2325833333333334, 103.78798333333333], [1.2341, 103.78706666666666], [1.2348166666666667, 103.78663333333333], [1.23635, 103.78571666666667], [1.2370666666666668, 103.7853], [1.2378166666666666, 103.78486666666667], [1.2386, 103.78441666666667], [1.2393166666666666, 103.78401666666667], [1.2408666666666666, 103.78313333333334], [1.24115, 103.78296666666667], [1.2415, 103.78276666666666], [1.2422166666666667, 103.78238333333333], [1.2429666666666668, 103.78201666666666], [1.2443, 103.7814], [1.2449666666666668, 103.78108333333333], [1.2455666666666667, 103.78083333333333], [1.2461833333333334, 103.78058333333334], [1.2467666666666666, 103.78033333333333], [1.2473333333333334, 103.7801], [1.2484, 103.77966666666667], [1.2489166666666667, 103.77948333333333], [1.2493666666666667, 103.77928333333334], [1.24985, 103.7791], [1.2500833333333334, 103.77898333333333], [1.2506833333333334, 103.77873333333334], [1.2512833333333333, 103.77846666666667], [1.2514666666666667, 103.77838333333334], [1.2518166666666666, 103.77823333333333], [1.2521666666666667, 103.7781], [1.2525333333333333, 103.77793333333334], [1.2529166666666667, 103.77776666666666], [1.2533166666666666, 103.77756666666667]]}
