{"563034560": [[1.2174183333333333, 103.86282833333334], [1.2167566666666667, 103.86164833333333], [1.2163316666666666, 103.86086166666666], [1.216135, 103.86045166666666], [1.2153133333333332, 103.85880833333333], [1.2148233333333334, 103.85798833333334], [1.2146416666666666, 103.85767666666666], [1.2146183333333334, 103.85763833333333], [1.2143833333333334, 103.85725166666667], [1.2141716666666666, 103.8569], [1.2141483333333334, 103.85686], [1.2139166666666668, 103.85646666666666], [1.2136916666666666, 103.85607166666667], [1.2134483333333332, 103.85563], [1.2132683333333334, 103.85530833333333], [1.2132466666666666, 103.85526833333333], [1.21299, 103.85482166666667], [1.2127966666666667, 103.85449833333334], [1.2127716666666666, 103.85445833333333], [1.21252, 103.85405833333333], [1.2122616666666666, 103.85366333333333], [1.2117266666666666, 103.85283], [1.211485, 103.85242166666667], [1.2113133333333332, 103.85208666666666], [1.2112933333333333, 103.85204333333333], [1.211275, 103.852], [1.211275, 103.852], [1.2111083333333332, 103.85160666666667]], "564616000": [[1.208105, 103.85293], [1.208225, 103.85322], [1.2083216666666667, 103.85345], [1.2085866666666667, 103.85404166666666], [1.208835, 103.85464], [1.2089516666666666, 103.85492333333333], [1.20905, 103.85514666666667], [1.20934, 103.85575166666666], [1.209755, 103.85665166666666], [1.2100283333333333, 103.8572], [1.2101716666666666, 103.85747833333333], [1.2104983333333332, 103.85808333333334], [1.2107683333333332, 103.85859833333333], [1.2109316666666667, 103.85890833333333], [1.211365, 103.85973166666666], [1.2115416666666667, 103.86007666666667], [1.21182, 103.86062833333334], [1.2122566666666668, 103.86147166666667], [1.2124316666666666, 103.86178833333334], [1.2125733333333333, 103.86205], [1.2127366666666666, 103.86236166666667], [1.212995, 103.86278833333333], [1.2130116666666666, 103.86281833333334], [1.2130933333333334, 103.86293166666667], [1.2131683333333334, 103.86303833333334], [1.2132266666666667, 103.86311333333333], [1.2132666666666667, 103.86316], [1.213455, 103.86334666666667], [1.2135283333333333, 103.86341166666666], [1.213595, 103.86347666666667], [1.213665, 103.86354333333334], [1.2139633333333333, 103.863825], [1.2146933333333334, 103.86446833333333], [1.2149616666666667, 103.86469166666667], [1.2151683333333334, 103.86489166666667], [1.21542, 103.86511666666667], [1.2159416666666667, 103.865565], [1.216155, 103.86576833333334], [1.21642, 103.86602166666667], [1.21715, 103.86672833333333], [1.2173983333333334, 103.86696666666667], [1.21762, 103.86717166666666], [1.2179016666666667, 103.86741666666667], [1.2186633333333334, 103.86812333333333], [1.2189166666666666, 103.86836], [1.2191433333333332, 103.86857666666667], [1.219425, 103.86883833333333], [1.2196566666666666, 103.86904666666666], [1.219915, 103.86928833333333], [1.2202, 103.86955], [1.2204566666666667, 103.86979166666667], [1.220735, 103.87006166666667], [1.22096, 103.87027666666667], [1.22119, 103.87049833333333], [1.2214466666666666, 103.870745], [1.2217383333333334, 103.87101333333334]], "563040052": [[1.21031, 103.84968166666667], [1.21104, 103.851445], [1.2117116666666667, 103.85312], [1.21291, 103.85570333333334], [1.2138566666666666, 103.85726833333334], [1.2150883333333333, 103.85886166666667], [1.215775, 103.85958833333333], [1.2170016666666668, 103.86106], [1.2177133333333334, 103.86185333333333], [1.2184483333333334, 103.86271333333333], [1.2191283333333334, 103.86351833333333], [1.219695, 103.86415833333334], [1.2211916666666667, 103.86564333333334], [1.222065, 103.86625], [1.222945, 103.86692166666667], [1.2245916666666667, 103.86827], [1.227375, 103.87156], [1.228485, 103.87364666666667], [1.22969, 103.87528166666667], [1.2311083333333332, 103.87703833333333], [1.2317066666666667, 103.877855], [1.2323516666666667, 103.87877333333333], [1.23763, 103.88581166666667], [1.2384266666666666, 103.8864], [1.24543, 103.88939166666667], [1.2493266666666667, 103.89144333333333]], "566687000": [[1.216085, 103.86315], [1.2158916666666666, 103.86283833333333], [1.2155016666666667, 103.86221], [1.215325, 103.86192666666666], [1.2151116666666666, 103.86157833333333], [1.2148983333333334, 103.86122666666667], [1.214705, 103.86090666666666], [1.2141766666666667, 103.85999333333334], [1.213985, 103.85966166666667], [1.2137766666666667, 103.8593], [1.2128166666666667, 103.85770166666667], [1.2126083333333333, 103.85733166666667], [1.2124266666666668, 103.85699333333334], [1.212245, 103.85665333333333], [1.211735, 103.85564], [1.2113816666666666, 103.85484833333334], [1.2112433333333332, 103.85452], [1.21082, 103.85345], [1.2106983333333334, 103.85308], [1.2105683333333332, 103.85267], [1.2103666666666666, 103.85199666666666], [1.210135, 103.85120166666667], [1.2100266666666666, 103.85081666666666], [1.209905, 103.85035166666667], [1.20956, 103.84885666666666], [1.209385, 103.84802166666667], [1.2093016666666667, 103.84762166666667], [1.2092283333333333, 103.84726166666667], [1.2087533333333333, 103.844835], [1.2083616666666666, 103.84314666666667], [1.20781, 103.84077333333333], [1.2076416666666667, 103.84001166666667], [1.2075583333333333, 103.83961], [1.2072916666666667, 103.83832], [1.207225, 103.83796833333334], [1.207155, 103.83757333333334], [1.2068116666666666, 103.83596333333334], [1.20629, 103.83354333333334], [1.2059916666666666, 103.831885], [1.2055666666666667, 103.82952166666666], [1.205345, 103.82792666666667], [1.2053, 103.82707333333333], [1.2052533333333333, 103.82548666666666], [1.205255, 103.82476166666666], [1.2051683333333334, 103.823785], [1.205125, 103.82341], [1.2050483333333333, 103.82278], [1.2050066666666666, 103.822465], [1.20486, 103.82153166666667], [1.204755, 103.82095833333334], [1.204585, 103.81985], [1.2045166666666667, 103.81938333333333], [1.2043083333333333, 103.81834166666667], [1.2041783333333334, 103.81786666666666], [1.2039416666666667, 103.81709166666667], [1.20384, 103.81681666666667], [1.20365, 103.81637333333333], [1.2028166666666666, 103.81492166666666], [1.2026416666666666, 103.81468833333334]],