{"565263000": [[1.2089316666666667, 103.85741333333333], [1.20902, 103.856845], [1.209095, 103.85626833333333], [1.2091766666666666, 103.85569333333333], [1.20929, 103.85512], [1.209315, 103.855025], [1.2093883333333333, 103.85474166666667], [1.2094683333333334, 103.85436], [1.2094933333333333, 103.85416666666667], [1.2095133333333334, 103.85397], [1.2095266666666666, 103.85377333333334], [1.2095333333333333, 103.853575], [1.2095383333333334, 103.85337666666666], [1.20956, 103.852985], [1.20958, 103.85279166666666], [1.2096166666666666, 103.852605], [1.20967, 103.85242166666667], [1.2097433333333334, 103.85224833333334], [1.209825, 103.85208], [1.209915, 103.851915], [1.2099983333333333, 103.85174833333333], [1.2100716666666667, 103.85157666666667], [1.21015, 103.85140666666666], [1.2102316666666666, 103.85123833333333], [1.210325, 103.85107833333333], [1.210425, 103.85092166666666], [1.2106566666666667, 103.85062833333333], [1.2107866666666667, 103.85049333333333], [1.2110833333333333, 103.850265], [1.2112316666666667, 103.85015], [1.211395, 103.850055], [1.2115533333333333, 103.84995], [1.21172, 103.84985666666667], [1.2119716666666667, 103.84971333333333]], "249009000": [[1.2143233333333334, 103.86263333333333], [1.214105, 103.86215833333333], [1.21366, 103.861215], [1.21323, 103.86027333333334], [1.2122816666666667, 103.85841666666667], [1.2120416666666667, 103.85795666666667], [1.211595, 103.85703666666667], [1.2113583333333333, 103.856585], [1.2110933333333334, 103.85609333333333], [1.21087, 103.85569833333334], [1.2106416666666666, 103.85531], [1.2100266666666666, 103.85447], [1.20976, 103.85412], [1.209395, 103.85366], [1.20912, 103.85331333333333], [1.2088316666666667, 103.85291833333333], [1.2086716666666666, 103.85263333333333], [1.2085216666666667, 103.85222166666667], [1.2084466666666667, 103.85193666666666], [1.208285, 103.85124666666667], [1.208225, 103.85087833333333], [1.2081633333333333, 103.85051166666666], [1.20799, 103.84965666666666], [1.2078033333333333, 103.848845], [1.20765, 103.84803166666667], [1.2075716666666667, 103.84721666666667], [1.20753, 103.84685], [1.2074966666666667, 103.84640333333333], [1.207475, 103.84604166666666], [1.207445, 103.8456], [1.20741, 103.84479166666667], [1.2073233333333333, 103.84356333333334], [1.2073616666666667, 103.842745], [1.2073716666666667, 103.84237333333333], [1.2074033333333334, 103.84196166666666], [1.2075266666666666, 103.84025666666666], [1.207555, 103.83983666666667], [1.2076183333333332, 103.839], [1.207655, 103.83858166666667], [1.2076916666666666, 103.83820333333334], [1.2077233333333333, 103.83731166666666], [1.2077533333333332, 103.83645833333334], [1.2077766666666667, 103.83560166666666], [1.2077733333333334, 103.83474166666667], [1.2077783333333334, 103.83431], [1.2079633333333333, 103.832175], [1.2080283333333333, 103.83131166666666], [1.20817, 103.83040666666666], [1.20832, 103.82963], [1.2089583333333334, 103.82700666666666], [1.20916, 103.82608833333333], [1.2093716666666667, 103.82526], [1.2095833333333332, 103.82433333333333], [1.20976, 103.823435], [1.2101083333333333, 103.82167], [1.2106766666666666, 103.81893166666667], [1.21128, 103.81618333333333], [1.2118533333333332, 103.813375], [1.2120216666666668, 103.812375], [1.2128433333333333, 103.80961666666667], [1.2140866666666668, 103.80706666666667], [1.2156233333333333, 103.80460666666667], [1.2192516666666666, 103.800025], [1.22038, 103.79850166666667], [1.2209633333333334, 103.79766166666667], [1.2228466666666666, 103.79539666666666], [1.2250233333333334, 103.79334833333333], [1.2273766666666666, 103.79149166666667], [1.2290583333333334, 103.79015833333334], [1.229845, 103.78951666666667], [1.2314133333333332, 103.78832833333334], [1.2323, 103.78775833333333], [1.233155, 103.78723166666667], [1.2356016666666667, 103.78577], [1.2372283333333334, 103.78483]], "565472000": [[1.215805, 103.86284833333333], [1.2155466666666668, 103.86249333333333], [1.2153383333333334, 103.862215], [1.2151083333333332, 103.86191333333333], [1.21487, 103.86160666666666], [1.2146283333333334, 103.86128666666667], [1.2143933333333334, 103.86095], [1.2141533333333334, 103.86061833333333], [1.2139566666666666, 103.86033833333333], [1.2135116666666668, 103.8597], [1.2132833333333333, 103.85939], [1.2130483333333333, 103.85908], [1.212815, 103.85875833333333], [1.212615, 103.85848666666666], [1.2123466666666667, 103.85817], [1.2121366666666666, 103.857915], [1.211905, 103.857635], [1.2116933333333333, 103.85736166666666], [1.211215, 103.856795], [1.2109533333333333, 103.85654833333334], [1.210745, 103.85635], [1.2104966666666668, 103.85610333333334], [1.2102383333333333, 103.855885], [1.209965, 103.85567666666667], [1.2097033333333334, 103.85548333333334], [1.2094083333333334, 103.85529], [1.2091466666666666, 103.85512166666666], [1.20887, 103.85493833333334], [1.2083583333333334, 103.854535], [1.2081233333333334, 103.85431666666666], [1.2078833333333334, 103.854065], [1.2077016666666667, 103.85385666666667], [1.2075266666666666, 103.85359833333334], [1.2072316666666667, 103.85310333333334], [1.2070983333333334, 103.852875], [1.206975, 103.85256], [1.206895, 103.85230833333334], [1.2068166666666666, 103.852015], [1.2066016666666666, 103.85080333333333], [1.2065716666666666, 103.85054], [1.2065216666666667, 103.84999166666667], [1.2065216666666667, 103.84965666666666], [1.2064766666666666, 103.84879833333333], [1.20647, 103.84823833333333], [1.2064583333333334, 103.84763666666667], [1.2064383333333333, 103.84706], [1.20643, 103.84619833333333], [1.2064266666666668, 103.845915], [1.20642, 103.845375], [1.20641, 103.84511666666667], [1.2064, 103.84483], [1.2063466666666667, 103.84419833333334], [1.20629, 103.84357833333334], [1.2062683333333333, 103.84299666666666], [1.2062516666666667, 103.84244666666666], [1.20622, 103.84185666666667], [1.2062083333333333, 103.84155], [1.2062083333333333, 103.84125], [1.20612, 103.840045], [1.2060883333333334, 103.83946333333333], [1.20604, 103.838865], [1.2059883333333334, 103.83829166666666], [1.205915, 103.83768666666667], [1.205885, 103.83738333333334], [1.2058533333333334, 103.837085], [1.2058366666666667, 103.83647333333333], [1.205825, 103.835895], [1.2057933333333333, 103.83459833333333], [1.2057983333333333, 103.83425166666666], [1.2057983333333333, 103.83397166666667], [1.20581, 103.83366833333334], [1.2059, 103.83271], [1.2059366666666667, 103.83236666666667], [1.20597, 103.83209], [1.2059966666666666, 103.83177833333333], [1.2060816666666667, 103.83076166666666], [1.2061083333333333, 103.83043], [1.20614, 103.830145], [1.2063166666666667, 103.82883], [1.2064116666666667, 103.82823666666667], [1.206545, 103.82719833333333], [1.2066683333333332, 103.82654], [1.2067316666666668, 103.82624666666666], [1.2067966666666667, 103.82594166666667], [1.2072116666666666, 103.82398833333333]],