{"563002510": [[1.2148716666666666, 103.86056166666667], [1.2137216666666666, 103.85893666666666], [1.2134883333333333, 103.85861666666666], [1.2131533333333333, 103.85807833333334], [1.2123783333333333, 103.85646333333334], [1.212225, 103.856105], [1.2120716666666667, 103.85578333333333], [1.211735, 103.85512], [1.2115016666666667, 103.85444666666666], [1.211295, 103.85378833333333], [1.2112, 103.85339666666667], [1.2111433333333332, 103.853035], [1.211075, 103.852675], [1.2109916666666667, 103.85230833333334], [1.2108566666666667, 103.85160666666667], [1.21068, 103.85083], [1.210355, 103.84936666666667], [1.21029, 103.84898333333334], [1.2101916666666668, 103.84858333333334], [1.2100483333333334, 103.84785833333333], [1.2098316666666666, 103.84672333333333], [1.20962, 103.845655], [1.2094516666666666, 103.845], [1.2091283333333334, 103.84348333333334], [1.208905, 103.84238833333333], [1.2082516666666667, 103.83620333333333], [1.208385, 103.83091833333333]], "372405000": [[1.20975, 103.85028333333334], [1.2095666666666667, 103.84993333333334], [1.2092833333333333, 103.84933333333333], [1.2091833333333333, 103.8491], [1.2091, 103.84886666666667], [1.2089666666666667, 103.84851666666667], [1.20885, 103.84816666666667], [1.2088, 103.848], [1.2086833333333333, 103.84766666666667], [1.2085833333333333, 103.84733333333334], [1.2085333333333332, 103.84713333333333], [1.20845, 103.84691666666667], [1.20835, 103.84658333333333], [1.20825, 103.84626666666666], [1.2081833333333334, 103.84605], [1.2080666666666666, 103.84573333333333], [1.208, 103.84551666666667], [1.2078833333333334, 103.8452], [1.2078, 103.84498333333333], [1.2076833333333334, 103.84466666666667], [1.2075666666666667, 103.84436666666667], [1.2074833333333332, 103.84415], [1.2073166666666666, 103.84365], [1.20725, 103.84345], [1.20715, 103.84283333333333], [1.20715, 103.84161666666667], [1.2071666666666667, 103.84141666666666], [1.2072166666666666, 103.84048333333334], [1.2072166666666666, 103.8402], [1.2072166666666666, 103.84001666666667], [1.2072, 103.83905], [1.2071833333333333, 103.83876666666667], [1.2071833333333333, 103.83858333333333], [1.2071166666666666, 103.83765], [1.2071, 103.83738333333334], [1.2071, 103.8371], [1.2071, 103.83621666666667], [1.2071166666666666, 103.83595], [1.2071166666666666, 103.83576666666667], [1.2071666666666667, 103.83535], [1.2072, 103.8349], [1.2072166666666666, 103.83463333333333], [1.2072333333333334, 103.83445], [1.2072666666666667, 103.834], [1.2073166666666666, 103.83355], [1.2073333333333334, 103.8333], [1.2073666666666667, 103.83311666666667], [1.2074, 103.83268333333334], [1.20745, 103.83225], [1.2074833333333332, 103.83198333333333], [1.2074833333333332, 103.8318], [1.2075333333333333, 103.83135], [1.20755, 103.83108333333334], [1.2075666666666667, 103.83085], [1.2076, 103.83058333333334], [1.2076166666666666, 103.8304], [1.20765, 103.83015], [1.2076666666666667, 103.82998333333333], [1.2077, 103.82971666666667], [1.2077166666666668, 103.82953333333333], [1.20775, 103.82926666666667], [1.2078, 103.82881666666667], [1.2078333333333333, 103.82863333333333], [1.2078666666666666, 103.82836666666667], [1.2078833333333334, 103.82818333333333], [1.2079166666666667, 103.82788333333333], [1.2079333333333333, 103.8277], [1.2080333333333333, 103.827], [1.20805, 103.82681666666667], [1.2080833333333334, 103.82655], [1.2081166666666667, 103.82636666666667], [1.2081833333333334, 103.82581666666667], [1.2082, 103.82563333333333], [1.20825, 103.82516666666666], [1.2082666666666666, 103.82498333333334], [1.2083333333333333, 103.82445], [1.20835, 103.82426666666667], [1.2083666666666666, 103.824], [1.2085666666666666, 103.82216666666666], [1.2086333333333332, 103.82171666666666], [1.2087166666666667, 103.82101666666667], [1.2088833333333333, 103.8189], [1.2090833333333333, 103.81611666666667], [1.2091, 103.81595], [1.20915, 103.81535], [1.2092, 103.81498333333333], [1.2092166666666666, 103.81483333333334], [1.2092833333333333, 103.81428333333334], [1.2093166666666666, 103.8139], [1.2093333333333334, 103.81375], [1.2093833333333333, 103.81313333333334], [1.2094, 103.81213333333334], [1.2094166666666666, 103.8119], [1.2094666666666667, 103.8115], [1.2095, 103.81133333333334], [1.2095333333333333, 103.8111], [1.2095833333333332, 103.81093333333334], [1.2097166666666668, 103.8103], [1.2098, 103.80991666666667], [1.2098833333333334, 103.8095], [1.21, 103.80908333333333], [1.2101166666666667, 103.80865], [1.2102333333333333, 103.80821666666667], [1.2104, 103.80775], [1.21055, 103.80731666666667], [1.2107166666666667, 103.80686666666666], [1.2109, 103.8064], [1.2111, 103.80593333333333], [1.2111833333333333, 103.80575], [1.2113166666666666, 103.80546666666666], [1.2115666666666667, 103.80503333333333], [1.2118, 103.80463333333333], [1.2120666666666666, 103.80421666666666], [1.2123333333333333, 103.8038], [1.2126166666666667, 103.8034], [1.2127833333333333, 103.80315], [1.2129166666666666, 103.80295], [1.2131333333333334, 103.80261666666667], [1.21345, 103.80213333333333], [1.2135666666666667, 103.80196666666667], [1.2144666666666666, 103.80096666666667], [1.2146166666666667, 103.8008], [1.2150833333333333, 103.80031666666666], [1.2152333333333334, 103.80015], [1.2156166666666666, 103.79975], [1.2157833333333334, 103.79958333333333], [1.2162833333333334, 103.79906666666666], [1.21645, 103.79891666666667], [1.2169166666666666, 103.7985], [1.2174333333333334, 103.79806666666667], [1.2176166666666666, 103.7979], [1.2180833333333334, 103.79751666666667], [1.2183833333333334, 103.79728333333334], [1.2188833333333333, 103.79688333333333], [1.2193833333333333, 103.79648333333333], [1.2199, 103.79606666666666], [1.2201, 103.7959], [1.2203833333333334, 103.79565], [1.2208833333333333, 103.7952], [1.22135, 103.7948], [1.22185, 103.79438333333333], [1.2223333333333333, 103.79395], [1.2228333333333334, 103.79351666666666], [1.2233666666666667, 103.79303333333333], [1.2235666666666667, 103.79285], [1.2238666666666667, 103.79258333333334], [1.2243333333333333, 103.79216666666666], [1.2245333333333333, 103.792], [1.2248333333333334, 103.79173333333334], [1.2258, 103.79088333333333], [1.226, 103.79071666666667], [1.2262833333333334, 103.79046666666666], [1.22675, 103.79003333333333], [1.2271833333333333, 103.78963333333333], [1.2273666666666667, 103.78946666666667], [1.22765, 103.78923333333333], [1.2279333333333333, 103.789], [1.2281166666666667, 103.78885], [1.22855, 103.78845], [1.2287666666666666, 103.78825], [1.2290166666666666, 103.788], [1.2294, 103.78763333333333], [1.2298, 103.78725], [1.2299666666666667, 103.78708333333333], [1.2306166666666667, 103.7865], [1.231, 103.78613333333334], [1.2313833333333333, 103.78576666666666], [1.23175, 103.78541666666666], [1.2321166666666667, 103.78506666666667], [1.2336, 103.78358333333334], [1.2338666666666667, 103.78321666666666], [1.2344166666666667, 103.7824], [1.2346833333333334, 103.782], [1.2352166666666666, 103.7812], [1.2354833333333333, 103.78083333333333], [1.236, 103.78008333333334], [1.23625, 103.77968333333334], [1.2364, 103.77945], [1.2364833333333334, 103.77931666666667], [1.23675, 103.77886666666667], [1.2369666666666668, 103.77848333333333], [1.2371833333333333, 103.77808333333333], [1.2373833333333333, 103.77768333333333], [1.2375666666666667, 103.7773], [1.2379666666666667, 103.77656666666667], [1.2380666666666666, 103.77638333333333], [1.23815, 103.77623333333334], [1.2382666666666666, 103.77603333333333], [1.2385166666666667, 103.77558333333333], [1.2386833333333334, 103.77526666666667], [1.2387666666666666, 103.77513333333333], [1.2392333333333334, 103.77426666666666], [1.2392833333333333, 103.77413333333334], [1.2396166666666666, 103.77336666666666]],