{"563062100": [[1.2080366666666666, 103.85427166666666], [1.2079966666666666, 103.85357166666667], [1.2079733333333333, 103.85331166666667]], "566066000": [[1.218295, 103.86293166666667], [1.2180883333333334, 103.86267333333333], [1.2176083333333334, 103.86207166666667], [1.2174016666666667, 103.86181166666667], [1.2169083333333333, 103.861205], [1.2166983333333334, 103.860935], [1.216235, 103.86031666666666], [1.216035, 103.860035], [1.2157883333333332, 103.85968], [1.2155866666666666, 103.859355], [1.2154016666666667, 103.85906], [1.215005, 103.85836666666667], [1.214845, 103.85806333333333], [1.21467, 103.85769833333333], [1.214515, 103.85735666666666], [1.2143633333333332, 103.85705333333334], [1.2139716666666667, 103.85634666666667], [1.2138, 103.85604833333333], [1.2135816666666666, 103.85569], [1.2133816666666666, 103.855375], [1.2131983333333334, 103.85509166666667], [1.2126933333333334, 103.85441666666667], [1.2122233333333334, 103.853775], [1.2119883333333332, 103.85344166666667], [1.211805, 103.85313], [1.2113683333333334, 103.852405], [1.211015, 103.85168333333333], [1.21085, 103.85131166666666], [1.2107066666666666, 103.85096166666666], [1.2102316666666666, 103.84976333333333], [1.2100916666666666, 103.849365], [1.20995, 103.84896666666667], [1.209815, 103.84857666666667], [1.2095316666666667, 103.84778166666666], [1.2093866666666666, 103.84738], [1.209245, 103.846975], [1.2090983333333334, 103.84657166666666], [1.208955, 103.84617333333334], [1.208625, 103.84537666666667], [1.2083033333333333, 103.844605], [1.2079483333333334, 103.84386833333333], [1.207565, 103.843145], [1.2063983333333332, 103.84090166666667], [1.2057483333333334, 103.839355], [1.20548, 103.838565], [1.2052483333333333, 103.837765], [1.2051483333333333, 103.83740666666667], [1.205025, 103.83696666666667], [1.2047966666666667, 103.83621], [1.204505, 103.83539833333333], [1.2043633333333332, 103.83504833333333], [1.204185, 103.83462166666666], [1.20386, 103.83391166666667], [1.2035083333333334, 103.83312666666667], [1.203175, 103.83237333333334], [1.2030233333333333, 103.83199333333333], [1.2028966666666667, 103.83165333333334], [1.2023333333333333, 103.830115], [1.20218, 103.82975], [1.201425, 103.82791166666667], [1.2011633333333334, 103.82721], [1.2008883333333333, 103.82643833333333], [1.20063, 103.82571], [1.2003916666666667, 103.82502166666667], [1.2001383333333333, 103.824265], [1.1996266666666666, 103.82287166666667], [1.1990066666666668, 103.82145166666666], [1.1983166666666667, 103.82013333333333], [1.1974116666666668, 103.81803166666667], [1.1962966666666666, 103.81512833333333], [1.1960633333333333, 103.81444166666667], [1.1958516666666668, 103.813695], [1.1954183333333332, 103.81220166666667], [1.195195, 103.81145166666667], [1.19495, 103.81069666666667], [1.1946833333333333, 103.81001833333333], [1.1943666666666666, 103.80931166666667], [1.1940216666666668, 103.80857333333333], [1.1933283333333333, 103.807205], [1.1929333333333334, 103.80647], [1.1922, 103.80514], [1.1918166666666667, 103.80443833333334], [1.1914816666666668, 103.803785], [1.1911616666666667, 103.80309166666666], [1.190815, 103.80235833333333], [1.1904983333333334, 103.80168833333333], [1.1894483333333334, 103.7996], [1.1890983333333334, 103.79890833333333], [1.188755, 103.79817333333334], [1.1884266666666667, 103.79749833333334], [1.1881166666666667, 103.79678833333334], [1.18629, 103.793225], [1.1859016666666666, 103.79247333333333], [1.185555, 103.79174]], "563025410": [[1.2171666666666667, 103.8629], [1.2166333333333332, 103.86228333333334], [1.2160833333333334, 103.86168333333333], [1.21555, 103.86103333333334], [1.2153, 103.86068333333333], [1.2150833333333333, 103.86038333333333], [1.21465, 103.8597], [1.2136333333333333, 103.85826666666667], [1.2134166666666666, 103.85796666666667], [1.2131333333333334, 103.85758333333334], [1.2126333333333332, 103.85683333333333], [1.2124166666666667, 103.85648333333333], [1.2122, 103.85613333333333], [1.2119833333333334, 103.85576666666667], [1.21175, 103.85533333333333], [1.2113333333333334, 103.85453333333334], [1.211, 103.85376666666667], [1.2106666666666666, 103.8529], [1.2103833333333334, 103.85203333333334], [1.2101333333333333, 103.85116666666667], [1.21005, 103.85075], [1.2099333333333333, 103.85026666666667], [1.2097666666666667, 103.84933333333333], [1.2096333333333333, 103.84841666666667], [1.2095166666666666, 103.8475], [1.2094333333333334, 103.84658333333333], [1.2093666666666667, 103.8456], [1.2093, 103.84463333333333], [1.20915, 103.8434], [1.2090833333333333, 103.84285], [1.209, 103.842], [1.2088666666666668, 103.84006666666667], [1.2088, 103.8392], [1.2086, 103.83733333333333], [1.2082833333333334, 103.8347], [1.2081, 103.83206666666666], [1.2082166666666667, 103.82691666666666], [1.2083333333333333, 103.82535], [1.2084166666666667, 103.82453333333333], [1.2088833333333333, 103.82213333333333], [1.20905, 103.82136666666666], [1.2094333333333334, 103.81978333333333], [1.2099166666666668, 103.81818333333334], [1.2104666666666666, 103.81665], [1.2109833333333333, 103.81508333333333], [1.2112166666666666, 103.81431666666667]], "533130345": [[1.2127183333333333, 103.84637666666667], [1.212595, 103.84638833333334], [1.212665, 103.846365], [1.2126633333333334, 103.846365], [1.2126116666666666, 103.846395], [1.2126166666666667, 103.84638666666666], [1.212855, 103.84643], [1.2127933333333334, 103.84639833333334], [1.2126333333333332, 103.84634833333334]], "563034560": [[1.2185483333333333, 103.86297333333333], [1.21828, 103.86266666666667], [1.2182183333333334, 103.86259833333334], [1.21797, 103.86233166666666], [1.2167316666666668, 103.86095333333333], [1.2164666666666666, 103.860635], [1.2164083333333333, 103.86056333333333], [1.2161783333333334, 103.86027166666666], [1.2153683333333334, 103.85912666666667], [1.215075, 103.85869666666666], [1.2148083333333333, 103.858305], [1.2147833333333333, 103.858265], [1.214575, 103.85795333333333], [1.2138016666666667, 103.85675666666667], [1.2135183333333333, 103.856315], [1.21324, 103.85586833333333], [1.2130316666666667, 103.85554166666667]]}
