{"631993093": [[1.210605, 103.858895], [1.2115866666666666, 103.86033666666667], [1.2119266666666666, 103.860815], [1.2127533333333333, 103.86234833333333], [1.2130983333333334, 103.862895], [1.2155483333333332, 103.86663166666666], [1.2166216666666667, 103.86845666666666], [1.2177416666666667, 103.870165], [1.2185116666666667, 103.87137333333334], [1.220745, 103.87466], [1.2218433333333334, 103.87641166666667], [1.2221383333333333, 103.876955], [1.222835, 103.87824], [1.22317, 103.87879166666667], [1.2252333333333334, 103.88183833333333], [1.2267316666666668, 103.88421333333334], [1.230445, 103.89206166666666], [1.233785, 103.89753166666667], [1.234935, 103.89951666666667], [1.2371533333333333, 103.90346], [1.2382516666666668, 103.90546666666667], [1.24058, 103.91037333333334]], "563038800": [[1.216185, 103.86300833333334], [1.2159216666666666, 103.862635], [1.2158366666666667, 103.86251666666666], [1.2157533333333332, 103.862405], [1.21567, 103.86229666666667], [1.2154433333333334, 103.86201166666666], [1.2153266666666667, 103.86186833333333], [1.2152383333333334, 103.86176833333333], [1.214855, 103.861375], [1.2147516666666667, 103.861285], [1.2145683333333332, 103.86114333333333], [1.21446, 103.86105833333333], [1.2143483333333334, 103.86097666666667], [1.21402, 103.86072166666666], [1.2136633333333333, 103.860435], [1.2135933333333333, 103.86037166666667], [1.2134183333333333, 103.86022833333334], [1.2132433333333332, 103.860095], [1.213045, 103.85993666666667], [1.2129416666666666, 103.85985333333333], [1.21273, 103.85967166666667], [1.212625, 103.85957333333333], [1.212365, 103.85933166666666], [1.2122733333333333, 103.85924166666666], [1.21202, 103.85899], [1.2117666666666667, 103.85872833333333], [1.211675, 103.858635], [1.211325, 103.85823333333333], [1.2110833333333333, 103.85795833333333], [1.2109033333333334, 103.857755], [1.2108733333333332, 103.85772166666666], [1.210785, 103.85762333333334], [1.2106133333333333, 103.85742833333333], [1.210475, 103.85726], [1.2099466666666667, 103.85662166666667], [1.209605, 103.85619666666666], [1.2094033333333334, 103.85596166666667], [1.2093733333333334, 103.85593], [1.209285, 103.855835], [1.20917, 103.855705], [1.209085, 103.85560333333333], [1.2088916666666667, 103.85536833333333], [1.2087883333333334, 103.85522666666667], [1.2086883333333334, 103.85508], [1.2084383333333333, 103.85472833333333], [1.2084133333333333, 103.85469333333333], [1.2083233333333334, 103.85455166666667], [1.2082533333333334, 103.854445], [1.2081466666666667, 103.85426], [1.208105, 103.85418166666666], [1.207895, 103.85376666666667], [1.207735, 103.853405], [1.20756, 103.85296166666667], [1.2072633333333334, 103.85220333333334], [1.2071066666666668, 103.85179666666667], [1.20694, 103.85136666666666], [1.2068633333333334, 103.85117666666666], [1.206845, 103.85114166666666], [1.2067983333333334, 103.85102666666667], [1.2066033333333333, 103.85059833333334], [1.2062666666666666, 103.84983666666666], [1.2062166666666667, 103.849715], [1.2062, 103.84967333333333], [1.2061833333333334, 103.84963166666667], [1.2061333333333333, 103.849505], [1.206115, 103.84946166666667], [1.2060983333333333, 103.84942], [1.2060333333333333, 103.84925], [1.2059683333333333, 103.84909333333333], [1.2059233333333332, 103.84898166666666], [1.20588, 103.84886166666666], [1.20578, 103.84857], [1.2056566666666666, 103.848185], [1.2054533333333333, 103.84741333333334], [1.205205, 103.846555], [1.2050883333333333, 103.84616166666666], [1.2049683333333334, 103.84577666666667], [1.2047316666666668, 103.84498666666667], [1.2044416666666666, 103.844135], [1.2043183333333334, 103.84374833333334], [1.20417, 103.84335833333333], [1.203765, 103.84214833333333], [1.2036383333333334, 103.841755], [1.2034033333333334, 103.84092833333334], [1.2030183333333333, 103.83967166666666], [1.202885, 103.83925833333333], [1.2026383333333333, 103.83844166666667], [1.2025166666666667, 103.838005], [1.2023866666666667, 103.83757166666666], [1.2021183333333334, 103.836745], [1.201845, 103.83589666666667], [1.2013466666666666, 103.83416166666666], [1.20126, 103.83378], [1.201155, 103.83331], [1.20093, 103.83239666666667], [1.2007383333333332, 103.83156666666666], [1.2006466666666666, 103.83119666666667], [1.2005433333333333, 103.83072833333334], [1.2003083333333333, 103.82983333333334], [1.2000783333333334, 103.82904666666667], [1.1998033333333333, 103.82821666666666], [1.199695, 103.82784833333334], [1.19948, 103.82722833333334], [1.19945, 103.82715], [1.1992433333333334, 103.82664166666666], [1.198915, 103.82585833333333], [1.198525, 103.82506166666667], [1.1981816666666667, 103.82432833333333], [1.1974016666666667, 103.82282333333333]], "533048500": [[1.21562, 103.86258333333333], [1.2154083333333334, 103.86219], [1.2151483333333333, 103.86175666666666], [1.2147083333333333, 103.86099166666666], [1.21427, 103.86025333333333], [1.2133183333333333, 103.85867333333333], [1.2129383333333332, 103.85796666666667], [1.2126816666666667, 103.85753166666667], [1.2122116666666667, 103.856755], [1.2115183333333333, 103.85565666666666], [1.2112766666666666, 103.85526833333333], [1.210785, 103.85459166666666], [1.21052, 103.85427833333334], [1.2102716666666666, 103.85396666666666], [1.21006, 103.85368333333334], [1.2098183333333334, 103.85332666666666], [1.2093633333333333, 103.85273], [1.209145, 103.85241166666667], [1.20896, 103.85208166666666], [1.2088066666666666, 103.851795], [1.2082733333333333, 103.850795], [1.2081016666666666, 103.85045666666667], [1.207795, 103.84978166666667], [1.2076566666666666, 103.84944666666667], [1.2074083333333334, 103.84876333333334], [1.2072766666666668, 103.84841333333334], [1.2071333333333334, 103.84807666666667], [1.206995, 103.84775333333333], [1.20688, 103.84744166666667], [1.2067166666666667, 103.84678166666667], [1.2066616666666667, 103.846435], [1.2065216666666667, 103.84572833333333], [1.20647, 103.84537666666667], [1.2063983333333332, 103.84500333333334], [1.20635, 103.84471], [1.206305, 103.84438666666667], [1.2062883333333334, 103.84404333333333], [1.2062716666666666, 103.84371666666667], [1.20623, 103.84337], [1.2062083333333333, 103.84270333333333], [1.2062216666666667, 103.84238666666667], [1.20623, 103.84206166666667], [1.2062716666666666, 103.84138], [1.2062716666666666, 103.84070833333334], [1.2062783333333333, 103.84036], [1.2063733333333333, 103.83871333333333], [1.20641, 103.83838333333334], [1.206445, 103.83805666666666], [1.2064816666666667, 103.83773333333333], [1.20653, 103.837425], [1.2066783333333333, 103.83681666666666], [1.20677, 103.83651833333333], [1.2068733333333332, 103.83623333333334], [1.206955, 103.83593166666667], [1.2070333333333334, 103.83563166666667], [1.20712, 103.83533666666666], [1.2072333333333334, 103.83504833333333], [1.2074933333333333, 103.83448833333334], [1.207655, 103.83423666666667], [1.2077916666666666, 103.833945], [1.2079383333333333, 103.833645], [1.2080833333333334, 103.83337833333333], [1.2082333333333333, 103.83310833333333], [1.20839, 103.83283666666667], [1.2085383333333333, 103.832555], [1.2086916666666667, 103.83225], [1.20883, 103.83201166666667], [1.2092616666666667, 103.83121166666666], [1.2094083333333334, 103.83093666666667], [1.20957, 103.830645], [1.2100333333333333, 103.82994833333333], [1.2103583333333334, 103.82943], [1.2105383333333333, 103.829175], [1.2108633333333334, 103.828755], [1.21122, 103.82829166666667], [1.211405, 103.82807666666666], [1.2116, 103.827845], [1.2122083333333333, 103.82703833333333], [1.2125216666666667, 103.82668833333334]],