{"255805960": [[1.2142033333333333, 103.86150833333333], [1.2139733333333333, 103.86097333333333], [1.2137433333333334, 103.860455], [1.21351, 103.85994], [1.2127966666666667, 103.858355], [1.21258, 103.85787166666667], [1.2123533333333334, 103.85735166666667], [1.21211, 103.85682333333334], [1.2113816666666666, 103.85517333333334], [1.211155, 103.85469333333333], [1.2109066666666666, 103.85410833333333], [1.2106783333333333, 103.85355666666666], [1.2104683333333333, 103.85307833333333], [1.2099983333333333, 103.85199666666666], [1.209775, 103.85144166666667], [1.2095516666666666, 103.85091166666666], [1.2093016666666667, 103.85031166666667], [1.2090783333333333, 103.84975833333333], [1.2086283333333334, 103.848675], [1.2084166666666667, 103.84818], [1.2081733333333333, 103.84764166666666], [1.2079266666666666, 103.84709166666667], [1.2074566666666666, 103.84601833333333], [1.2072383333333334, 103.845505], [1.206965, 103.844845], [1.2067733333333333, 103.84431166666667], [1.20658, 103.84376], [1.206265, 103.84274833333333], [1.2061416666666667, 103.84227], [1.2060116666666667, 103.84170833333333], [1.205915, 103.84119333333334], [1.2058366666666667, 103.84067833333333], [1.20579, 103.840195], [1.205655, 103.83876333333333], [1.20561, 103.83824833333334], [1.2055733333333334, 103.83778166666667]], "566010000": [[1.20813, 103.85332], [1.2083133333333334, 103.85380166666667], [1.2085416666666666, 103.85439], [1.20873, 103.85487333333333], [1.2089116666666666, 103.85535833333333], [1.20934, 103.85649833333333], [1.20976, 103.85758], [1.20998, 103.85818], [1.2101666666666666, 103.85867166666667], [1.2106466666666666, 103.85972333333333], [1.2111983333333334, 103.86081], [1.2114416666666667, 103.861275], [1.2116933333333333, 103.861735], [1.2119833333333334, 103.86224166666666], [1.2123, 103.862805], [1.212565, 103.86326166666667], [1.2129183333333333, 103.86387166666667], [1.2131833333333333, 103.86433333333333], [1.2134833333333332, 103.86484], [1.2140783333333334, 103.86585833333334], [1.2143833333333334, 103.866365], [1.2147183333333333, 103.86692], [1.2149883333333333, 103.86737833333333], [1.21533, 103.86793833333333], [1.2155816666666666, 103.868345], [1.2159183333333334, 103.86890833333334], [1.216255, 103.86947333333333], [1.21656, 103.86998666666666], [1.2168333333333334, 103.87045333333333], [1.2174433333333334, 103.87149], [1.2177383333333334, 103.87201], [1.2180383333333333, 103.87253166666666], [1.218345, 103.87305333333333], [1.2186183333333334, 103.87352333333334], [1.219025, 103.87420333333333], [1.2195733333333334, 103.875155], [1.219905, 103.87574166666667], [1.2202016666666666, 103.876275], [1.2204333333333333, 103.87670666666666], [1.22078, 103.877355], [1.22104, 103.87784], [1.2213266666666667, 103.87837833333333], [1.2216066666666667, 103.878925], [1.221935, 103.87958333333333], [1.2221533333333334, 103.88002166666666], [1.222475, 103.88068666666666], [1.2226883333333334, 103.88113166666666], [1.222955, 103.88168833333333], [1.22322, 103.88224666666666], [1.223505, 103.88286333333333], [1.223705, 103.88331166666667], [1.2240083333333334, 103.88398833333333], [1.2242366666666666, 103.884495], [1.2245233333333334, 103.88511333333334], [1.2247716666666666, 103.88568], [1.2250433333333333, 103.886305], [1.2252383333333334, 103.88675833333333], [1.225505, 103.88738666666667], [1.22572, 103.88790166666666], [1.225965, 103.888475], [1.2262083333333333, 103.889045], [1.22647, 103.889675], [1.2266583333333334, 103.89013333333334], [1.22697, 103.89087333333333], [1.2271583333333334, 103.89133], [1.2274133333333332, 103.89195833333333], [1.2278816666666668, 103.89310333333333], [1.2280916666666666, 103.89362], [1.2283533333333334, 103.89424666666666], [1.2287983333333334, 103.89533333333334], [1.2293183333333333, 103.89659166666667], [1.2295066666666667, 103.89705166666667], [1.229765, 103.89768], [1.2302383333333333, 103.898815], [1.23092, 103.90046166666667], [1.2311616666666667, 103.901095], [1.2315733333333334, 103.902195], [1.2320333333333333, 103.903475], [1.2324333333333333, 103.904585], [1.2326433333333333, 103.90517], [1.2330483333333333, 103.90627666666667], [1.23328, 103.906915], [1.2334466666666666, 103.90738166666667], [1.2341016666666667, 103.90919], [1.2347683333333332, 103.91093], [1.2350383333333332, 103.911625], [1.2356833333333332, 103.91329666666667], [1.2359166666666668, 103.91387], [1.2368466666666666, 103.91615], [1.2370733333333332, 103.91671833333334], [1.2375583333333333, 103.91791666666667], [1.2382316666666666, 103.91957166666667], [1.238725, 103.92076333333333], [1.238955, 103.92133666666666], [1.24013, 103.92418833333333], [1.24039, 103.924675], [1.2406966666666666, 103.92520166666667], [1.2421466666666667, 103.92730833333333], [1.2424466666666667, 103.927695], [1.244375, 103.93006333333334], [1.2468816666666667, 103.93274166666667], [1.249525, 103.93537666666667], [1.2503283333333333, 103.936215], [1.2522533333333334, 103.93842166666667], [1.252655, 103.93896166666667], [1.25511, 103.94249666666667], [1.2562983333333333, 103.94458333333333], [1.2568833333333334, 103.94574333333334], [1.257165, 103.94630166666667], [1.2587216666666667, 103.949595], [1.2595316666666667, 103.951325], [1.2600533333333332, 103.95244166666667], [1.2611016666666666, 103.95467166666667], [1.2613616666666667, 103.95523166666666], [1.2618916666666666, 103.95634166666666], [1.263455, 103.95962], [1.2650233333333334, 103.96301166666667], [1.265545, 103.964185], [1.266255, 103.96582], [1.2670516666666667, 103.96760666666667], [1.2672966666666667, 103.96816666666666], [1.2680216666666666, 103.96979], [1.2682516666666668, 103.970295], [1.268535, 103.97091], [1.2695583333333333, 103.97314166666666], [1.2700683333333334, 103.97425666666666], [1.2705816666666667, 103.97537], [1.2716716666666668, 103.97756], [1.2722216666666666, 103.97865666666667], [1.2727783333333333, 103.97975], [1.2733416666666666, 103.98084166666666], [1.27416, 103.98236833333333], [1.2751016666666666, 103.98415666666666], [1.275635, 103.98519], [1.2761966666666666, 103.98628]]}
