{"563067320": [[1.212365, 103.84664], [1.2124116666666667, 103.84666], [1.2124233333333334, 103.84668333333333], [1.212435, 103.84668166666667], [1.2125016666666666, 103.84680666666667], [1.212535, 103.84694833333333], [1.212395, 103.847175], [1.212325, 103.84721666666667], [1.2123116666666667, 103.84723833333334], [1.2122433333333333, 103.84727], [1.2122083333333333, 103.847275], [1.2121216666666668, 103.84722333333333], [1.2121, 103.84725166666666], [1.2120783333333334, 103.84721166666667], [1.21208, 103.847225], [1.2120583333333332, 103.84720166666666]], "563843000": [[1.2081266666666666, 103.85506833333334], [1.20843, 103.85558166666667], [1.2085816666666667, 103.85583833333334], [1.2089033333333334, 103.85638166666666], [1.209175, 103.85684833333333], [1.20979, 103.85792], [1.209955, 103.85820833333334], [1.21009, 103.85844333333333], [1.2107116666666666, 103.85947833333333], [1.21087, 103.859735], [1.2110133333333333, 103.85996833333333], [1.21119, 103.86025], [1.2113516666666666, 103.860505], [1.2116816666666668, 103.86101333333333], [1.2118466666666667, 103.86126833333333], [1.2120116666666667, 103.86152333333334], [1.2121566666666668, 103.86175666666666], [1.2123483333333334, 103.86207], [1.2125066666666666, 103.86233333333334], [1.2126666666666666, 103.862595], [1.21281, 103.86283333333333], [1.2129866666666667, 103.86312166666667], [1.2131166666666666, 103.86333166666667], [1.2133133333333332, 103.86364333333333], [1.2134633333333333, 103.86388], [1.21363, 103.86414], [1.2137983333333333, 103.86440166666667], [1.2139816666666667, 103.86468833333333], [1.2141133333333334, 103.86489833333333], [1.21431, 103.86521333333333], [1.2144583333333334, 103.86545], [1.2146233333333334, 103.865715], [1.2149583333333334, 103.86626833333334], [1.215105, 103.866505], [1.215285, 103.86679666666667], [1.2155966666666667, 103.86729833333334], [1.2159416666666667, 103.86785333333333], [1.216075, 103.86806833333333], [1.2162766666666667, 103.86838833333333], [1.2165933333333334, 103.868895], [1.2167383333333333, 103.86914], [1.2169183333333333, 103.86943833333333], [1.217065, 103.86968], [1.2172466666666666, 103.86997666666667], [1.2176016666666667, 103.87053833333333], [1.217755, 103.87078], [1.2179066666666667, 103.87102], [1.218075, 103.87129], [1.21827, 103.87161666666667], [1.2185716666666666, 103.872135], [1.2187333333333332, 103.87240833333334], [1.2190333333333334, 103.872925], [1.219525, 103.87377333333333], [1.219685, 103.874045], [1.2198466666666667, 103.874315], [1.2200233333333332, 103.87461333333333], [1.22017, 103.87485833333334], [1.2205016666666666, 103.87539166666667], [1.22067, 103.87565], [1.2210133333333333, 103.87617333333333], [1.2215283333333333, 103.87696833333334], [1.2216983333333333, 103.877235], [1.22185, 103.87747333333333], [1.2220333333333333, 103.877765], [1.2225416666666666, 103.878595], [1.222705, 103.878865], [1.2228316666666668, 103.87908], [1.2231683333333334, 103.87964833333334], [1.2236533333333333, 103.88045333333334], [1.2237966666666666, 103.880695], [1.2241066666666667, 103.88124166666667], [1.22456, 103.88206666666666], [1.224725, 103.88237166666667], [1.2250233333333334, 103.882925], [1.2254783333333332, 103.883755], [1.2256333333333334, 103.88402833333333], [1.225805, 103.88433], [1.2259466666666667, 103.88457666666666], [1.2267466666666667, 103.88593166666666], [1.2268933333333334, 103.886175], [1.227085, 103.88649666666667], [1.22739, 103.88701166666667], [1.22773, 103.88758], [1.227875, 103.88782333333333], [1.2280533333333334, 103.88812166666666], [1.228345, 103.88861], [1.2286816666666667, 103.88918166666667], [1.2289966666666667, 103.88973166666666], [1.229295, 103.89025333333333], [1.229635, 103.89086333333333], [1.22994, 103.89142333333334], [1.2302183333333334, 103.89192333333334], [1.2305516666666667, 103.8925], [1.2308783333333333, 103.89303833333334], [1.2311783333333333, 103.89355666666667], [1.2315016666666667, 103.894135], [1.2318183333333332, 103.89471666666667], [1.2321116666666667, 103.89527666666666], [1.2324, 103.89584], [1.23268, 103.89637333333333], [1.2330033333333332, 103.89695333333333], [1.2332983333333334, 103.89747833333334], [1.2339116666666667, 103.898585], [1.2342216666666668, 103.89917166666666], [1.23481, 103.90029166666666], [1.2351133333333333, 103.90084666666667], [1.23586, 103.90218166666666], [1.2360283333333333, 103.90249166666666], [1.23633, 103.90305833333333], [1.2366283333333334, 103.90363166666667], [1.2367766666666666, 103.90391666666666], [1.2374966666666667, 103.90532833333333], [1.2377816666666666, 103.90591333333333], [1.2380716666666667, 103.90652666666666], [1.238335, 103.90708333333333], [1.2386266666666668, 103.90769666666667], [1.2389183333333333, 103.90831], [1.2390416666666666, 103.908575], [1.2391666666666667, 103.90883666666667], [1.2394633333333334, 103.90944833333333], [1.23976, 103.91002666666667], [1.23992, 103.91030666666667], [1.2400683333333333, 103.91055666666666], [1.2403983333333333, 103.911115], [1.2407483333333333, 103.91169666666667], [1.241075, 103.91225666666666], [1.2413866666666666, 103.91282333333334], [1.24197, 103.91397333333333], [1.2424, 103.91479833333334], [1.2425483333333334, 103.91508333333333], [1.2428566666666667, 103.91564833333334], [1.2431983333333334, 103.91626333333333], [1.2437933333333333, 103.91736166666666], [1.2439583333333333, 103.91767166666666], [1.244095, 103.91792666666667], [1.244695, 103.91902333333333], [1.2450233333333334, 103.91960833333333], [1.245325, 103.92013833333333], [1.2456566666666666, 103.92072666666667]], "563037860": [[1.2169066666666666, 103.85192666666667], [1.2169183333333333, 103.85190833333333], [1.2169183333333333, 103.851905], [1.21692, 103.8519], [1.21692, 103.85191], [1.2169166666666666, 103.851915], [1.216915, 103.851915], [1.2169183333333333, 103.85191666666667], [1.2169183333333333, 103.85191333333333], [1.216915, 103.85191666666667], [1.216915, 103.851895]],