{"565744000": [[1.20912, 103.858325], [1.2094416666666667, 103.85853], [1.20968, 103.85867333333333], [1.2099266666666666, 103.85881833333333], [1.2102066666666667, 103.85897333333334], [1.2104833333333334, 103.859125], [1.210765, 103.85926833333333], [1.21136, 103.859515], [1.2116616666666666, 103.85960166666666], [1.2119433333333334, 103.85968], [1.2122716666666666, 103.85978833333333], [1.2125366666666666, 103.85988666666667], [1.2128616666666667, 103.86000333333334], [1.213145, 103.860125], [1.213415, 103.86026666666666], [1.2136433333333334, 103.86041333333333], [1.21409, 103.86078166666667], [1.2143, 103.86102833333334], [1.2145, 103.86124166666667], [1.2146983333333334, 103.86145], [1.2148633333333334, 103.86165333333334], [1.2150583333333334, 103.86190666666667], [1.2152133333333333, 103.86211666666667], [1.215415, 103.86236833333334], [1.215595, 103.86260833333333], [1.21577, 103.86283833333333], [1.2159533333333334, 103.86303333333333], [1.2161783333333334, 103.863265], [1.2163716666666666, 103.86344333333334], [1.2166283333333334, 103.86362], [1.216835, 103.86381], [1.2170466666666666, 103.864015], [1.2172333333333334, 103.86422333333333], [1.2174666666666667, 103.86445833333333], [1.2176583333333333, 103.86466166666666]], "477071900": [[1.2130483333333333, 103.86215833333333], [1.2128216666666667, 103.86169], [1.2121266666666666, 103.86035166666667], [1.211645, 103.85937], [1.211205, 103.85836666666667], [1.2109, 103.85750833333333], [1.2105683333333332, 103.856435], [1.2102466666666667, 103.85541166666667], [1.20973, 103.85395333333334], [1.2095733333333334, 103.853515], [1.2093666666666667, 103.85304833333333], [1.20915, 103.85253833333333], [1.2089683333333334, 103.85212833333334], [1.208785, 103.85173166666667], [1.20859, 103.85116666666667], [1.2084733333333333, 103.85079], [1.2082883333333334, 103.85029666666667], [1.20814, 103.84980333333333], [1.2080483333333334, 103.84944333333334], [1.20794, 103.84898166666666], [1.2078033333333333, 103.84844], [1.2077216666666666, 103.84803833333334], [1.2076233333333333, 103.84758333333333], [1.2075066666666667, 103.84715], [1.2074066666666667, 103.84670833333334], [1.2073283333333333, 103.84631333333333], [1.2072166666666666, 103.8458], [1.207135, 103.845455], [1.20701, 103.84498166666667], [1.2068033333333332, 103.84414333333334], [1.2067233333333334, 103.84376166666667], [1.2066016666666666, 103.84327166666667], [1.2065266666666667, 103.84294666666666], [1.20639, 103.84249666666666], [1.206265, 103.84210166666666], [1.2061566666666668, 103.84170666666667], [1.20604, 103.84127166666667], [1.2059583333333332, 103.84087], [1.2059133333333334, 103.84054833333333], [1.2058783333333334, 103.84012333333334], [1.205865, 103.83973166666667], [1.2058616666666666, 103.839395], [1.2059216666666666, 103.83857833333333], [1.2059333333333333, 103.83827], [1.2059816666666667, 103.837865], [1.206025, 103.83750333333333], [1.2060566666666668, 103.83717333333334], [1.2061116666666667, 103.83674], [1.2061466666666667, 103.83638], [1.2061833333333334, 103.83606333333333], [1.2062216666666667, 103.83572333333333]], "565923000": [[1.2085633333333334, 103.85641333333334], [1.208815, 103.85662666666667], [1.2091233333333333, 103.85688666666667], [1.2097133333333334, 103.85732666666667], [1.2103383333333333, 103.85773333333333], [1.2106233333333334, 103.85791333333333], [1.2110033333333334, 103.85817333333334], [1.2113116666666666, 103.85838666666666], [1.2115933333333333, 103.85856666666666], [1.2119033333333333, 103.85876], [1.2125516666666667, 103.85898666666667], [1.2129766666666666, 103.8591], [1.2136616666666666, 103.85926666666667], [1.214375, 103.85947333333333], [1.2146883333333334, 103.85960666666666], [1.2150666666666667, 103.85982], [1.2153316666666667, 103.86006], [1.2155683333333334, 103.86027333333334], [1.216575, 103.86138], [1.2167916666666667, 103.86167333333333], [1.2169666666666668, 103.86196666666666], [1.2176666666666667, 103.86328666666667], [1.2178916666666666, 103.86356], [1.21812, 103.86378666666667], [1.2183616666666666, 103.86404666666667], [1.2190866666666667, 103.86476666666667]]}
