{"563027990": [[1.216705, 103.86304], [1.2164883333333334, 103.86258666666667], [1.2164016666666666, 103.86237333333334], [1.21623, 103.86198], [1.2159983333333333, 103.86154], [1.2158783333333334, 103.86134666666666], [1.21576, 103.86118666666667], [1.2154616666666667, 103.86082666666667], [1.2153183333333333, 103.86068], [1.2151533333333333, 103.8605], [1.2150183333333333, 103.86035333333334], [1.2148683333333334, 103.86016], [1.2146383333333333, 103.85982], [1.2145266666666668, 103.85964], [1.214425, 103.85944], [1.2143116666666667, 103.85921333333333], [1.213965, 103.85866], [1.2138216666666666, 103.85844666666667], [1.2136816666666668, 103.85828666666667], [1.2135383333333334, 103.85810666666667], [1.2131283333333334, 103.85762], [1.21301, 103.85746], [1.2128783333333333, 103.85726], [1.2127666666666668, 103.85708], [1.2124333333333333, 103.85656], [1.2123116666666667, 103.85638], [1.212185, 103.85623333333334], [1.2120433333333334, 103.85606], [1.2116166666666666, 103.8556]], "565299000": [[1.2158916666666666, 103.862705], [1.2130016666666668, 103.858865], [1.2120416666666667, 103.85758166666666], [1.210995, 103.855715], [1.2106233333333334, 103.85514], [1.2097633333333333, 103.85394333333333], [1.2094266666666666, 103.85329166666666], [1.209345, 103.85310333333334], [1.209275, 103.85289166666666], [1.2090166666666666, 103.85208333333334], [1.2088116666666666, 103.85145333333334], [1.208405, 103.850205], [1.2081966666666666, 103.84958666666667], [1.2078533333333332, 103.84826166666667], [1.2077283333333333, 103.84762833333333], [1.2075866666666666, 103.846975], [1.20733, 103.84557666666667]]}
