{"370297000": [[1.2130833333333333, 103.86203333333333], [1.2128666666666668, 103.86166666666666], [1.21255, 103.86113333333333]], "566540000": [[1.2158216666666666, 103.862945], [1.21568, 103.86274666666667], [1.215475, 103.86244], [1.2151766666666666, 103.86191], [1.21477, 103.86118166666667], [1.21431, 103.86036833333333], [1.213885, 103.85963666666666], [1.2132783333333332, 103.85891333333333], [1.21273, 103.85831166666667], [1.2123016666666666, 103.85761666666667], [1.2115683333333334, 103.85613], [1.2104983333333332, 103.85477666666667], [1.210015, 103.854365], [1.20942, 103.85383166666666], [1.209245, 103.853625], [1.2088166666666667, 103.85248833333333], [1.2088066666666666, 103.85224666666667], [1.2088266666666667, 103.85194833333334], [1.20887, 103.85122], [1.20887, 103.851025], [1.208875, 103.85078], [1.20887, 103.850475], [1.2087783333333333, 103.849665], [1.2087133333333333, 103.84946666666667], [1.2084783333333333, 103.848985], [1.207915, 103.84802666666667], [1.20762, 103.84745666666667], [1.20743, 103.84692333333334], [1.2073016666666667, 103.84644166666666], [1.20718, 103.845835], [1.2071083333333332, 103.84557], [1.2068633333333334, 103.84482333333334], [1.2068, 103.84451], [1.2067533333333333, 103.84425], [1.2067316666666668, 103.84398166666666], [1.2067566666666667, 103.84370166666666], [1.2068216666666667, 103.84324833333334], [1.2069716666666668, 103.84269333333333], [1.20705, 103.84243333333333], [1.20712, 103.84218833333334], [1.2072, 103.841715], [1.2072283333333333, 103.84140333333333], [1.2072433333333332, 103.841205], [1.207285, 103.84063833333333], [1.2073016666666667, 103.84015666666667], [1.207315, 103.83987333333333], [1.2073316666666667, 103.83967333333334], [1.2074183333333333, 103.83909666666666], [1.2075983333333333, 103.83813], [1.20769, 103.837575], [1.2077366666666667, 103.83730333333334], [1.207765, 103.837085], [1.207765, 103.83654833333334], [1.2077733333333334, 103.834925], [1.2077533333333332, 103.83405666666667], [1.20775, 103.833835], [1.2077583333333333, 103.8335], [1.2077633333333333, 103.83328], [1.2078633333333333, 103.83165], [1.207885, 103.83133666666667], [1.2079516666666668, 103.83055833333333], [1.2080083333333334, 103.82999833333334], [1.2080666666666666, 103.82965666666666], [1.2081033333333333, 103.829435], [1.2082433333333333, 103.82888166666666], [1.20852, 103.82795333333334], [1.208545, 103.82773166666666], [1.2086466666666666, 103.827155], [1.2087183333333333, 103.82648666666667], [1.2087166666666667, 103.82596666666667], [1.2087283333333334, 103.82534666666666], [1.2087666666666668, 103.82465666666667], [1.2087816666666666, 103.82435666666667], [1.2088083333333333, 103.82411833333333], [1.208875, 103.82351333333334], [1.2090233333333333, 103.82253666666666], [1.2090616666666667, 103.82229666666667], [1.20947, 103.82070166666666], [1.2095016666666667, 103.82045], [1.2096016666666667, 103.81978], [1.2098183333333334, 103.81886166666666], [1.20988, 103.81861833333333], [1.20997, 103.81824666666667], [1.2100583333333332, 103.81793166666667], [1.210345, 103.81695], [1.210385, 103.81669333333333], [1.2104766666666666, 103.81598833333334]], "371303000": [[1.2130166666666666, 103.86176666666667], [1.2128833333333333, 103.86143333333334], [1.2126833333333333, 103.86095], [1.2123666666666666, 103.86011666666667], [1.2120666666666666, 103.85928333333334], [1.21175, 103.85846666666667], [1.2113833333333333, 103.85758333333334], [1.2111166666666666, 103.85688333333333], [1.21075, 103.856], [1.2104, 103.8552], [1.2100833333333334, 103.8545], [1.2099, 103.8541], [1.2096666666666667, 103.85363333333333], [1.2095166666666666, 103.85333333333334], [1.2093166666666666, 103.8529], [1.2089166666666666, 103.85215], [1.2087, 103.85173333333333], [1.2085166666666667, 103.8514], [1.2083666666666666, 103.85108333333334], [1.2081333333333333, 103.85063333333333], [1.2077666666666667, 103.84986666666667], [1.2075833333333332, 103.84948333333334], [1.2074333333333334, 103.8491], [1.2072833333333333, 103.84871666666666], [1.2071333333333334, 103.84836666666666], [1.2068333333333334, 103.84753333333333], [1.2067333333333334, 103.84718333333333], [1.2066333333333332, 103.84678333333333], [1.2063, 103.84535], [1.2061666666666666, 103.84471666666667], [1.2061, 103.84436666666667], [1.20605, 103.84403333333333], [1.2059833333333334, 103.84355], [1.2058166666666668, 103.84235], [1.20575, 103.84195], [1.2057166666666668, 103.84163333333333], [1.20565, 103.84115], [1.2054833333333332, 103.83956666666667], [1.20545, 103.83913333333334], [1.2054, 103.83715], [1.2054, 103.83675], [1.2054166666666666, 103.83626666666666], [1.2057, 103.83393333333333], [1.2061333333333333, 103.83155], [1.2061833333333334, 103.83123333333333], [1.20625, 103.83083333333333], [1.2066333333333332, 103.82925], [1.20675, 103.82886666666667], [1.20695, 103.82816666666666], [1.2073166666666666, 103.82685], [1.2074166666666666, 103.82655], [1.2076333333333333, 103.82575], [1.2078666666666666, 103.82501666666667], [1.2084833333333334, 103.82296666666667], [1.2087833333333333, 103.82176666666666], [1.2091, 103.8206], [1.2093833333333333, 103.81938333333333], [1.2097166666666668, 103.81815], [1.2098166666666668, 103.81775], [1.2100166666666667, 103.81691666666667], [1.2102166666666667, 103.81601666666667], [1.2103, 103.81563333333334], [1.2103666666666666, 103.8153], [1.21055, 103.81446666666666], [1.21085, 103.81311666666667], [1.2109166666666666, 103.81278333333333], [1.2111333333333334, 103.81185], [1.2112166666666666, 103.81146666666666], [1.2113166666666666, 103.811], [1.21145, 103.81026666666666], [1.21165, 103.80933333333333], [1.2118666666666666, 103.80846666666666], [1.2121, 103.80761666666666], [1.2123666666666666, 103.80676666666666], [1.2127, 103.8059], [1.2130166666666666, 103.80516666666666], [1.2134, 103.80436666666667], [1.2138166666666668, 103.80358333333334], [1.21425, 103.80285], [1.2153833333333333, 103.80141666666667], [1.2159833333333334, 103.80078333333333], [1.2173, 103.79948333333333], [1.2178833333333334, 103.79893333333334], [1.21915, 103.79776666666666], [1.2197833333333334, 103.79716666666667], [1.2211833333333333, 103.79591666666667], [1.2222, 103.79513333333334], [1.2300666666666666, 103.7891], [1.23175, 103.78775], [1.2334833333333333, 103.78636666666667], [1.2346833333333334, 103.78551666666667], [1.2371666666666667, 103.78391666666667], [1.23775, 103.78355], [1.2386833333333334, 103.78293333333333], [1.2391833333333333, 103.7826], [1.2403, 103.78193333333333], [1.24085, 103.7816], [1.2425333333333333, 103.78078333333333], [1.2442833333333334, 103.77998333333333], [1.2454, 103.77961666666667], [1.2456833333333333, 103.77953333333333], [1.2471, 103.7791], [1.2477333333333334, 103.7789], [1.2482166666666668, 103.77876666666667], [1.2488166666666667, 103.77858333333333], [1.2493833333333333, 103.7784], [1.24995, 103.77823333333333], [1.25205, 103.77765], [1.2534666666666667, 103.77726666666666], [1.2547333333333333, 103.77693333333333], [1.2555166666666666, 103.7767], [1.2558666666666667, 103.77658333333333], [1.25645, 103.77641666666666], [1.2565833333333334, 103.77636666666666], [1.2576833333333333, 103.77608333333333], [1.25805, 103.776], [1.2587833333333334, 103.77586666666667], [1.2591666666666668, 103.77581666666667], [1.2611333333333334, 103.77591666666666], [1.26315, 103.77666666666667], [1.2634166666666666, 103.77678333333333]], "563037860": [[1.2169083333333333, 103.85190833333333], [1.2169133333333333, 103.85190666666666], [1.216915, 103.85191], [1.2169133333333333, 103.851905], [1.2169083333333333, 103.85190333333334], [1.2169083333333333, 103.85190666666666], [1.2168983333333334, 103.85192166666667], [1.2169116666666666, 103.85190666666666], [1.2169133333333333, 103.85191], [1.21691, 103.85191333333333], [1.2169083333333333, 103.85191166666667], [1.2168966666666667, 103.85191833333333], [1.21691, 103.85191333333333]],