{"566687000": [[1.20829, 103.85425166666667], [1.20846, 103.85449], [1.2086183333333334, 103.85471], [1.2087466666666666, 103.85489333333334], [1.2088783333333333, 103.85508], [1.20903, 103.855285], [1.2091816666666666, 103.85549333333333], [1.2093483333333332, 103.85572333333333], [1.2094983333333333, 103.85593166666666], [1.2096316666666667, 103.85612333333333], [1.2097783333333334, 103.85633833333333], [1.2099333333333333, 103.85658333333333], [1.2100583333333332, 103.85678333333334], [1.2102133333333334, 103.85702333333333], [1.210355, 103.85723833333333], [1.2106183333333334, 103.85764666666667], [1.2107683333333332, 103.857885], [1.2108866666666667, 103.85808], [1.211045, 103.85833833333334], [1.2111683333333334, 103.85853166666666], [1.2112916666666667, 103.858725], [1.2114283333333333, 103.85893833333333], [1.2115783333333334, 103.85917666666667], [1.2117133333333334, 103.859395], [1.21185, 103.85961333333333], [1.21199, 103.85983166666666], [1.212255, 103.86024833333333], [1.2124083333333333, 103.86049166666666], [1.212545, 103.860715], [1.2126966666666668, 103.86096], [1.2133966666666667, 103.86207666666667], [1.213525, 103.86227833333334], [1.21392, 103.86294], [1.21407, 103.86319333333333], [1.21421, 103.86342166666667], [1.2147866666666667, 103.86433666666667], [1.2149283333333334, 103.86456666666666], [1.2150833333333333, 103.86482166666667], [1.215345, 103.865235], [1.215655, 103.86571833333333], [1.2158016666666667, 103.86595], [1.2162166666666667, 103.86663666666666], [1.2166883333333334, 103.86735], [1.2168633333333334, 103.867565], [1.21721, 103.86796666666666], [1.217605, 103.86840666666667], [1.2178166666666668, 103.86863666666666], [1.2180116666666667, 103.868845], [1.2182066666666667, 103.869055], [1.2187533333333334, 103.86964666666667], [1.21897, 103.86988166666667], [1.2191283333333334, 103.87005166666667], [1.2193683333333334, 103.87030666666666], [1.21953, 103.87047833333334], [1.2197566666666666, 103.87071], [1.2199616666666666, 103.87092], [1.2202066666666667, 103.87117833333333], [1.2203666666666666, 103.87135166666667], [1.22061, 103.87161333333333], [1.2207733333333333, 103.871785], [1.2212, 103.87221333333333], [1.22161, 103.87264333333333], [1.221835, 103.872885], [1.222245, 103.87333333333333], [1.2224266666666668, 103.873535], [1.2226583333333334, 103.87377833333333], [1.2230766666666666, 103.87421166666667]], "565888000": [[1.2081833333333334, 103.85429833333333], [1.208315, 103.85451333333333], [1.2084666666666666, 103.85475], [1.2088116666666666, 103.85526166666666], [1.2091433333333332, 103.85578166666667], [1.2094483333333332, 103.85629666666667], [1.2097783333333334, 103.85686833333334], [1.21036, 103.85791666666667], [1.21067, 103.85844666666667], [1.2109916666666667, 103.85898166666666], [1.2112983333333334, 103.85950666666666], [1.2114466666666666, 103.85977333333334], [1.2116033333333334, 103.860045], [1.2119033333333333, 103.860595], [1.2122016666666666, 103.86113833333333], [1.2124916666666667, 103.86169833333334], [1.2127833333333333, 103.86225333333333], [1.2130966666666667, 103.86281], [1.213405, 103.86334166666667], [1.214115, 103.86444666666667], [1.2142816666666667, 103.864685]], "565299000": [[1.216225, 103.86300166666666], [1.2157033333333334, 103.86225833333333], [1.2152233333333333, 103.86157333333334], [1.2147183333333333, 103.86085666666666], [1.2141916666666666, 103.86009166666666], [1.21372, 103.85938666666667], [1.213225, 103.85863666666667], [1.2126683333333332, 103.85785833333334], [1.2121883333333334, 103.857155], [1.211675, 103.85641333333334], [1.2111466666666666, 103.85561333333334], [1.2106766666666666, 103.85489], [1.210215, 103.85406666666667], [1.20983, 103.85325166666667], [1.2095383333333334, 103.85242166666667], [1.209255, 103.85156166666667], [1.2090166666666666, 103.85066333333333], [1.2086833333333333, 103.84883833333333], [1.2074916666666666, 103.84220833333333], [1.20698, 103.83949333333334], [1.2087916666666667, 103.82336833333333], [1.2107783333333333, 103.81312]]}
