{"563037860": [[1.2169033333333332, 103.8519], [1.21691, 103.85190833333333], [1.2169116666666666, 103.851915], [1.2169083333333333, 103.85191], [1.2169066666666666, 103.85190333333334], [1.216905, 103.851915], [1.2169066666666666, 103.85191]], "566709000": [[1.2161766666666667, 103.86291166666666], [1.2156666666666667, 103.86236166666667], [1.21543, 103.86207], [1.21517, 103.86178], [1.2146216666666667, 103.86111], [1.21414, 103.86053], [1.2139366666666667, 103.86025166666667], [1.2137166666666668, 103.85994166666667], [1.2126116666666666, 103.85836166666667], [1.2124133333333333, 103.858035], [1.2122416666666667, 103.85772833333333], [1.2120216666666668, 103.85730833333334], [1.2116683333333333, 103.85658166666667], [1.2115233333333333, 103.85628333333334], [1.211355, 103.85591666666667], [1.2112466666666666, 103.855645], [1.2111, 103.85524333333333], [1.210615, 103.85381], [1.2105333333333332, 103.85353166666667], [1.210425, 103.85314333333334], [1.2102416666666667, 103.85240666666667], [1.21017, 103.852095], [1.2100683333333333, 103.85168333333333], [1.2099916666666666, 103.851395], [1.2098733333333334, 103.851005], [1.2096166666666666, 103.84995166666667], [1.209535, 103.84956], [1.2094716666666667, 103.84927], [1.2094116666666668, 103.848885], [1.2092616666666667, 103.848155], [1.20918, 103.84779333333333], [1.2090966666666667, 103.847405], [1.2090316666666667, 103.84708666666667], [1.2089783333333333, 103.84674166666667], [1.2088233333333334, 103.84599833333333], [1.2087516666666667, 103.84563833333333], [1.2085866666666667, 103.84490333333333], [1.2085083333333333, 103.844545], [1.20836, 103.84380166666666], [1.208295, 103.84343666666666], [1.20823, 103.843045], [1.2081766666666667, 103.84271666666666], [1.2081133333333334, 103.84233833333333], [1.20806, 103.841935], [1.2080166666666667, 103.84160333333334], [1.20796, 103.84122333333333], [1.2079166666666667, 103.84086333333333], [1.2078733333333334, 103.84049333333333], [1.207765, 103.83970166666667], [1.207735, 103.83901166666666], [1.2076983333333333, 103.83860666666666], [1.2076933333333333, 103.83819166666666], [1.2077133333333334, 103.83744333333334], [1.2077316666666666, 103.836735], [1.20773, 103.83635333333334], [1.20774, 103.83595], [1.2077466666666667, 103.834535], [1.2077583333333333, 103.83377], [1.2077883333333332, 103.83304333333334], [1.2077983333333333, 103.832355], [1.2078133333333334, 103.831995], [1.2078466666666667, 103.83164833333333], [1.2079333333333333, 103.83023], [1.2080633333333333, 103.82799166666666], [1.2082016666666666, 103.826155], [1.2082266666666666, 103.825825], [1.208295, 103.82511333333333], [1.2084266666666668, 103.823235], [1.2087083333333333, 103.82073333333334], [1.2089333333333334, 103.819265], [1.2090466666666666, 103.81857833333333], [1.20913, 103.81779], [1.2092183333333333, 103.81706166666666], [1.2094983333333333, 103.815575], [1.2096733333333334, 103.814855], [1.210335, 103.81270833333333], [1.2108866666666667, 103.81121], [1.211515, 103.80987166666667], [1.2118466666666667, 103.809075], [1.2121333333333333, 103.80839666666667], [1.2130983333333334, 103.80620666666667], [1.2157133333333334, 103.80169666666667], [1.217145, 103.79979], [1.2184216666666667, 103.798205], [1.2186666666666666, 103.79787833333333], [1.2216066666666667, 103.79459166666666], [1.2218716666666667, 103.79433666666667], [1.222895, 103.79348166666666], [1.2252966666666667, 103.79160333333333], [1.2264066666666666, 103.79087833333334], [1.2280083333333334, 103.78978], [1.23012, 103.78841833333334], [1.23124, 103.78772], [1.2317683333333334, 103.78737666666666], [1.2328666666666668, 103.78668333333333], [1.2334116666666666, 103.78639666666666], [1.2339783333333334, 103.78609666666667], [1.2342333333333333, 103.78595833333334]], "566751000": [[1.2174016666666667, 103.86315666666667], [1.216875, 103.86259666666666], [1.2165583333333334, 103.86225], [1.2163533333333334, 103.862015], [1.2160766666666667, 103.86169666666666], [1.2158633333333333, 103.86142833333334], [1.2153783333333332, 103.860845], [1.2150916666666667, 103.86050166666666], [1.21491, 103.86027833333333], [1.2144233333333334, 103.85967666666667], [1.2139333333333333, 103.85905166666667], [1.2136433333333334, 103.85868333333333], [1.21344, 103.858445], [1.2129283333333334, 103.85785166666666], [1.2124416666666666, 103.85725833333333], [1.212175, 103.856925], [1.21197, 103.85665666666667], [1.2115133333333334, 103.856065], [1.2109216666666667, 103.85507666666666], [1.2107683333333332, 103.85478166666667], [1.210495, 103.854085], [1.2103083333333333, 103.85342666666666], [1.2100916666666666, 103.85233], [1.210035, 103.85198166666666], [1.2099466666666667, 103.85131333333334], [1.20989, 103.850915], [1.2098383333333333, 103.85055], [1.2097816666666668, 103.85018833333334], [1.2097283333333333, 103.84982166666667], [1.2096783333333334, 103.849495], [1.2096166666666666, 103.84912666666666], [1.2095233333333333, 103.84871166666667], [1.2093933333333333, 103.847985], [1.2093366666666667, 103.84762833333333], [1.20925, 103.846955], [1.2091916666666667, 103.84655833333333], [1.2091116666666666, 103.84578166666667], [1.2090683333333334, 103.845415], [1.2090233333333333, 103.84508666666666], [1.2089816666666666, 103.84471], [1.208925, 103.84426833333333], [1.20886, 103.843545], [1.20884, 103.84315333333333], [1.20883, 103.842805], [1.20881, 103.84241666666667], [1.2087766666666666, 103.84197], [1.2087583333333334, 103.84124166666666], [1.2087166666666667, 103.84051833333334], [1.2086916666666667, 103.84014333333333], [1.208665, 103.83969166666667], [1.2086466666666666, 103.83938833333333], [1.20861, 103.83898166666667], [1.20858, 103.838615], [1.20855, 103.838255], [1.208515, 103.83793666666666], [1.2084866666666667, 103.837495], [1.2084266666666668, 103.83645833333334], [1.2084216666666667, 103.836095], [1.2084266666666668, 103.83577333333334], [1.208435, 103.83535833333333], [1.2084466666666667, 103.83507333333333], [1.208465, 103.83468333333333], [1.20849, 103.83431666666667], [1.2085083333333333, 103.83394666666666], [1.20852, 103.83364166666667], [1.208575, 103.83320166666667], [1.208615, 103.83292], [1.2086683333333332, 103.83249666666667], [1.2087183333333333, 103.831855], [1.2087666666666668, 103.83152666666666], [1.2088033333333332, 103.83108666666666], [1.2088633333333334, 103.83036], [1.2088916666666667, 103.83], [1.2089533333333333, 103.82934333333333], [1.2090733333333334, 103.82894333333333], [1.2094716666666667, 103.82840833333333], [1.2097183333333332, 103.82816166666667], [1.2099533333333334, 103.827945], [1.2101883333333334, 103.82771833333334], [1.2104683333333333, 103.82740333333334], [1.210845, 103.826825], [1.2111183333333333, 103.82621666666667], [1.211355, 103.82551166666667], [1.21144, 103.82524166666667], [1.2115666666666667, 103.82482666666667], [1.211835, 103.82382], [1.2120416666666667, 103.82273166666667], [1.2121083333333333, 103.82237833333333], [1.2121616666666666, 103.82207333333334], [1.21229, 103.82136333333334], [1.212445, 103.82063833333333], [1.2125833333333333, 103.81998666666667], [1.2126633333333334, 103.81964333333333], [1.2127516666666667, 103.81929166666667], [1.2128366666666666, 103.81898166666667], [1.21295, 103.818575], [1.2131533333333333, 103.81794333333333], [1.2134066666666667, 103.81721833333333], [1.2136533333333333, 103.81657], [1.2139066666666667, 103.81595333333334], [1.214075, 103.81559666666666], [1.2142216666666668, 103.81527666666666], [1.21486, 103.81406], [1.2151716666666668, 103.81337333333333], [1.2158566666666666, 103.81126666666667], [1.2159066666666667, 103.81096833333334], [1.216305, 103.80910166666666], [1.216365, 103.808785], [1.216925, 103.80626833333334], [1.21713, 103.804945]],