{"525003595": [[1.217835, 103.86210833333334], [1.2170683333333334, 103.86132], [1.2147283333333334, 103.85949833333333], [1.2143933333333334, 103.85919], [1.2131766666666666, 103.85792166666667], [1.2128933333333334, 103.85751666666667], [1.2114833333333332, 103.85591], [1.210575, 103.85547], [1.210085, 103.85533], [1.2096333333333333, 103.85518166666667], [1.20911, 103.85498], [1.2084633333333332, 103.85449], [1.2080716666666667, 103.85362166666667], [1.2080316666666666, 103.85330666666667], [1.2079533333333334, 103.85233833333334], [1.2079233333333332, 103.85197666666667], [1.2078966666666666, 103.851695], [1.2076983333333333, 103.851015], [1.2075483333333332, 103.85064666666666]], "566417000": [[1.2155983333333333, 103.86301833333333], [1.2154483333333332, 103.86284], [1.2153133333333332, 103.86267666666667], [1.2152066666666668, 103.86255], [1.2150466666666666, 103.862355], [1.2149183333333333, 103.86220833333333], [1.21477, 103.86205333333334], [1.2144783333333333, 103.86175], [1.2143383333333333, 103.861605], [1.2141633333333333, 103.86141666666667], [1.21403, 103.861285], [1.2135733333333334, 103.860835], [1.2134333333333334, 103.86069833333333], [1.21324, 103.86052333333333], [1.2130933333333334, 103.86039166666667], [1.2124283333333334, 103.85986666666666], [1.2122216666666668, 103.85972666666666], [1.2120666666666666, 103.85962], [1.2117433333333334, 103.85938], [1.2116116666666668, 103.85926666666667], [1.21146, 103.85914], [1.2113033333333334, 103.859005], [1.211175, 103.85889666666667], [1.2108566666666667, 103.85866666666666], [1.2107116666666666, 103.85857666666666], [1.2105416666666666, 103.85848], [1.2102066666666667, 103.85830666666666], [1.20968, 103.85806166666667], [1.2094983333333333, 103.85798333333334], [1.209135, 103.85782666666667], [1.208745, 103.85766], [1.2085783333333333, 103.85758166666666], [1.2083966666666666, 103.85748833333334], [1.20801, 103.85730333333333], [1.207425, 103.85707833333333], [1.2072333333333334, 103.85697333333333], [1.2063633333333332, 103.85636166666667], [1.2062366666666666, 103.85623], [1.20589, 103.85574166666666], [1.20573, 103.85543], [1.2056683333333333, 103.85528333333333], [1.2055516666666666, 103.854965], [1.2054916666666666, 103.85478333333333], [1.2054, 103.85446666666667], [1.2053566666666666, 103.854325], [1.2052533333333333, 103.85399], [1.205195, 103.85380666666667], [1.2050616666666667, 103.85331166666667], [1.204965, 103.85299666666667], [1.2049266666666667, 103.85281833333333], [1.20486, 103.85248], [1.20482, 103.85213166666666], [1.2048066666666666, 103.85197333333333], [1.2047933333333334, 103.85178666666667], [1.2047733333333333, 103.85143666666667], [1.2047733333333333, 103.85126333333334], [1.2047683333333334, 103.85109], [1.2047533333333333, 103.850915], [1.20474, 103.85074333333333], [1.2046916666666667, 103.85006833333334], [1.2046783333333333, 103.84990333333333], [1.204675, 103.84973666666667], [1.2046733333333333, 103.84958666666667], [1.2046616666666667, 103.84940166666667], [1.20466, 103.849235], [1.2046583333333334, 103.84907], [1.204655, 103.84891333333333], [1.2046566666666667, 103.848745], [1.2046483333333333, 103.84860333333333], [1.2046316666666668, 103.84826166666667], [1.20462, 103.84811], [1.2046033333333332, 103.84793166666667], [1.2045916666666667, 103.84777333333334], [1.20458, 103.84763166666667], [1.2045516666666667, 103.84729666666667], [1.2045466666666667, 103.84715333333334], [1.204535, 103.84698166666666], [1.2045116666666666, 103.84682166666667], [1.2044933333333334, 103.84667166666667], [1.2043766666666667, 103.84619666666667], [1.20433, 103.84602666666666], [1.20427, 103.84586833333333], [1.2040183333333334, 103.84524666666667], [1.203945, 103.84507666666667], [1.203875, 103.84492666666667], [1.203805, 103.84477833333334], [1.20358, 103.84433166666666], [1.2034733333333334, 103.844145], [1.2033783333333334, 103.84399666666667], [1.2030783333333332, 103.84354333333333], [1.202995, 103.84342166666667], [1.2027766666666666, 103.84309666666667], [1.2021316666666666, 103.84217], [1.20183, 103.84167833333333], [1.2017483333333334, 103.84154333333333], [1.201525, 103.8412], [1.2010766666666666, 103.84058166666667], [1.2009483333333333, 103.84040166666666], [1.2008383333333332, 103.84023666666667], [1.2004, 103.83959166666666], [1.2001783333333333, 103.83924], [1.200075, 103.83907833333333], [1.1995516666666666, 103.83822833333333], [1.1991533333333333, 103.83752666666666], [1.199055, 103.83735666666666], [1.1989683333333334, 103.83720333333333], [1.1985783333333333, 103.83652166666667], [1.1983866666666667, 103.83620666666667], [1.1979966666666666, 103.83551666666666], [1.1977283333333333, 103.83502], [1.1976283333333333, 103.83483666666666], [1.1973633333333333, 103.83433333333333], [1.1972883333333333, 103.83417833333333], [1.1971083333333334, 103.83380666666666], [1.1969283333333334, 103.83347333333333], [1.1966833333333333, 103.83299833333334], [1.1965983333333334, 103.83281], [1.1964, 103.832315], [1.1962566666666667, 103.83199], [1.1961716666666666, 103.83180833333333], [1.1959483333333334, 103.83133833333333], [1.195865, 103.831175], [1.1956916666666666, 103.83083833333333], [1.1955366666666667, 103.83052833333333], [1.1954533333333333, 103.83036166666666], [1.1951966666666667, 103.82986333333334], [1.19504, 103.82955333333334], [1.19496, 103.82938666666666], [1.1946716666666666, 103.82869333333333], [1.1946083333333333, 103.82853166666666], [1.19455, 103.82836666666667], [1.1942883333333334, 103.827525], [1.1942416666666666, 103.82735833333334], [1.194105, 103.826855], [1.19384, 103.82581666666667], [1.1937966666666666, 103.82564666666667], [1.19376, 103.82547833333334], [1.1936933333333333, 103.82514], [1.1936166666666668, 103.82479666666667], [1.1935783333333334, 103.82463166666666], [1.1935433333333334, 103.82447166666667], [1.1934483333333334, 103.82413333333334], [1.19324, 103.82329166666666], [1.1932033333333334, 103.823125], [1.193035, 103.82245], [1.192955, 103.82211166666667], [1.19286, 103.82177833333333], [1.1926183333333333, 103.82079833333333], [1.1923716666666666, 103.819785], [1.1922083333333333, 103.819125], [1.1918516666666668, 103.81815666666667], [1.1917166666666668, 103.817825], [1.1915116666666667, 103.81731166666667], [1.1914516666666666, 103.817185], [1.1910433333333332, 103.81625], [1.1908983333333334, 103.81590166666666], [1.19078, 103.81561666666667], [1.1906333333333334, 103.81531], [1.1904683333333332, 103.81497], [1.1903283333333334, 103.81466833333333], [1.190195, 103.81437666666666], [1.19002, 103.81404333333333], [1.1897033333333333, 103.81342166666667]],