{"565919000": [[1.2090866666666666, 103.85809666666667], [1.2092483333333333, 103.85845333333333], [1.2096, 103.85932666666666], [1.2099133333333334, 103.86015666666667], [1.2107033333333332, 103.86216], [1.2109283333333334, 103.86264833333334], [1.2113166666666666, 103.86340166666666], [1.2115616666666666, 103.86383], [1.2127433333333333, 103.86567333333333], [1.2132733333333334, 103.866475], [1.213485, 103.866775], [1.2137383333333334, 103.86715166666667], [1.2150316666666667, 103.869015], [1.2214933333333333, 103.87500333333334]], "564275000": [[1.20808, 103.85460666666667], [1.2083033333333333, 103.85506333333333], [1.2085133333333333, 103.85551], [1.209, 103.85644833333333], [1.20923, 103.85688833333333], [1.2096333333333333, 103.85771833333334], [1.2104516666666667, 103.85968833333334], [1.2110483333333333, 103.86106666666667], [1.2115066666666667, 103.86202333333334], [1.2117533333333332, 103.86245166666667], [1.212325, 103.86326333333334], [1.2125966666666668, 103.86361833333333], [1.212915, 103.86398833333334], [1.2132816666666666, 103.86437666666667], [1.2136266666666666, 103.86471], [1.2143583333333334, 103.86533666666666], [1.2147016666666666, 103.86559333333334], [1.2150716666666668, 103.86587833333333], [1.2154866666666666, 103.866185], [1.2158716666666667, 103.866455], [1.2166583333333334, 103.86694833333334], [1.2170133333333333, 103.86714833333333], [1.2174066666666667, 103.86735333333333], [1.217835, 103.86757], [1.2182183333333334, 103.86773666666667], [1.2189583333333334, 103.86799833333333], [1.2192783333333332, 103.86811166666666], [1.2196416666666667, 103.868215], [1.2200333333333333, 103.86832], [1.2203516666666667, 103.8684], [1.2210783333333333, 103.86855166666666], [1.2213816666666666, 103.86862333333333], [1.2217166666666666, 103.86870666666667], [1.222085, 103.868805], [1.222405, 103.86887], [1.2230183333333333, 103.869015], [1.2233416666666668, 103.86909166666666], [1.2235716666666667, 103.86915166666667], [1.2238783333333334, 103.86923166666666], [1.2241383333333333, 103.86931], [1.2246666666666666, 103.86944166666666], [1.2249383333333332, 103.869515], [1.2251033333333334, 103.86956166666667], [1.2253833333333333, 103.86964166666667], [1.2255966666666667, 103.8697], [1.2258366666666667, 103.86977333333333], [1.22606, 103.86983833333333], [1.226295, 103.86990666666667], [1.2264616666666666, 103.869955], [1.2266833333333333, 103.87002666666666], [1.2268783333333333, 103.87010166666667], [1.2270716666666666, 103.870165], [1.22724, 103.870225], [1.2274633333333334, 103.87031833333333], [1.2276183333333333, 103.87038166666666], [1.227825, 103.87047833333334], [1.2280166666666668, 103.87056833333334], [1.228225, 103.87065166666666], [1.2284316666666666, 103.87074333333334], [1.22864, 103.87083833333334], [1.2288266666666667, 103.87090666666667], [1.22905, 103.87100833333334], [1.2292516666666666, 103.87107833333333], [1.229455, 103.871135], [1.229655, 103.87119833333334], [1.2298566666666666, 103.87125333333333], [1.2300016666666667, 103.87129], [1.2303833333333334, 103.8714], [1.2305633333333332, 103.87145333333333], [1.230755, 103.8715], [1.2309666666666668, 103.87155666666666], [1.2311183333333333, 103.87158666666667], [1.2316833333333332, 103.8717], [1.2318583333333333, 103.87173666666666], [1.2327183333333334, 103.87184666666667], [1.2332583333333333, 103.871905], [1.2341133333333334, 103.871945], [1.2345366666666666, 103.87196], [1.2352416666666666, 103.872025], [1.2355016666666667, 103.872045], [1.2359716666666667, 103.87206666666667], [1.2362166666666667, 103.872095], [1.2364583333333334, 103.87211666666667], [1.2367266666666668, 103.872135], [1.2369583333333334, 103.87215166666667], [1.2373833333333333, 103.87219333333333], [1.23759, 103.87220666666667], [1.23778, 103.872225], [1.2380233333333333, 103.87230333333333], [1.2382166666666667, 103.87235666666666], [1.2386316666666666, 103.87248], [1.238835, 103.87253833333334], [1.2390283333333334, 103.87259166666666], [1.239225, 103.87264666666667], [1.2394433333333332, 103.872715], [1.2400283333333333, 103.87289833333334], [1.2402333333333333, 103.87297166666667], [1.2404416666666667, 103.873035], [1.2410583333333334, 103.87325833333334], [1.2412783333333333, 103.87333833333334], [1.2414916666666667, 103.87342166666667], [1.2416966666666667, 103.873495], [1.241925, 103.87358], [1.2421, 103.873645], [1.2422716666666667, 103.87371], [1.24248, 103.87379666666666], [1.2428683333333332, 103.87397333333334], [1.243275, 103.87417833333333], [1.2434716666666668, 103.87428333333334], [1.2436716666666667, 103.87440333333333], [1.2440566666666666, 103.87463833333334], [1.24431, 103.874805], [1.2444966666666666, 103.87493333333333], [1.244705, 103.87507666666667], [1.244905, 103.87521666666666], [1.245315, 103.87554833333333], [1.2455616666666667, 103.875735]], "563037860": [[1.216905, 103.85190666666666], [1.2169066666666666, 103.85191666666667], [1.2169016666666668, 103.85192], [1.2169033333333332, 103.851905], [1.2169016666666668, 103.851915], [1.21691, 103.85192], [1.216905, 103.85192333333333], [1.2169033333333332, 103.85191], [1.216915, 103.851925], [1.2169033333333332, 103.85191666666667]],