{"563038460": [[1.21715, 103.86296666666667], [1.2167833333333333, 103.86256666666667], [1.2159833333333334, 103.8617], [1.2156666666666667, 103.86135], [1.2149666666666668, 103.86055], [1.21395, 103.85935], [1.2136333333333333, 103.85893333333334], [1.2129833333333333, 103.85813333333333], [1.21275, 103.85781666666666], [1.2121166666666667, 103.85698333333333], [1.2118166666666668, 103.8566], [1.21115, 103.8559], [1.2108166666666667, 103.85556666666666], [1.2101833333333334, 103.8549], [1.20995, 103.85463333333334], [1.2099, 103.85456666666667], [1.2098, 103.85443333333333], [1.2097, 103.85428333333333], [1.20955, 103.85408333333334], [1.2095, 103.85401666666667], [1.2094166666666666, 103.85386666666666], [1.2093333333333334, 103.85373333333334], [1.2092333333333334, 103.85351666666666], [1.2089, 103.85286666666667], [1.20875, 103.85251666666667], [1.20845, 103.85183333333333], [1.2083333333333333, 103.8515], [1.2081, 103.85071666666667], [1.2079833333333334, 103.85036666666667], [1.2077833333333334, 103.84971666666667], [1.2077, 103.8494], [1.2073666666666667, 103.84833333333333], [1.2071, 103.84718333333333], [1.2070166666666666, 103.84683333333334], [1.20695, 103.84648333333334], [1.2069166666666666, 103.8462]], "477858800": [[1.2157866666666666, 103.86301333333333], [1.2154566666666666, 103.862435], [1.2151766666666666, 103.86198166666667], [1.2148566666666667, 103.86144666666667], [1.2144933333333334, 103.86087833333333], [1.213875, 103.85987333333334], [1.2135083333333334, 103.85928833333334], [1.2132, 103.85881833333333], [1.2128783333333333, 103.85829166666667], [1.212515, 103.85771666666666], [1.2121866666666667, 103.85717666666666], [1.2119033333333333, 103.85670333333333], [1.2115483333333332, 103.85613833333333], [1.21128, 103.85566166666666], [1.21057, 103.85461666666667], [1.21022, 103.85413], [1.209905, 103.85369333333334], [1.2095133333333334, 103.85317833333333], [1.2092016666666667, 103.85276333333333], [1.2088816666666666, 103.85228], [1.2085516666666667, 103.85180833333334], [1.2082166666666667, 103.851295], [1.2076616666666666, 103.85036666666667], [1.2074166666666666, 103.84995666666667], [1.2073133333333332, 103.84977333333333], [1.207265, 103.84968166666667], [1.20717, 103.849495], [1.2071016666666667, 103.849355], [1.2069983333333334, 103.84913], [1.2069016666666668, 103.84890333333334], [1.2066716666666666, 103.848265], [1.2065866666666667, 103.84796333333334], [1.20643, 103.847245], [1.206265, 103.84638166666667], [1.2061183333333334, 103.84551333333333], [1.206, 103.84469166666666], [1.205745, 103.84220166666667], [1.2056933333333333, 103.84142333333334], [1.2056516666666666, 103.839735], [1.2056866666666666, 103.83891333333334], [1.205735, 103.83720666666666], [1.20579, 103.83636], [1.2058883333333332, 103.83544666666667], [1.20597, 103.83467666666667], [1.2060333333333333, 103.834255], [1.206095, 103.83382166666667], [1.20623, 103.832955], [1.2063833333333334, 103.83205333333333], [1.2065183333333334, 103.83118166666667], [1.2066716666666666, 103.8303], [1.2068516666666667, 103.82942833333334], [1.2070633333333334, 103.82855166666667], [1.2072916666666667, 103.82771666666666], [1.2074983333333333, 103.82683833333333], [1.2077666666666667, 103.82594666666667], [1.2080083333333334, 103.82506166666667], [1.2082383333333333, 103.824175], [1.208455, 103.82329333333334], [1.2086516666666667, 103.822405], [1.2088616666666667, 103.82155666666667], [1.20905, 103.82072333333333], [1.2092083333333334, 103.819915], [1.2093883333333333, 103.819055], [1.2095333333333333, 103.81836833333334], [1.20968, 103.81760666666666], [1.2098416666666667, 103.81678333333333], [1.2100083333333334, 103.81619166666667], [1.210145, 103.81550333333334], [1.21028, 103.81473333333334], [1.2105583333333334, 103.81343], [1.2107116666666666, 103.81276333333334], [1.2108516666666667, 103.812205], [1.21102, 103.811565], [1.2111883333333333, 103.81093333333334], [1.2113466666666666, 103.81041], [1.21177, 103.80922833333334], [1.2119566666666666, 103.80874833333333], [1.2121766666666667, 103.808205], [1.2124216666666667, 103.80767], [1.21263, 103.80721666666666], [1.2129033333333334, 103.806715], [1.21344, 103.805865], [1.2137483333333334, 103.80540666666667], [1.21486, 103.804245], [1.2157266666666666, 103.80344], [1.2159866666666668, 103.80321166666667], [1.2161983333333333, 103.803035], [1.2167366666666666, 103.80264333333334], [1.21777, 103.80191], [1.2194166666666666, 103.80078833333333], [1.2199666666666666, 103.80041833333334], [1.2205366666666666, 103.799965], [1.2208366666666666, 103.79972833333333], [1.221075, 103.79951333333334], [1.22156, 103.799085], [1.2220816666666667, 103.798545], [1.2225666666666666, 103.798025], [1.2235716666666667, 103.796925], [1.2240683333333333, 103.79636], [1.2245316666666666, 103.795865], [1.2250916666666667, 103.79524666666667], [1.2255816666666666, 103.79469666666667], [1.2257733333333334, 103.79448166666667], [1.22604, 103.794185], [1.22664, 103.79354833333333], [1.2271983333333334, 103.79300666666667], [1.2277333333333333, 103.79249666666666], [1.228375, 103.79190833333334], [1.2286916666666667, 103.79163166666666], [1.2289983333333334, 103.79136166666666], [1.2295833333333333, 103.790885], [1.230245, 103.79035666666667], [1.2309216666666667, 103.78985333333334], [1.2315616666666667, 103.78938833333333], [1.2322466666666667, 103.78890833333334], [1.2329533333333333, 103.78838166666667], [1.2335733333333334, 103.78794666666667], [1.234255, 103.78744666666667], [1.2350083333333333, 103.78696], [1.23567, 103.78655], [1.2363516666666667, 103.78614833333333], [1.2383966666666666, 103.78501333333334], [1.2403416666666667, 103.78404], [1.2416483333333332, 103.783365], [1.2419583333333333, 103.78319833333333], [1.2427916666666667, 103.78277833333334], [1.243105, 103.78265], [1.24343, 103.78249833333334], [1.24371, 103.782385], [1.24455, 103.78198666666667], [1.245115, 103.78169166666666], [1.2456566666666666, 103.78139], [1.2461683333333333, 103.781195], [1.2476516666666666, 103.78043833333334], [1.2485616666666666, 103.77993333333333], [1.2490233333333334, 103.779725], [1.2494883333333333, 103.779505], [1.2499266666666666, 103.77927333333334]],