{"354329000": [[1.211745, 103.86134166666666], [1.21154, 103.86083166666667], [1.2112866666666666, 103.86022666666666], [1.211085, 103.85977833333334], [1.210855, 103.85928666666666], [1.2104033333333333, 103.85837], [1.2101683333333333, 103.85789], [1.2099266666666666, 103.85742166666667], [1.209655, 103.85691166666666], [1.2094, 103.85645666666667], [1.209125, 103.85595833333333], [1.2089266666666667, 103.85559666666667], [1.20867, 103.85515], [1.2084333333333332, 103.854705], [1.208185, 103.854205], [1.2079866666666668, 103.85374166666666], [1.2078083333333334, 103.85333], [1.20762, 103.85287166666667], [1.20729, 103.851945], [1.20714, 103.85142666666667], [1.2070216666666667, 103.85095833333334], [1.2069133333333333, 103.85053833333333], [1.2067983333333334, 103.85002166666666], [1.2066766666666666, 103.84912166666666], [1.206635, 103.84860333333333], [1.206615, 103.84814], [1.206615, 103.84771], [1.2066383333333333, 103.84719166666666], [1.20671, 103.846315], [1.2067583333333334, 103.845805], [1.2068016666666668, 103.84534166666667], [1.20684, 103.84492166666666], [1.2068783333333333, 103.8444], [1.206975, 103.84341333333333], [1.2070183333333333, 103.84299333333334], [1.20706, 103.84252333333333], [1.2071016666666667, 103.8421], [1.2071483333333333, 103.84157833333333], [1.2072233333333333, 103.84058333333333], [1.2072533333333333, 103.84015], [1.2072933333333333, 103.83966833333334], [1.207335, 103.83924666666667], [1.2074333333333334, 103.83770666666666], [1.207455, 103.83727166666667], [1.20748, 103.83678333333333], [1.2075033333333334, 103.83633833333333], [1.2075716666666667, 103.834335], [1.20759, 103.833855], [1.2076133333333334, 103.833415]], "563562000": [[1.208375, 103.85517166666666], [1.208525, 103.85559833333333], [1.208665, 103.85598], [1.2088016666666668, 103.85632], [1.2089766666666666, 103.856725], [1.2092666666666667, 103.85746], [1.209465, 103.85786666666667], [1.209655, 103.85823666666667], [1.2098366666666667, 103.858555], [1.2104583333333334, 103.859585], [1.2107116666666666, 103.859935], [1.21097, 103.860275], [1.2111566666666667, 103.86051833333333], [1.2114333333333334, 103.86083833333333], [1.2118983333333333, 103.86137333333333], [1.2121816666666667, 103.861655], [1.2124583333333334, 103.86194], [1.2126633333333334, 103.862145], [1.21347, 103.86293833333333], [1.213735, 103.86317166666667], [1.2142316666666666, 103.86356], [1.214785, 103.86394333333334], [1.2156016666666667, 103.86444166666666], [1.215805, 103.86457666666666], [1.21654, 103.86511666666667], [1.21699, 103.86555833333334], [1.2171583333333333, 103.865755], [1.2175166666666666, 103.86621], [1.2180583333333332, 103.866955], [1.2182433333333333, 103.867155], [1.2186533333333334, 103.86757333333334], [1.2192733333333334, 103.8682], [1.21949, 103.868395], [1.2199233333333332, 103.86878], [1.2201766666666667, 103.86897833333333], [1.2206016666666666, 103.86928], [1.2208516666666667, 103.86947], [1.2213333333333334, 103.86979166666667], [1.2215983333333333, 103.86995833333333], [1.2220283333333333, 103.87024333333333], [1.2223033333333333, 103.870445], [1.2227716666666666, 103.87073666666667], [1.22306, 103.87089166666667], [1.2232833333333333, 103.87103166666667], [1.2235183333333333, 103.871165], [1.2238483333333334, 103.871345], [1.2243733333333333, 103.87163333333334], [1.2243983333333333, 103.87165], [1.2244283333333332, 103.871665], [1.2246616666666668, 103.87182166666666], [1.2247383333333333, 103.871875], [1.2248133333333333, 103.87193], [1.22489, 103.87198666666667], [1.2251016666666668, 103.87215833333333], [1.2253983333333334, 103.87239666666666], [1.2261683333333333, 103.87300166666667], [1.2263666666666666, 103.873175], [1.2266133333333333, 103.87338333333334], [1.226915, 103.87364], [1.2271383333333334, 103.87383666666666], [1.2276483333333332, 103.8743], [1.2278516666666666, 103.87447], [1.228095, 103.87469333333334], [1.228415, 103.87494], [1.22919, 103.87549166666666], [1.2294616666666667, 103.87569166666667], [1.2297483333333334, 103.87587166666667], [1.230105, 103.87607166666666], [1.2303766666666667, 103.87622666666667], [1.23095, 103.876565], [1.231245, 103.87675666666667], [1.231545, 103.87694333333333], [1.2318983333333333, 103.87716833333333], [1.23217, 103.87733], [1.232735, 103.87766666666667], [1.23303, 103.87785166666667], [1.23334, 103.87806333333333], [1.23364, 103.87828166666667], [1.2338916666666666, 103.87847333333333], [1.2344533333333334, 103.87891333333333], [1.23467, 103.87908833333333], [1.2349633333333334, 103.87932333333333], [1.2352, 103.87952166666666], [1.235495, 103.87975166666666], [1.2360583333333333, 103.88019666666666], [1.2362766666666667, 103.88037666666666], [1.2365833333333334, 103.88062166666667], [1.236835, 103.88082166666666], [1.2371333333333334, 103.88106666666667], [1.2379216666666666, 103.88171166666666], [1.2382216666666668, 103.881955], [1.238475, 103.88214666666667], [1.238765, 103.8824], [1.2393183333333333, 103.88289333333333], [1.239815, 103.88333166666666], [1.2400533333333332, 103.88353166666667], [1.2406466666666667, 103.884025], [1.2409233333333334, 103.88424833333333], [1.2411733333333332, 103.88444666666666], [1.2414233333333333, 103.88465], [1.2417066666666667, 103.88486666666667], [1.242015, 103.885115], [1.2423333333333333, 103.885345], [1.2426066666666666, 103.88558], [1.2428383333333333, 103.88580166666667], [1.243075, 103.88601666666666], [1.24367, 103.88653], [1.2439366666666667, 103.88677166666666], [1.2442083333333334, 103.887005], [1.2444483333333334, 103.88722], [1.2446833333333334, 103.88745166666666], [1.24528, 103.88798833333334], [1.2455533333333333, 103.88822833333333], [1.2458283333333333, 103.88846333333333], [1.2460783333333334, 103.88867333333333], [1.246915, 103.88940833333334], [1.2477183333333333, 103.89010166666667], [1.2485483333333334, 103.89085833333333], [1.2495533333333333, 103.89183], [1.25012, 103.89240166666667], [1.25087, 103.89314166666666], [1.2511016666666666, 103.893375], [1.2516733333333334, 103.89393666666666], [1.2524366666666666, 103.89468833333333], [1.2526733333333333, 103.89491166666667], [1.2531916666666667, 103.89540666666667], [1.253975, 103.89619333333333], [1.2542083333333334, 103.89642333333333], [1.254485, 103.896705], [1.2547083333333333, 103.89693833333334], [1.255495, 103.897755], [1.2557183333333333, 103.89798333333333], [1.2560033333333334, 103.89827166666667], [1.2562416666666667, 103.898505], [1.25706, 103.89928166666667], [1.2573033333333334, 103.89951166666667], [1.2575933333333333, 103.899795], [1.2578333333333334, 103.900025], [1.25815, 103.90032833333333], [1.2586766666666667, 103.90075833333333], [1.2589233333333334, 103.90095833333334], [1.25924, 103.90122166666667], [1.2594983333333334, 103.90143666666667], [1.2598366666666667, 103.90172666666666], [1.2600833333333334, 103.90193833333333], [1.2603683333333333, 103.90218333333333], [1.2625366666666666, 103.90419], [1.2627716666666666, 103.90441333333334], [1.2640533333333333, 103.90569], [1.2642866666666666, 103.90591333333333], [1.2645866666666667, 103.90620833333334], [1.2650533333333334, 103.90667833333333], [1.2655466666666666, 103.90718666666666], [1.26604, 103.90768166666666], [1.2662866666666666, 103.907925], [1.26658, 103.90819166666667], [1.2667783333333333, 103.90839166666666], [1.2670466666666667, 103.90867], [1.26755, 103.90918333333333], [1.26807, 103.909705], [1.268545, 103.91018], [1.2687683333333333, 103.91040333333333], [1.2690333333333332, 103.91068166666666], [1.2692766666666666, 103.91093166666667], [1.2695366666666668, 103.91121166666667], [1.26997, 103.91172333333333], [1.2704483333333334, 103.91225333333334], [1.270935, 103.91281333333333], [1.2713683333333334, 103.91331166666667], [1.2723216666666666, 103.91440166666666], [1.272755, 103.91490666666667], [1.2732266666666667, 103.91542333333334], [1.273705, 103.915975], [1.2741433333333334, 103.91648666666667], [1.275485, 103.918105]],