{"563067320": [[1.212495, 103.847125], [1.2124983333333332, 103.84713166666667], [1.2125016666666666, 103.84713166666667], [1.2124916666666667, 103.84711833333333], [1.2124866666666667, 103.84711], [1.212475, 103.84711], [1.212485, 103.84711], [1.2124733333333333, 103.84710166666666], [1.212475, 103.84710166666666], [1.2124933333333334, 103.84712], [1.2124983333333332, 103.84712]], "564688000": [[1.2177983333333333, 103.86292833333333], [1.2175683333333334, 103.86262], [1.2174066666666667, 103.862395], [1.2171566666666667, 103.862055], [1.2169866666666667, 103.86183166666666], [1.216755, 103.86151833333334], [1.2165466666666667, 103.861235], [1.216315, 103.86092333333333], [1.2161516666666667, 103.86069333333333], [1.2159, 103.86035666666666], [1.2157333333333333, 103.86013166666666], [1.2155083333333334, 103.85982], [1.2152966666666667, 103.85953833333333], [1.2150683333333334, 103.85922666666667], [1.214895, 103.85900166666667], [1.2146416666666666, 103.858665], [1.2144683333333333, 103.85844333333333], [1.2142283333333332, 103.858135], [1.2140183333333334, 103.85785166666666], [1.2137916666666666, 103.85754166666666], [1.2136233333333333, 103.85732166666666], [1.2133716666666667, 103.85698666666667], [1.2132016666666667, 103.85676333333333], [1.21297, 103.85645], [1.2127616666666667, 103.85616333333333], [1.2123533333333334, 103.85562], [1.2121016666666666, 103.85527], [1.2119133333333334, 103.85501], [1.2117, 103.85471833333334], [1.211275, 103.85409666666666], [1.21112, 103.85386], [1.2108933333333334, 103.85349166666667], [1.2107266666666667, 103.85321333333333], [1.2105216666666667, 103.85287333333333], [1.21035, 103.85259833333333], [1.2099583333333332, 103.85199666666666], [1.209775, 103.85166166666667], [1.2096433333333334, 103.85138166666667], [1.2094716666666667, 103.85103], [1.20936, 103.85075333333333], [1.2091083333333332, 103.850115], [1.2089816666666666, 103.84975666666666], [1.2088916666666667, 103.84947], [1.2087966666666667, 103.849115], [1.2087233333333334, 103.84882], [1.20856, 103.84816333333333], [1.2084716666666666, 103.84779333333333], [1.2084033333333333, 103.84748833333333], [1.2083183333333334, 103.84711], [1.2080916666666666, 103.84610666666667], [1.2080116666666667, 103.84573166666667], [1.207945, 103.84542333333333], [1.2078433333333334, 103.845045], [1.207765, 103.84473166666666], [1.2076083333333334, 103.84403666666667], [1.2075233333333333, 103.84365], [1.207455, 103.843335], [1.207375, 103.84294333333334], [1.2073133333333332, 103.84262166666667], [1.2070716666666668, 103.84150333333334], [1.2070083333333332, 103.84117833333333], [1.2069366666666668, 103.84078333333333], [1.2068283333333334, 103.84010666666667], [1.20676, 103.83974333333333], [1.2066816666666667, 103.83938166666667], [1.206605, 103.83903], [1.2064933333333334, 103.83863], [1.2064166666666667, 103.83831833333333], [1.2063066666666666, 103.83794], [1.2062, 103.837635], [1.2060666666666666, 103.83730333333334], [1.2059133333333334, 103.83694], [1.2056566666666666, 103.836305]], "566753000": [[1.2149533333333333, 103.86296333333334], [1.214805, 103.86271666666667], [1.214655, 103.862465], [1.2145333333333332, 103.86226], [1.2144, 103.86203666666667], [1.21428, 103.86183166666666], [1.2141466666666667, 103.86160666666666], [1.214, 103.86135833333333], [1.2138783333333334, 103.861155], [1.2135766666666667, 103.860655], [1.2134716666666667, 103.86047166666667], [1.2133366666666667, 103.86024333333333], [1.21319, 103.85999166666667], [1.2130716666666668, 103.85978833333333], [1.2127733333333333, 103.8593], [1.212525, 103.858905], [1.2123733333333333, 103.85866166666666], [1.212245, 103.85846], [1.2120883333333334, 103.85820833333334], [1.2119266666666666, 103.85795666666667], [1.2116716666666667, 103.85755], [1.2115133333333334, 103.85730166666667], [1.2113833333333333, 103.8571], [1.2110633333333334, 103.85660333333334], [1.2106316666666668, 103.85595666666667], [1.2101916666666668, 103.85529333333334], [1.209675, 103.85461166666667], [1.209185, 103.85401], [1.20886, 103.85361333333333], [1.2086916666666667, 103.85338333333333], [1.2078516666666668, 103.85210333333333], [1.2074666666666667, 103.85145166666666], [1.2072966666666667, 103.85118666666666], [1.2071866666666666, 103.85100666666666], [1.2070333333333334, 103.85076666666667], [1.20663, 103.850135], [1.2064633333333334, 103.849865], [1.20635, 103.849645], [1.2062066666666666, 103.84942833333334], [1.2058066666666667, 103.84876], [1.205645, 103.848485], [1.20553, 103.84826666666666], [1.205405, 103.84800166666666], [1.2051666666666667, 103.84752333333333], [1.204905, 103.847015], [1.20466, 103.846545], [1.20442, 103.84605666666667], [1.20417, 103.84553166666667], [1.203935, 103.84508], [1.2038083333333334, 103.84481333333333], [1.2036766666666667, 103.84456333333334], [1.20337, 103.84407833333333], [1.20308, 103.843675], [1.2027866666666667, 103.84322], [1.2025116666666666, 103.84272666666666], [1.20201, 103.841805], [1.20178, 103.84135666666667], [1.2015416666666667, 103.84083166666667], [1.201425, 103.840595], [1.2013066666666667, 103.84034833333334], [1.201195, 103.84009166666667], [1.20109, 103.83985666666666], [1.2008783333333333, 103.83936666666666], [1.2007583333333334, 103.83909833333334], [1.2006466666666666, 103.83885], [1.2005333333333332, 103.83860166666666], [1.2004333333333332, 103.83838666666666], [1.2002116666666667, 103.83789166666666], [1.20009, 103.83760833333334], [1.1999766666666667, 103.837355], [1.1997566666666666, 103.83688666666667], [1.1995333333333333, 103.83638], [1.19912, 103.83536333333333], [1.1989016666666668, 103.83482666666667], [1.1987833333333333, 103.83454166666667], [1.198475, 103.83379166666667], [1.1982683333333333, 103.83325833333333], [1.198155, 103.83298], [1.1978466666666667, 103.83222], [1.1976316666666666, 103.83170833333334], [1.1975166666666666, 103.83142166666667], [1.197005, 103.830115], [1.1963783333333333, 103.828475], [1.1951533333333333, 103.82524666666667], [1.1946083333333333, 103.823635], [1.1944283333333334, 103.823105], [1.1940716666666666, 103.822035], [1.1938983333333333, 103.82149833333334], [1.1938133333333334, 103.82123333333334], [1.1935416666666667, 103.82044833333333], [1.1933833333333332, 103.81990666666667], [1.1932916666666666, 103.81964833333333], [1.1931166666666666, 103.81909333333333], [1.19304, 103.81886], [1.1925133333333333, 103.81732666666667], [1.1923333333333332, 103.81682333333333], [1.1922483333333334, 103.81657], [1.19199, 103.81581333333334], [1.191745, 103.81506], [1.1911716666666667, 103.81329166666667], [1.1907633333333334, 103.81208833333334], [1.19067, 103.81182], [1.1904933333333334, 103.81133166666666], [1.190125, 103.81035], [1.189925, 103.80988666666667], [1.1897916666666666, 103.80941833333333], [1.1897283333333333, 103.80917666666667], [1.18966, 103.80890333333333], [1.18931, 103.80737666666667], [1.1890783333333332, 103.80636666666666], [1.1890166666666666, 103.80610833333333], [1.1888283333333334, 103.80529666666666], [1.188705, 103.80479333333334], [1.1885766666666666, 103.804265], [1.188275, 103.80294166666667], [1.1882166666666667, 103.80268], [1.1881633333333332, 103.802415], [1.187945, 103.80136333333333], [1.1877816666666667, 103.800555], [1.1876433333333334, 103.79978333333334], [1.1875466666666668, 103.79926], [1.1871633333333333, 103.79744833333334], [1.1870483333333333, 103.79691666666666], [1.186995, 103.79666666666667], [1.18695, 103.79643666666666], [1.186905, 103.79617666666667], [1.186855, 103.79591833333333], [1.1866483333333333, 103.79489666666667], [1.18644, 103.79384666666667]],