{"563010370": [[1.2109083333333333, 103.85938833333333], [1.2109033333333334, 103.85880333333333], [1.2108133333333333, 103.858185]], "631550422": [[1.2103866666666667, 103.85297833333334], [1.2104383333333333, 103.85384833333333], [1.21053, 103.85496666666667], [1.2111683333333334, 103.85788666666667], [1.2113583333333333, 103.85876166666667], [1.2115233333333333, 103.85954], [1.2118516666666668, 103.860625], [1.2124966666666666, 103.86211166666666], [1.2143683333333333, 103.86519833333334], [1.2153533333333333, 103.86688333333333], [1.2162983333333333, 103.868385], [1.2174683333333334, 103.86979833333334], [1.2186683333333332, 103.87115333333334], [1.21997, 103.87256166666667], [1.2211666666666667, 103.873915], [1.2224383333333333, 103.87542666666667], [1.2248883333333334, 103.87827833333333], [1.22606, 103.87978166666667], [1.228985, 103.88445166666666], [1.2299266666666666, 103.88594166666667], [1.2307116666666666, 103.88753], [1.2314383333333334, 103.88927333333334], [1.2321166666666667, 103.89075833333334], [1.2361166666666668, 103.90084333333333], [1.2497483333333332, 103.94177666666667]]}
