{"636015949": [[1.2158233333333333, 103.86292166666667], [1.2154533333333333, 103.862465], [1.2150533333333333, 103.861955], [1.2147316666666668, 103.86153333333333], [1.214375, 103.86106833333334], [1.2139883333333332, 103.860555], [1.213665, 103.86013166666666], [1.2133216666666666, 103.85965333333333], [1.2129433333333333, 103.85913], [1.2126416666666666, 103.85869166666667], [1.2123083333333333, 103.85819833333333], [1.21195, 103.85764166666667], [1.2116633333333333, 103.85718666666666], [1.2113566666666666, 103.85668], [1.2110366666666668, 103.85610666666666], [1.2107783333333333, 103.85562333333333], [1.21051, 103.85508166666666], [1.2102383333333333, 103.85448], [1.2098433333333334, 103.85342], [1.2095183333333333, 103.85227833333333], [1.209385, 103.8517], [1.2092533333333333, 103.85106], [1.2090583333333333, 103.84994166666667], [1.2088883333333333, 103.84876166666666], [1.2088066666666666, 103.84816666666667], [1.2087316666666668, 103.84751], [1.2083733333333333, 103.844545], [1.2083066666666666, 103.84387166666667], [1.2081433333333333, 103.84270833333333], [1.207935, 103.84085666666667], [1.20789, 103.840175], [1.20785, 103.839555], [1.2078266666666666, 103.838995], [1.2077416666666667, 103.83705833333333], [1.2077233333333333, 103.836435], [1.2077066666666667, 103.83580833333333], [1.2076983333333333, 103.83524166666666], [1.2076616666666666, 103.83331], [1.20766, 103.83269], [1.2076616666666666, 103.83207], [1.2076783333333334, 103.831515], [1.2077866666666666, 103.82960666666666], [1.20784, 103.82899333333333], [1.20789, 103.82837833333333], [1.20806, 103.82654166666667], [1.2081166666666667, 103.82593333333334], [1.2081783333333334, 103.825325], [1.2082333333333333, 103.82471333333334], [1.20828, 103.82416666666667], [1.20833, 103.82350166666667], [1.20845, 103.82170166666667], [1.208475, 103.82110666666667], [1.20852, 103.81993833333334], [1.2085533333333334, 103.81940666666667], [1.2086066666666666, 103.81881166666666], [1.2086733333333333, 103.81821333333333], [1.2087816666666666, 103.81757], [1.2088966666666667, 103.81705], [1.20906, 103.81642166666667], [1.2092216666666666, 103.81591666666667], [1.2094266666666666, 103.81536833333334], [1.210165, 103.813795]], "636011639": [[1.2136533333333333, 103.86229166666666], [1.21334, 103.86183833333334], [1.213, 103.86133833333334], [1.2127016666666666, 103.86088333333333], [1.2121216666666668, 103.86000833333334], [1.2118083333333334, 103.85955833333334], [1.2114883333333333, 103.85909], [1.2108433333333333, 103.85808], [1.21058, 103.85764333333333], [1.2103, 103.85715666666667], [1.210035, 103.85667166666667], [1.2100066666666667, 103.85661666666667], [1.2099766666666667, 103.85656666666667], [1.20992, 103.85646666666666], [1.2098416666666667, 103.85632], [1.2097633333333333, 103.85616833333333], [1.2094866666666666, 103.85560833333334], [1.2092633333333334, 103.85510333333333], [1.2090666666666667, 103.854655], [1.20886, 103.85413666666666], [1.208645, 103.85362], [1.2084416666666666, 103.85311333333334], [1.20823, 103.85254666666667], [1.2080433333333334, 103.85203166666666], [1.2078933333333333, 103.85156], [1.2077383333333334, 103.85103333333333], [1.2075816666666668, 103.85046166666666], [1.2074516666666666, 103.849995], [1.2072883333333333, 103.849425], [1.2071533333333333, 103.8489], [1.2070316666666667, 103.84844166666667], [1.2069183333333333, 103.847925], [1.2068083333333333, 103.84735666666667], [1.2067183333333333, 103.84690833333333], [1.2066183333333333, 103.846355], [1.2065416666666666, 103.84589333333334], [1.2064533333333334, 103.84539166666667], [1.2062733333333333, 103.84437166666666], [1.2062066666666666, 103.84393166666666], [1.2061266666666666, 103.84339833333334], [1.206055, 103.84296833333333], [1.2059783333333334, 103.842495]], "563028460": [[1.2098083333333334, 103.85311333333334], [1.20936, 103.851415], [1.2092033333333334, 103.85055166666666], [1.209005, 103.84879], [1.20894, 103.84790166666667], [1.2088866666666667, 103.84705], [1.2088633333333334, 103.846595], [1.2088366666666666, 103.84609], [1.208815, 103.84567666666666], [1.208785, 103.84517166666667], [1.2087033333333332, 103.84384666666666], [1.2086683333333332, 103.843345], [1.2086366666666666, 103.84293333333333], [1.2085983333333334, 103.84243], [1.2085383333333333, 103.84156166666666], [1.2085116666666667, 103.84110333333334], [1.20846, 103.84019833333333], [1.2083966666666666, 103.83884], [1.2083683333333333, 103.83838833333333], [1.20826, 103.83575166666667], [1.2082366666666666, 103.83489333333333], [1.2081966666666666, 103.83322333333334], [1.2081716666666666, 103.83239333333333], [1.2081333333333333, 103.83160166666667], [1.2081316666666666, 103.83072833333334], [1.20818, 103.82990833333334], [1.2082166666666667, 103.82950166666667], [1.2083116666666667, 103.82872], [1.2083783333333333, 103.828275], [1.208445, 103.82782833333333], [1.208505, 103.82746], [1.2085683333333332, 103.82706166666667], [1.2087933333333334, 103.82586333333333], [1.208885, 103.82542833333333], [1.2089633333333334, 103.82507166666667], [1.20905, 103.824675], [1.2091416666666666, 103.82427666666666], [1.2093333333333334, 103.82348833333333], [1.2095283333333333, 103.8227], [1.2096133333333334, 103.82230166666666], [1.20969, 103.82190166666666], [1.2098233333333333, 103.82109833333334], [1.2098883333333332, 103.82069333333334], [1.20995, 103.82028833333334], [1.2100816666666667, 103.81947666666667], [1.2101516666666667, 103.81907166666667], [1.210215, 103.81866666666667], [1.2105083333333333, 103.81706166666666], [1.2105883333333334, 103.81666333333334], [1.2106816666666667, 103.81626666666666], [1.2107733333333333, 103.81587], [1.2108766666666666, 103.81543333333333], [1.211055, 103.814685], [1.2113416666666668, 103.81351], [1.21146, 103.81308333333334], [1.2119, 103.8116], [1.2121466666666667, 103.81080166666666], [1.2122533333333334, 103.81046166666667], [1.2123766666666667, 103.81004333333334], [1.2126166666666667, 103.80933166666667], [1.212895, 103.80859], [1.2131983333333334, 103.80782], [1.21376, 103.80640666666666], [1.2146833333333333, 103.80464], [1.2154033333333334, 103.80338666666667], [1.2154483333333332, 103.80332666666666], [1.2161733333333333, 103.80241833333334], [1.21747, 103.80093166666667], [1.2177116666666667, 103.80066333333333], [1.21928, 103.79889833333333], [1.22083, 103.79714333333334], [1.22189, 103.79594833333333], [1.22313, 103.79451333333333], [1.2234066666666668, 103.79418666666666], [1.22497, 103.79250666666667], [1.22547, 103.79198333333333], [1.226545, 103.79090166666667], [1.228465, 103.78897833333333], [1.2314966666666667, 103.78622333333334], [1.2321966666666666, 103.785675], [1.2327083333333333, 103.785275], [1.23486, 103.78361], [1.2351016666666668, 103.78342333333333], [1.23635, 103.78244666666667], [1.2379966666666666, 103.781135], [1.2406516666666667, 103.779085], [1.2435966666666667, 103.77683333333333], [1.2442216666666666, 103.77635166666667], [1.2459983333333333, 103.77496833333333], [1.24891, 103.77269166666666], [1.2514283333333334, 103.77091], [1.261025, 103.76567166666666], [1.26176, 103.765065]],