{"566824000": [[1.2080816666666667, 103.855315], [1.2082283333333332, 103.85553166666666], [1.2083833333333334, 103.85572666666667], [1.208885, 103.85640333333333], [1.209035, 103.85664166666666], [1.20931, 103.85706333333333], [1.2096966666666666, 103.85779833333333], [1.2098116666666667, 103.85803833333334], [1.2100333333333333, 103.85849], [1.2104016666666666, 103.85924], [1.2107516666666667, 103.85994666666667], [1.21107, 103.86069833333333], [1.211185, 103.860965], [1.2113016666666667, 103.861185], [1.2114683333333334, 103.86144333333333], [1.211935, 103.862095], [1.2121233333333334, 103.86235], [1.212275, 103.86254833333334], [1.2124583333333334, 103.86280166666667], [1.212955, 103.86344], [1.2131483333333333, 103.86368666666667], [1.21331, 103.86388333333333], [1.2135183333333333, 103.86412], [1.214045, 103.86475], [1.2142433333333333, 103.86499666666667], [1.2144033333333333, 103.86521], [1.214605, 103.86546833333334], [1.21514, 103.86614833333333], [1.2154983333333333, 103.866625], [1.21567, 103.86690833333333], [1.2164633333333332, 103.86818333333333], [1.217145, 103.86924666666667], [1.2174733333333334, 103.86976833333334], [1.2176616666666666, 103.87006], [1.218555, 103.87137], [1.2187533333333334, 103.87169166666666], [1.219265, 103.87255], [1.2195966666666667, 103.87309], [1.2204783333333333, 103.87415666666666], [1.2208433333333333, 103.87470833333333], [1.22119, 103.87520333333333], [1.221425, 103.87554], [1.2216183333333333, 103.87581833333333], [1.2226216666666667, 103.87725], [1.2232216666666667, 103.87808833333334], [1.22343, 103.87838166666667], [1.2245216666666667, 103.87979], [1.2258283333333333, 103.881485], [1.226485, 103.88233833333334], [1.2286216666666667, 103.885265], [1.2298983333333333, 103.88704166666666], [1.2312116666666666, 103.88881], [1.2318016666666667, 103.88977], [1.2324216666666667, 103.890625]], "370486000": [[1.2111, 103.86085], [1.2109166666666666, 103.86025], [1.2105, 103.85908333333333], [1.2103, 103.85843333333334], [1.2101666666666666, 103.85786666666667], [1.2100333333333333, 103.85725], [1.2098666666666666, 103.85663333333333], [1.2096166666666666, 103.85538333333334], [1.2094666666666667, 103.85468333333333], [1.2093666666666667, 103.85418333333334], [1.2092166666666666, 103.85341666666666], [1.2090833333333333, 103.85276666666667], [1.2090166666666666, 103.85245], [1.2089333333333334, 103.852], [1.20885, 103.85161666666667], [1.2088333333333334, 103.85155], [1.2087833333333333, 103.8513], [1.2086833333333333, 103.85083333333333], [1.2086833333333333, 103.85083333333333], [1.2086166666666667, 103.85045], [1.2085833333333333, 103.85025], [1.2085333333333332, 103.85005], [1.2084833333333334, 103.84971666666667], [1.20845, 103.84958333333333], [1.2083166666666667, 103.84893333333333], [1.20825, 103.84853333333334], [1.2081833333333334, 103.84815], [1.2081, 103.84768333333334], [1.20805, 103.84741666666666], [1.2078666666666666, 103.84656666666666], [1.2078, 103.84616666666666], [1.2077166666666668, 103.84576666666666], [1.2076166666666666, 103.84495], [1.2075166666666666, 103.84406666666666], [1.2074166666666666, 103.84333333333333], [1.2073, 103.84245], [1.2072, 103.84168333333334], [1.2071, 103.84086666666667], [1.207, 103.83998333333334], [1.2069, 103.83921666666667], [1.2068166666666666, 103.83838333333334], [1.2066333333333332, 103.83675], [1.2065333333333332, 103.83591666666666], [1.2064833333333334, 103.83551666666666], [1.20625, 103.83345], [1.2062166666666667, 103.83256666666666], [1.2061833333333334, 103.83181666666667], [1.2061833333333334, 103.83135], [1.2061833333333334, 103.83101666666667], [1.20615, 103.83015], [1.20615, 103.82943333333333], [1.2062, 103.82865], [1.20625, 103.82788333333333], [1.20625, 103.82743333333333], [1.2062666666666666, 103.82716666666667], [1.2063166666666667, 103.82635], [1.2064, 103.8256], [1.2065, 103.82486666666667], [1.20655, 103.82456666666667], [1.2067166666666667, 103.8238], [1.207, 103.82268333333333], [1.20735, 103.82133333333333], [1.2075333333333333, 103.82063333333333], [1.2077166666666668, 103.81993333333334], [1.2079166666666667, 103.81925], [1.2084833333333334, 103.81728333333334], [1.2087, 103.81656666666667], [1.2088833333333333, 103.81596666666667], [1.2091, 103.81518333333334], [1.2093, 103.81453333333333], [1.2094666666666667, 103.814], [1.2094833333333332, 103.81393333333334], [1.2096333333333333, 103.81345], [1.2096833333333334, 103.81328333333333], [1.2102666666666666, 103.81128333333334], [1.2104333333333333, 103.81075], [1.2106, 103.81021666666666], [1.2114333333333334, 103.80761666666666], [1.2117, 103.80706666666667], [1.2126333333333332, 103.8052], [1.2128166666666667, 103.80493333333334], [1.2129333333333334, 103.80476666666667], [1.21325, 103.80435], [1.2145333333333332, 103.80291666666666], [1.2165, 103.801], [1.2171333333333334, 103.80036666666666], [1.21775, 103.79975], [1.21835, 103.79913333333333], [1.2189333333333334, 103.7985], [1.2195, 103.79795], [1.2201333333333333, 103.7974], [1.22075, 103.79685], [1.22205, 103.79571666666666], [1.2226666666666666, 103.79515], [1.2233333333333334, 103.79456666666667], [1.22405, 103.79393333333333], [1.2261333333333333, 103.79208333333334], [1.2268333333333334, 103.79151666666667], [1.2276666666666667, 103.79091666666666], [1.2284166666666667, 103.79035], [1.2291333333333334, 103.78981666666667], [1.2299833333333334, 103.7892], [1.2323833333333334, 103.78748333333333], [1.2331666666666667, 103.7869], [1.2339166666666668, 103.78636666666667], [1.23475, 103.78576666666666], [1.2387833333333333, 103.7828], [1.2439333333333333, 103.779], [1.2457166666666666, 103.77768333333333], [1.253, 103.7722], [1.25945, 103.76793333333333], [1.2644333333333333, 103.76276666666666], [1.2698166666666666, 103.75566666666667], [1.2717833333333333, 103.75281666666666], [1.2727166666666667, 103.75146666666667], [1.2731166666666667, 103.75086666666667], [1.2739, 103.7496]],