{"352870000": [[1.213655, 103.86236833333334], [1.2134, 103.86185166666667], [1.2130916666666667, 103.86123], [1.2128466666666666, 103.86073833333333], [1.2125166666666667, 103.86009166666666], [1.21206, 103.85909166666667], [1.2118583333333333, 103.85861166666666], [1.2114633333333333, 103.85758166666666], [1.2112366666666667, 103.85696833333333], [1.2108933333333334, 103.85602333333334], [1.2107283333333334, 103.855595], [1.21054, 103.85506666666667], [1.21038, 103.85464666666667], [1.2098316666666666, 103.853195], [1.209645, 103.85277333333333], [1.2092616666666667, 103.85188833333333], [1.2086816666666667, 103.85049666666667], [1.2085483333333333, 103.850105], [1.2083966666666666, 103.849665], [1.2081266666666666, 103.84875666666667], [1.2078666666666666, 103.84781166666667], [1.20777, 103.84741166666667], [1.2072116666666666, 103.845155], [1.2070166666666666, 103.844325], [1.2068116666666666, 103.84344166666666], [1.2065966666666668, 103.84251166666667], [1.2063933333333334, 103.84167666666667], [1.2062433333333333, 103.84076666666667], [1.20614, 103.83983333333333], [1.2060633333333333, 103.83898], [1.20601, 103.83809333333333], [1.20594, 103.83716833333334], [1.2059033333333333, 103.83677], [1.2058566666666666, 103.836315], [1.20582, 103.83582833333334], [1.2057816666666668, 103.835435], [1.2056933333333333, 103.834495], [1.2056733333333334, 103.83364], [1.2057383333333334, 103.83184333333334], [1.2057983333333333, 103.831005], [1.20588, 103.83008166666667], [1.2059566666666666, 103.82921166666667], [1.2060383333333333, 103.82839833333334], [1.206145, 103.827535], [1.2063416666666666, 103.82577333333333], [1.2063916666666668, 103.82529333333333]], "563808000": [[1.2135333333333334, 103.8617], [1.21325, 103.86115], [1.21305, 103.86075], [1.2128, 103.86011666666667], [1.2125333333333332, 103.85948333333333], [1.2120833333333334, 103.85845], [1.2119, 103.85803333333334], [1.2116166666666666, 103.8574], [1.2114333333333334, 103.85698333333333], [1.21125, 103.85655], [1.2107333333333334, 103.85538333333334], [1.2104333333333333, 103.85473333333333], [1.2102333333333333, 103.8543], [1.2099666666666666, 103.85371666666667], [1.20975, 103.8533], [1.2091833333333333, 103.85226666666667], [1.2089, 103.85161666666667], [1.2087333333333334, 103.85116666666667], [1.2084666666666666, 103.85051666666666], [1.2083, 103.85006666666666], [1.2079333333333333, 103.84893333333333], [1.2077666666666667, 103.8483], [1.2076333333333333, 103.8476], [1.2075, 103.84715], [1.2074, 103.84668333333333], [1.2071666666666667, 103.84553333333334], [1.2070666666666667, 103.84483333333333], [1.2069166666666666, 103.84413333333333], [1.2067833333333333, 103.84318333333333], [1.2066166666666667, 103.84235], [1.2065666666666666, 103.84186666666666], [1.2064166666666667, 103.84118333333333], [1.20635, 103.84076666666667], [1.2062333333333333, 103.84008333333334], [1.2061333333333333, 103.83963333333334], [1.2060333333333333, 103.83896666666666], [1.20595, 103.83851666666666], [1.2058166666666668, 103.83785], [1.20575, 103.83741666666667], [1.2055666666666667, 103.83611666666667], [1.2055333333333333, 103.83573333333334], [1.2055, 103.8353], [1.2054666666666667, 103.83465], [1.2054833333333332, 103.83358333333334], [1.2055333333333333, 103.83296666666666], [1.2055333333333333, 103.83255], [1.2055666666666667, 103.83213333333333], [1.2056, 103.83151666666667], [1.20565, 103.82998333333333], [1.2056833333333334, 103.82938333333334], [1.2057166666666668, 103.82898333333333], [1.2061166666666667, 103.82688333333333], [1.2062, 103.8265], [1.2063, 103.82611666666666], [1.2064166666666667, 103.82555], [1.2065333333333332, 103.82501666666667], [1.2067166666666667, 103.82405], [1.2068166666666666, 103.82368333333334], [1.20695, 103.82311666666666], [1.2070666666666667, 103.82275], [1.2072, 103.82238333333333], [1.2073666666666667, 103.82181666666666], [1.20765, 103.8209], [1.2078166666666668, 103.82033333333334], [1.20845, 103.81848333333333], [1.2086166666666667, 103.81813333333334], [1.20895, 103.81725], [1.2092833333333333, 103.81635], [1.2095333333333333, 103.81581666666666], [1.2096833333333334, 103.81548333333333], [1.2101166666666667, 103.81461666666667], [1.2105333333333332, 103.81381666666667], [1.2108, 103.81331666666667], [1.21095, 103.81296666666667], [1.2113833333333333, 103.81211666666667], [1.2117666666666667, 103.81128333333334], [1.21205, 103.81078333333333], [1.2122333333333333, 103.81046666666667], [1.2126666666666666, 103.80963333333334], [1.2130833333333333, 103.80883333333334], [1.2132666666666667, 103.80851666666666], [1.2135666666666667, 103.80806666666666], [1.21405, 103.80731666666667], [1.21435, 103.80686666666666], [1.21455, 103.80656666666667], [1.2155166666666666, 103.80515], [1.2158166666666668, 103.8047], [1.2160333333333333, 103.80441666666667], [1.2173, 103.80258333333333], [1.2174833333333333, 103.80231666666667], [1.21865, 103.80071666666667], [1.2193666666666667, 103.79966666666667], [1.2198333333333333, 103.79905], [1.2200166666666667, 103.7988], [1.22055, 103.79811666666667], [1.2207333333333332, 103.79788333333333], [1.2211833333333333, 103.79726666666667], [1.2214666666666667, 103.79693333333333]], "525021428": [[1.2111483333333333, 103.85917666666667], [1.210895, 103.85724833333333], [1.21075, 103.85626333333333], [1.210555, 103.85538333333334], [1.2103916666666668, 103.85445166666666], [1.21021, 103.853495], [1.20974, 103.85162666666666], [1.2088733333333332, 103.84881], [1.208225, 103.844925], [1.2081066666666667, 103.84274833333333], [1.2084516666666667, 103.83903666666667], [1.2087033333333332, 103.83805], [1.2101583333333332, 103.834385], [1.21142, 103.832885], [1.2134483333333332, 103.82990333333333], [1.21241, 103.82975666666667]], "352952000": [[1.2133233333333333, 103.86232333333334], [1.213015, 103.861675], [1.212815, 103.86123833333333], [1.2125416666666666, 103.86066166666667], [1.2123066666666666, 103.86013666666666], [1.2121016666666666, 103.85966333333333], [1.2118283333333333, 103.85906666666666], [1.211575, 103.858515]],