{"563030610": [[1.2104766666666666, 103.84925333333334], [1.2108133333333333, 103.85188833333333], [1.21224, 103.85617], [1.2142133333333334, 103.86049833333334], [1.2205983333333332, 103.87404833333333]], "564355000": [[1.208765, 103.85780333333334], [1.2088833333333333, 103.85801333333333], [1.2090516666666666, 103.85829166666667], [1.2091833333333333, 103.85849166666667], [1.2093416666666668, 103.858705], [1.2097083333333334, 103.85911833333333], [1.2098583333333333, 103.85926666666667], [1.210095, 103.85948333333333], [1.2102733333333333, 103.85964166666666], [1.2104816666666667, 103.85981166666667], [1.2109383333333332, 103.860165], [1.21111, 103.86030166666667], [1.2113666666666667, 103.86050833333333], [1.2115683333333334, 103.860665], [1.2125016666666666, 103.86128833333333], [1.2127883333333334, 103.86147666666666], [1.213005, 103.86161666666666], [1.2137433333333334, 103.86212], [1.2139233333333332, 103.86225666666667], [1.214175, 103.86244333333333], [1.2144316666666666, 103.86263166666667], [1.2148866666666667, 103.86295], [1.21536, 103.86325833333333], [1.2156333333333333, 103.86343833333333], [1.2159166666666668, 103.86360833333333], [1.2164133333333333, 103.86391333333333], [1.2169016666666668, 103.86422333333333], [1.217175, 103.86441333333333], [1.21744, 103.86461], [1.2178933333333333, 103.86494666666667], [1.21863, 103.86545666666666], [1.2188983333333334, 103.86564666666666], [1.2193833333333333, 103.86596333333334], [1.2201433333333334, 103.86647166666667], [1.2204033333333333, 103.866635], [1.2206666666666666, 103.86679333333333], [1.2209316666666667, 103.86695166666667], [1.22199, 103.86761], [1.2222533333333334, 103.86779], [1.222515, 103.867965], [1.2227983333333334, 103.86816166666667], [1.2232783333333332, 103.8685], [1.2235333333333334, 103.86867833333334], [1.2237866666666666, 103.868865], [1.224045, 103.86905], [1.224325, 103.86926], [1.2248133333333333, 103.86962166666666], [1.22507, 103.86981666666667], [1.2253216666666666, 103.87001333333333], [1.2255783333333334, 103.87021333333334], [1.2266216666666667, 103.87101], [1.22688, 103.87121333333333], [1.2271333333333334, 103.871425], [1.2274083333333334, 103.87166166666667], [1.227635, 103.87185666666667], [1.22786, 103.87205333333333], [1.2281316666666666, 103.87229833333333], [1.2283783333333333, 103.872525], [1.228625, 103.87275166666667], [1.2289033333333332, 103.87299833333333], [1.2291233333333333, 103.87319833333333], [1.2293516666666666, 103.87339166666666], [1.2296283333333333, 103.87363166666667], [1.22988, 103.87385333333333], [1.2304083333333333, 103.874305], [1.2306316666666666, 103.87450666666666], [1.2308516666666667, 103.87471], [1.231115, 103.87495666666666], [1.2313516666666666, 103.87518333333334], [1.2315883333333333, 103.87541], [1.2318483333333334, 103.87565833333333], [1.232065, 103.87586], [1.2322816666666667, 103.87606166666667], [1.23252, 103.87628833333333], [1.23278, 103.87654], [1.2332316666666667, 103.87697833333333], [1.2334933333333333, 103.87723166666666], [1.2337083333333334, 103.87743833333333], [1.2342133333333334, 103.87791666666666], [1.2346766666666666, 103.87835166666666], [1.2351633333333334, 103.87880833333334], [1.23567, 103.87929333333334], [1.2361233333333332, 103.87973166666667], [1.2363816666666667, 103.87999], [1.236595, 103.88019666666666], [1.2368316666666668, 103.88043], [1.2370933333333334, 103.880685], [1.2375416666666668, 103.88112833333334], [1.2378, 103.88138833333333], [1.238015, 103.8816], [1.2382566666666666, 103.88183333333333], [1.2385216666666667, 103.88208833333333], [1.2389766666666666, 103.88253166666667], [1.239265, 103.882815], [1.239455, 103.883005], [1.2396933333333333, 103.88323666666666], [1.2399583333333333, 103.88349333333333], [1.2404183333333334, 103.88392833333333], [1.2407133333333333, 103.8842], [1.24091, 103.88438], [1.2411583333333334, 103.88460666666667], [1.2414316666666667, 103.88485333333334], [1.2419183333333332, 103.88526833333333], [1.2422283333333333, 103.88553333333333], [1.2424366666666666, 103.88571166666667], [1.2426983333333332, 103.88593166666666], [1.242985, 103.886165], [1.2442766666666667, 103.88720833333333], [1.24456, 103.88745], [1.245095, 103.88791833333333], [1.2458033333333334, 103.88855666666667], [1.2460666666666667, 103.88881833333333], [1.246555, 103.88932166666666], [1.246785, 103.889565], [1.2469666666666666, 103.88976166666667], [1.2474433333333332, 103.89026833333334], [1.2476883333333333, 103.89053666666666], [1.2483183333333334, 103.89124833333334], [1.2487566666666667, 103.89174333333334], [1.2489983333333334, 103.892015], [1.2491916666666667, 103.89224166666666], [1.2496, 103.89271333333333], [1.2500666666666667, 103.89322833333334], [1.2503233333333332, 103.89348666666666], [1.2505566666666668, 103.89371666666666], [1.251535, 103.89456333333334], [1.2518233333333333, 103.89478666666666], [1.2520883333333332, 103.89498833333333], [1.25236, 103.89518], [1.2526066666666666, 103.89535], [1.2531516666666667, 103.895735], [1.253725, 103.89614666666667], [1.2539883333333333, 103.89634833333334], [1.2542266666666666, 103.89653666666666], [1.25475, 103.89696], [1.255295, 103.897405], [1.2555, 103.89757833333333], [1.2557716666666667, 103.89781666666667], [1.2560233333333333, 103.89803666666667], [1.2562766666666667, 103.89825333333333], [1.2568133333333333, 103.89870166666667], [1.25702, 103.89887333333333], [1.2572816666666666, 103.89908333333334], [1.2575533333333333, 103.899325], [1.2577933333333333, 103.89955166666667], [1.2582866666666668, 103.90003333333334], [1.2587283333333332, 103.90046166666667], [1.25896, 103.90069], [1.259415, 103.90115833333333], [1.25966, 103.90142166666666], [1.260085, 103.90187666666667], [1.2628066666666666, 103.90471666666667], [1.2637666666666667, 103.90558], [1.2640183333333332, 103.905795], [1.2642866666666666, 103.90604166666667], [1.2652616666666667, 103.90688333333334], [1.2657733333333334, 103.90734166666667], [1.2670266666666667, 103.90831833333333], [1.26758, 103.90870833333334], [1.26784, 103.90889666666666], [1.2683666666666666, 103.909275], [1.2686016666666666, 103.90944166666667], [1.2689116666666667, 103.90967333333333], [1.2693933333333334, 103.91004833333334], [1.2698983333333334, 103.91043333333333], [1.2701516666666666, 103.91062666666667], [1.2704233333333332, 103.91083833333333], [1.2708883333333334, 103.911215], [1.2716166666666666, 103.91181333333333], [1.27188, 103.912035], [1.2723366666666667, 103.912425], [1.2728016666666666, 103.91284], [1.273705, 103.91368833333334], [1.27463, 103.91455166666667], [1.2750466666666667, 103.91500666666667], [1.2758066666666668, 103.91597666666667], [1.2761833333333332, 103.91644666666667], [1.2765583333333332, 103.91693], [1.2767066666666667, 103.91712833333334], [1.2769166666666667, 103.91742833333333], [1.2772616666666667, 103.91793833333334], [1.2776, 103.918445], [1.27774, 103.91864333333334], [1.277955, 103.91894166666667], [1.278115, 103.91916833333333], [1.2783083333333334, 103.919445], [1.2786566666666668, 103.919955]],