{"566209000": [[1.2165466666666667, 103.86298166666667], [1.216185, 103.862385], [1.21599, 103.86207833333333], [1.2154233333333333, 103.861135], [1.214885, 103.86022666666666], [1.214665, 103.85989333333333], [1.214275, 103.85928666666666], [1.2141166666666667, 103.85901666666666], [1.2137833333333334, 103.85841833333333], [1.2136116666666668, 103.85811666666666], [1.2132416666666668, 103.85752666666667], [1.213065, 103.85722833333334], [1.2127216666666667, 103.85662666666667], [1.212515, 103.85630166666667], [1.2121333333333333, 103.85574], [1.2119733333333333, 103.85549166666667], [1.2113166666666666, 103.8548], [1.2109266666666667, 103.85437833333333], [1.2107033333333332, 103.85419333333333], [1.2096316666666667, 103.853275], [1.20942, 103.85310833333334], [1.2092433333333332, 103.85295833333333], [1.208705, 103.85247166666667], [1.2085566666666667, 103.85230666666666], [1.2083933333333334, 103.85216333333334], [1.20822, 103.85203666666666], [1.2081716666666666, 103.852], [1.2081116666666667, 103.85194666666666], [1.2080733333333333, 103.8519], [1.2080466666666667, 103.85187], [1.2080016666666666, 103.85181166666666], [1.2079166666666667, 103.85168], [1.2078983333333333, 103.851645], [1.2078666666666666, 103.85158333333334], [1.207855, 103.85155666666667], [1.2078183333333334, 103.851485], [1.2077783333333334, 103.85134], [1.207765, 103.85126166666667], [1.2076983333333333, 103.85094166666667], [1.20762, 103.850615], [1.2075433333333334, 103.850265], [1.2074633333333333, 103.84989333333333], [1.207405, 103.84951333333333], [1.2073633333333333, 103.84913], [1.2073433333333334, 103.84893833333334]], "525012027": [[1.2130083333333332, 103.86145166666667], [1.212505, 103.859875], [1.2123266666666668, 103.85860833333334], [1.2122566666666668, 103.85794833333334], [1.2121916666666666, 103.85730333333333], [1.2117666666666667, 103.85599333333333], [1.2115733333333334, 103.85556], [1.211325, 103.85507666666666], [1.2104683333333333, 103.85398833333333], [1.2101316666666666, 103.85355], [1.20933, 103.85241], [1.2090966666666667, 103.85186833333333], [1.209035, 103.85158], [1.208955, 103.85129], [1.20893, 103.85072], [1.208975, 103.85040166666667], [1.2089883333333333, 103.85006666666666], [1.2090083333333332, 103.84930833333334], [1.2087166666666667, 103.848505], [1.2084616666666668, 103.84761833333333], [1.2088466666666666, 103.84548833333334], [1.2090183333333333, 103.84476333333333], [1.20926, 103.843865], [1.2094133333333332, 103.84286666666667], [1.2098016666666667, 103.84080333333333], [1.2100233333333332, 103.83705666666667], [1.2100283333333333, 103.83618]], "563037860": [[1.2169116666666666, 103.85190166666666], [1.216915, 103.85190166666666], [1.2169066666666666, 103.851895], [1.21691, 103.8519], [1.2169083333333333, 103.8519], [1.216895, 103.851885], [1.2169016666666668, 103.85188166666667], [1.2169066666666666, 103.85188666666667], [1.2169133333333333, 103.85189666666666], [1.2169183333333333, 103.851895], [1.21691, 103.85188833333333], [1.2169083333333333, 103.85186833333333], [1.2169116666666666, 103.851885], [1.21691, 103.85188166666667], [1.216905, 103.85187], [1.21692, 103.85187666666667], [1.2169183333333333, 103.851875]], "563021980": [[1.213085, 103.86060333333333], [1.2110816666666666, 103.85806666666667], [1.21055, 103.85735333333334], [1.2100116666666667, 103.85665333333333], [1.2093516666666666, 103.85603], [1.2087333333333334, 103.855445], [1.20765, 103.854045], [1.2068916666666667, 103.85271], [1.2061933333333332, 103.85122], [1.2054683333333334, 103.84967666666667], [1.2051516666666666, 103.848135], [1.2047566666666667, 103.84659166666667]], "248247000": [[1.2125166666666667, 103.86008333333334], [1.21235, 103.85976666666667], [1.21195, 103.85905], [1.21165, 103.8584], [1.21025, 103.8567], [1.2099333333333333, 103.85645], [1.20935, 103.85598333333333], [1.2088666666666668, 103.85541666666667], [1.2083333333333333, 103.85483333333333], [1.20785, 103.85423333333334], [1.2073833333333333, 103.8536], [1.2069833333333333, 103.85291666666667], [1.2068, 103.85256666666666], [1.2066666666666668, 103.85225], [1.2064166666666667, 103.85151666666667], [1.20615, 103.85073333333334], [1.20605, 103.85035], [1.2057833333333334, 103.84885], [1.2057166666666668, 103.84833333333333], [1.2056666666666667, 103.84796666666666], [1.2056166666666666, 103.84756666666667], [1.2055, 103.84678333333333], [1.2053, 103.84551666666667], [1.2052666666666667, 103.84511666666667], [1.2051666666666667, 103.84436666666667], [1.2050666666666667, 103.84311666666666], [1.20505, 103.84275], [1.20505, 103.8421], [1.20505, 103.841], [1.2050333333333334, 103.84], [1.205, 103.83895], [1.2049833333333333, 103.83836666666667], [1.20495, 103.83796666666667], [1.2049333333333334, 103.83736666666667], [1.2049333333333334, 103.83705], [1.2049333333333334, 103.8367], [1.2049833333333333, 103.83611666666667], [1.2050666666666667, 103.83488333333334], [1.2050833333333333, 103.83465], [1.2050833333333333, 103.83431666666667], [1.20515, 103.83285], [1.2052, 103.83256666666666], [1.2052833333333333, 103.83198333333333], [1.2054166666666666, 103.83115], [1.2056166666666666, 103.83005], [1.2057166666666668, 103.8295], [1.2059, 103.82835], [1.2059833333333334, 103.82778333333333], [1.2062166666666667, 103.82613333333333], [1.20625, 103.82588333333334], [1.2063166666666667, 103.82561666666666], [1.20645, 103.82511666666667], [1.2066166666666667, 103.82451666666667], [1.2066833333333333, 103.8243], [1.20675, 103.824], [1.2068833333333333, 103.8235], [1.2072166666666666, 103.82241666666667], [1.2073666666666667, 103.82188333333333], [1.2075166666666666, 103.82133333333333], [1.20765, 103.82075], [1.2077833333333334, 103.82021666666667], [1.2079166666666667, 103.81961666666666], [1.2080333333333333, 103.81906666666667], [1.2081, 103.81875], [1.2081666666666666, 103.81848333333333], [1.2084833333333334, 103.817], [1.20855, 103.81671666666666], [1.2086666666666666, 103.81613333333334], [1.2087166666666667, 103.8158], [1.2087666666666668, 103.81553333333333], [1.20885, 103.81496666666666], [1.20895, 103.81433333333334], [1.2090833333333333, 103.81378333333333], [1.2092333333333334, 103.8132], [1.2097666666666667, 103.81148333333333], [1.2099833333333334, 103.81088333333334], [1.2104166666666667, 103.8098], [1.21125, 103.80823333333333], [1.2115666666666667, 103.80765], [1.21315, 103.80506666666666], [1.2144166666666667, 103.80376666666666], [1.2146666666666666, 103.80353333333333], [1.2153666666666667, 103.80295], [1.21585, 103.8026], [1.2168166666666667, 103.80188333333334], [1.21725, 103.80151666666667], [1.2185833333333334, 103.8003], [1.2188166666666667, 103.8001], [1.2199, 103.79908333333333], [1.2201, 103.7989], [1.22075, 103.7983], [1.2211666666666667, 103.79791666666667], [1.22155, 103.79755], [1.2234166666666666, 103.79581666666667], [1.2244666666666666, 103.7949], [1.2247833333333333, 103.79463333333334], [1.2251, 103.79436666666666], [1.2252833333333333, 103.79421666666667], [1.2255666666666667, 103.79396666666666], [1.2257166666666666, 103.79385], [1.2260166666666668, 103.79358333333333], [1.2261666666666666, 103.79345], [1.2275666666666667, 103.79215], [1.2280166666666668, 103.79171666666667], [1.2282333333333333, 103.79145], [1.2284833333333334, 103.79116666666667], [1.2290666666666668, 103.79068333333333], [1.2293833333333333, 103.7904], [1.23, 103.78988333333334], [1.23145, 103.78861666666667], [1.2325333333333333, 103.78765], [1.2335666666666667, 103.7868], [1.2345166666666667, 103.78605], [1.2357666666666667, 103.78505], [1.2359166666666668, 103.78495], [1.2361333333333333, 103.7848], [1.2364833333333334, 103.78466666666667], [1.2365833333333334, 103.78463333333333], [1.2368333333333332, 103.78456666666666], [1.2373666666666667, 103.78443333333334], [1.2376, 103.78436666666667], [1.238, 103.78423333333333], [1.2382, 103.78418333333333], [1.2383833333333334, 103.78413333333333], [1.2385833333333334, 103.78408333333333], [1.2387666666666666, 103.78403333333333], [1.23895, 