{"566751000": [[1.2165783333333333, 103.86308666666666], [1.2162566666666668, 103.86271166666667], [1.2159366666666667, 103.86233166666666], [1.2156216666666666, 103.86194833333333], [1.2153116666666666, 103.86155666666667], [1.2149816666666666, 103.86111833333334], [1.2146833333333333, 103.86070833333333], [1.21413, 103.859915], [1.2138433333333334, 103.85949166666667], [1.2135566666666666, 103.85906833333334], [1.2132383333333334, 103.858605], [1.2129516666666667, 103.85818166666667], [1.2124083333333333, 103.85736166666666], [1.2121266666666666, 103.85692333333333], [1.211845, 103.85648166666667], [1.2115416666666667, 103.85599166666667], [1.2112733333333334, 103.85553333333333], [1.21079, 103.85458], [1.2105666666666666, 103.854115], [1.2103866666666667, 103.85368], [1.2101883333333334, 103.853125], [1.2100266666666666, 103.85262833333333], [1.2097416666666667, 103.85167166666666], [1.2095816666666668, 103.85110166666666], [1.2093166666666666, 103.85003166666667], [1.20904, 103.84844], [1.208965, 103.84783], [1.2086333333333332, 103.84441666666666], [1.2082633333333332, 103.84218166666666], [1.2080716666666667, 103.84107166666666], [1.2077466666666667, 103.83829166666666], [1.2076883333333333, 103.83774666666666], [1.2075466666666668, 103.83606666666667], [1.2075333333333333, 103.83558166666667], [1.20755, 103.83453], [1.20776, 103.83250333333334], [1.2078916666666666, 103.83148333333334], [1.20825, 103.82945666666667], [1.208485, 103.82848166666666], [1.2089033333333334, 103.82702166666667], [1.2090233333333333, 103.8266], [1.2093033333333334, 103.82567333333333], [1.2096233333333333, 103.82471], [1.2099216666666666, 103.823845], [1.2100816666666667, 103.82338833333333], [1.210235, 103.82293333333334], [1.2105666666666666, 103.821985], [1.210725, 103.821535], [1.2108733333333332, 103.82113333333334], [1.21121, 103.82023833333334], [1.2113633333333333, 103.81983666666666]], "563034300": [[1.2165183333333334, 103.86311833333333], [1.216165, 103.86277166666666], [1.2158383333333334, 103.86241666666666], [1.2154433333333334, 103.86198166666667], [1.2151233333333333, 103.86159], [1.2148133333333333, 103.86119], [1.2145716666666666, 103.860875], [1.214245, 103.86041833333333], [1.213985, 103.86003], [1.2136483333333334, 103.859525], [1.21337, 103.85909833333334], [1.2130983333333334, 103.85866166666666], [1.2128833333333333, 103.85830166666666], [1.2126116666666666, 103.85784833333334], [1.2123466666666667, 103.85738333333333], [1.2120616666666666, 103.85687833333333], [1.2118033333333333, 103.85636666666667], [1.21158, 103.855895], [1.2113916666666666, 103.85549666666667], [1.2111483333333333, 103.85495833333333], [1.2109733333333332, 103.854505], [1.2107533333333333, 103.85396166666666], [1.2105666666666666, 103.85351333333334], [1.2103333333333333, 103.85291166666667], [1.2101833333333334, 103.8525], [1.2099833333333334, 103.85192], [1.20979, 103.851405], [1.2095983333333333, 103.85087333333334], [1.209465, 103.85037666666666], [1.20928, 103.8497], [1.2091566666666667, 103.84926666666667], [1.2089816666666666, 103.84867], [1.2088483333333333, 103.84813166666666], [1.2087316666666668, 103.84758], [1.20861, 103.84707333333333], [1.208445, 103.846395], [1.2083483333333334, 103.845945], [1.2081883333333334, 103.84531666666666], [1.2078916666666666, 103.84420166666666], [1.2075016666666667, 103.84309166666667], [1.207105, 103.84206833333333], [1.2066866666666667, 103.84100166666667]], "477790400": [[1.2140133333333334, 103.861935], [1.2137116666666667, 103.86138666666666], [1.2134116666666668, 103.86083], [1.213145, 103.86032333333333], [1.212905, 103.859865], [1.2126116666666666, 103.8593], [1.2123983333333332, 103.85888833333334], [1.2121, 103.85832166666667], [1.2118116666666667, 103.85774333333333], [1.2112966666666667, 103.85674666666667], [1.2107933333333334, 103.85573333333333], [1.210515, 103.85514166666667], [1.21024, 103.85454833333333], [1.2097783333333334, 103.853505], [1.20932, 103.85244666666667], [1.2090566666666667, 103.85183666666667], [1.2088366666666666, 103.85133666666667], [1.2083333333333333, 103.85017666666667], [1.20786, 103.84903], [1.207695, 103.84859666666667], [1.2074816666666666, 103.84805166666666], [1.2070266666666667, 103.84693], [1.2065633333333334, 103.8459], [1.206135, 103.84493666666667], [1.2056866666666666, 103.84387666666667], [1.2052683333333334, 103.84281833333333], [1.2049233333333333, 103.84192333333333], [1.2045583333333334, 103.840945], [1.20417, 103.83987166666667], [1.20389, 103.83900333333334], [1.2036283333333333, 103.83803333333333], [1.20344, 103.83699166666666], [1.2033616666666667, 103.83614666666666], [1.2033233333333333, 103.83523666666666], [1.2033183333333333, 103.83423666666667], [1.2033183333333333, 103.83388166666667], [1.203325, 103.83343833333333], [1.203335, 103.832955], [1.20334, 103.83256333333334], [1.203375, 103.83160666666667], [1.20339, 103.83083], [1.2034683333333334, 103.82998333333333], [1.2035833333333332, 103.829065], [1.20364, 103.82869666666667], [1.2037033333333333, 103.82828833333333], [1.2038216666666666, 103.82751666666667], [1.2040016666666666, 103.826635], [1.2041916666666668, 103.82589666666667], [1.204305, 103.82551166666667], [1.2044066666666666, 103.82515833333333], [1.2046716666666666, 103.82428333333333], [1.205075, 103.82313333333333], [1.2052016666666667, 103.82277], [1.2056483333333334, 103.821495], [1.2058133333333334, 103.82108], [1.2059883333333334, 103.82066833333333], [1.20617, 103.82025833333333], [1.2063516666666667, 103.81984666666666], [1.2065633333333334, 103.819395], [1.206925, 103.81866166666667], [1.207145, 103.818205], [1.207345, 103.81778666666666], [1.2077833333333334, 103.81691333333333], [1.20817, 103.81614833333333], [1.2086316666666668, 103.81527], [1.2090833333333333, 103.814375], [1.209505, 103.81356666666667], [1.21135, 103.810075], [1.2128166666666667, 103.80743666666666], [1.2138116666666667, 103.80569333333334], [1.2150033333333334, 103.80354666666666], [1.2157933333333333, 103.80220666666666], [1.2165466666666667, 103.80091833333333], [1.2168533333333333, 103.80045333333334], [1.21828, 103.79836833333333], [1.2186, 103.797905], [1.2196983333333333, 103.79629333333334], [1.2215616666666667, 103.79384], [1.221965, 103.79337833333334], [1.2259566666666666, 103.78965166666667], [1.226735, 103.78901333333333], [1.228875, 103.78751833333334], [1.2317683333333334, 103.785655], [1.234495, 103.78398], [1.2361983333333333, 103.78293166666667], [1.240715, 103.78010666666667], [1.2416733333333334, 103.77949833333334], [1.242655, 103.77891], [1.2458616666666666, 103.77698666666667]],