{"564736000": [[1.2164016666666666, 103.86280666666667], [1.21608, 103.86230666666667], [1.2159016666666667, 103.86201833333334], [1.2157466666666668, 103.86175666666666], [1.2154216666666666, 103.86123666666667], [1.2150816666666666, 103.86074666666667], [1.2148833333333333, 103.86047333333333], [1.2147016666666666, 103.86022333333334], [1.2143366666666666, 103.859725], [1.2139783333333334, 103.85926333333333], [1.21377, 103.85899333333333], [1.21358, 103.858745], [1.2132266666666667, 103.85824666666667], [1.2128883333333333, 103.85773833333333], [1.2127333333333334, 103.857485], [1.21258, 103.85722833333334], [1.2123066666666666, 103.856735], [1.2120366666666667, 103.856175], [1.2118033333333333, 103.85561833333334], [1.2116283333333333, 103.855085], [1.211545, 103.85476833333334], [1.2113433333333334, 103.85421], [1.2110133333333333, 103.85342666666666], [1.21077, 103.85287833333334], [1.2106483333333333, 103.85262166666666], [1.2105266666666668, 103.85236666666667], [1.2103966666666666, 103.85211333333334], [1.2102683333333333, 103.85189166666666], [1.210085, 103.85163833333333], [1.2099166666666668, 103.85141333333333], [1.2095966666666667, 103.85095333333334], [1.2094533333333333, 103.85072], [1.209305, 103.85048333333333], [1.209005, 103.85000833333334], [1.208705, 103.84953333333333], [1.2085533333333334, 103.84929333333334], [1.2084033333333333, 103.84905666666667], [1.2082716666666666, 103.84884166666667], [1.208105, 103.84858166666666], [1.2078, 103.848105], [1.207655, 103.84786166666666], [1.2075116666666668, 103.84761], [1.207385, 103.847385], [1.2072366666666667, 103.84711166666666], [1.206975, 103.84661166666666], [1.20684, 103.84635333333334], [1.206715, 103.84609833333333], [1.2066083333333333, 103.84586833333333], [1.20648, 103.845585], [1.20625, 103.84504], [1.2061333333333333, 103.84479166666667], [1.206015, 103.84454333333333], [1.2059033333333333, 103.84431], [1.205765, 103.84402], [1.20564, 103.84375], [1.2055283333333333, 103.84350833333333], [1.20539, 103.84320833333334], [1.2052633333333334, 103.84293833333334], [1.2051433333333332, 103.84271], [1.2049933333333334, 103.84243166666667], [1.204855, 103.84218166666666], [1.20473, 103.84196], [1.2044366666666666, 103.84145166666667], [1.2043183333333334, 103.84123833333334], [1.2041716666666666, 103.84098333333333], [1.2040283333333333, 103.84074666666666]], "563018300": [[1.2138166666666668, 103.86238], [1.2136166666666666, 103.861995], [1.2134216666666666, 103.86160333333333], [1.21324, 103.861245], [1.213, 103.86081166666666], [1.2128083333333333, 103.86045666666666], [1.2125833333333333, 103.86001333333333], [1.212375, 103.85963166666667], [1.2121666666666666, 103.85923666666666], [1.2119766666666667, 103.85888666666666], [1.2117466666666667, 103.85844], [1.2115633333333333, 103.85808666666667], [1.2113466666666666, 103.85765333333333], [1.2111733333333334, 103.857275], [1.210985, 103.85689], [1.210895, 103.85669666666666], [1.210875, 103.85665666666667], [1.2108133333333333, 103.85654], [1.2106133333333333, 103.85611333333334], [1.2104633333333332, 103.85576666666667], [1.210245, 103.85534666666666], [1.2100433333333334, 103.85496333333333], [1.2098216666666666, 103.85459333333333], [1.209615, 103.85425833333333], [1.209145, 103.85353333333333], [1.2086983333333334, 103.85283666666666], [1.20846, 103.85249166666667], [1.208265, 103.85218], [1.2082066666666667, 103.85207666666666], [1.2082066666666667, 103.85207666666666], [1.2078383333333333, 103.85146666666667], [1.2076316666666667, 103.851135], [1.2074216666666666, 103.85081333333333], [1.2072433333333332, 103.850535], [1.20664, 103.84953], [1.206445, 103.84920166666667], [1.2062683333333333, 103.84888], [1.2061633333333333, 103.84868666666667], [1.2061466666666667, 103.84865333333333], [1.2061116666666667, 103.848585], [1.2060433333333334, 103.84845166666666], [1.2060083333333333, 103.84838333333333], [1.2059383333333333, 103.84825333333333], [1.2057266666666666, 103.84783333333333], [1.2057266666666666, 103.84783333333333], [1.2056033333333334, 103.84757166666667], [1.2055233333333333, 103.84738166666666], [1.2054816666666666, 103.84725666666667], [1.20546, 103.847195], [1.20543, 103.84709833333334], [1.20538, 103.846935], [1.2053583333333333, 103.84686833333333], [1.2053266666666667, 103.84676666666667], [1.2052883333333333, 103.84663333333333], [1.2052533333333333, 103.84651], [1.20524, 103.846445], [1.2052116666666666, 103.84631833333333], [1.2051266666666667, 103.845635], [1.20512, 103.84556833333333], [1.2051133333333333, 103.84547], [1.2050483333333333, 103.84468833333334], [1.205035, 103.84435166666667], [1.2049783333333333, 103.84367166666667], [1.2049383333333332, 103.84300833333333], [1.20494, 103.84290333333334], [1.2049433333333333, 103.842835], [1.20495, 103.84269666666667], [1.2049533333333333, 103.84259166666666], [1.204965, 103.8424], [1.204965, 103.84168], [1.2049766666666666, 103.84068666666667], [1.2049833333333333, 103.840385], [1.2050066666666666, 103.83961333333333], [1.2050366666666668, 103.83860833333334], [1.2050533333333333, 103.83830666666667], [1.205085, 103.8379], [1.20511, 103.83754833333333], [1.2052, 103.836185], [1.2052266666666667, 103.835785], [1.205255, 103.83543333333333], [1.2053616666666667, 103.83404666666667], [1.20538, 103.83366166666667], [1.2054033333333334, 103.83328333333333], [1.2055, 103.8319], [1.2055316666666667, 103.83149333333333], [1.20557, 103.83112], [1.205595, 103.83080333333334], [1.20571, 103.82977833333334], [1.2057383333333334, 103.82948333333333], [1.2057466666666667, 103.82941666666666], [1.2058016666666667, 103.82915166666666], [1.205855, 103.828935], [1.2058783333333334, 103.828815], [1.2060566666666668, 103.82793333333333], [1.2061133333333334, 103.82762166666667], [1.2061666666666666, 103.82739833333333], [1.20624, 103.82710333333333], [1.2064216666666667, 103.82636333333333], [1.2064883333333334, 103.82608166666667], [1.2065316666666666, 103.8259], [1.2066616666666667, 103.82540666666667], [1.2067583333333334, 103.82498333333334], [1.2068016666666668, 103.824755], [1.2068266666666667, 103.824595], [1.20687, 103.82435], [1.206925, 103.82411833333333], [1.206965, 103.82395166666667], [1.2070233333333333, 103.82371166666667], [1.2070816666666666, 103.82335], [1.2071666666666667, 103.822935], [1.2072333333333334, 103.822525], [1.207275, 103.82232166666667], [1.20731, 103.822145], [1.2073566666666666, 103.82195], [1.2074816666666666, 103.82129333333333], [1.2078216666666666, 103.81979833333334], [1.207945, 103.81927166666667], [1.2080716666666667, 103.81865666666667], [1.2081283333333332, 103.81838], [1.2081983333333333, 103.81804166666667], [1.2083416666666666, 103.81745666666667], [1.2084766666666666, 103.816775], [1.2086033333333333, 103.81615833333333], [1.2091433333333332, 103.813395], [1.2093433333333334, 103.81246166666666], [1.2094166666666666, 103.81215333333333], [1.209445, 103.81204833333334], [1.209565, 103.81153666666667], [1.209705, 103.81103833333333], [1.20977, 103.81083166666667], [1.20983, 103.81063166666667], [1.209905, 103.81032333333333], [1.2099133333333334, 103.81028833333333], [1.20993, 103.81021666666666], [1.20994, 103.81018], [1.2100766666666667, 103.80971], [1.2100766666666667, 103.80971], [1.2101966666666666, 103.80933833333333], [1.210765, 103.807795], [1.2110766666666666, 103.80704], [1.2115033333333334, 103.80627333333334], [1.21156, 103.80617166666667], [1.2116533333333332, 103.80600333333334], [1.21169, 103.805935], [1.2118566666666666, 103.80563333333333], [1.2125516666666667, 103.80451666666667], [1.2138933333333333, 103.80263], [1.2141033333333333, 103.80236], [1.2143866666666667, 103.801975], [1.215125, 103.80108166666666], [1.2153816666666666, 103.80078166666667], [1.2154066666666667, 103.80075333333333], [1.2154833333333332, 103.80066666666667], [1.21559, 103.80054666666666], [1.2156183333333332, 103.800515], [1.2159533333333334, 103.80015166666666], [1.2167883333333334, 103.79930833333333], [1.21708, 