{"525005341": [[1.2132866666666666, 103.86125666666666], [1.2125566666666667, 103.858465], [1.21221, 103.85708333333334], [1.2115983333333333, 103.85417333333334], [1.2112916666666667, 103.85272166666667], [1.21104, 103.85144833333334], [1.2107916666666667, 103.85005], [1.2103483333333334, 103.84711], [1.2098066666666667, 103.83591166666666], [1.2119116666666667, 103.83066166666667]], "564671000": [[1.2082616666666666, 103.852775], [1.2084016666666666, 103.853195], [1.2084733333333333, 103.85341], [1.2085583333333334, 103.85367], [1.2086866666666667, 103.85406], [1.2089583333333334, 103.85468], [1.209085, 103.85491666666667], [1.2092933333333333, 103.85527333333333], [1.209535, 103.85567], [1.2096533333333332, 103.855865], [1.209795, 103.85610333333334], [1.2101516666666667, 103.85665333333333], [1.210275, 103.85684666666667], [1.2103983333333332, 103.85703833333334], [1.210555, 103.85727666666666], [1.210655, 103.85743166666667], [1.2107983333333334, 103.85765666666667], [1.2109016666666668, 103.85780666666666], [1.21103, 103.85799666666666], [1.2111583333333333, 103.85819166666667], [1.2113183333333333, 103.85843166666666], [1.2115783333333334, 103.85883666666666], [1.2117983333333333, 103.85918166666667], [1.2120883333333334, 103.859605], [1.2121966666666666, 103.85975166666667], [1.21237, 103.85997666666667], [1.2126316666666668, 103.86029666666667], [1.212975, 103.86067333333334], [1.2131, 103.86080666666666], [1.21329, 103.861015], [1.213415, 103.86115666666667], [1.2135716666666667, 103.861335], [1.21373, 103.86151333333333], [1.2138816666666667, 103.861695], [1.2140383333333333, 103.861875], [1.2142183333333334, 103.86209333333333], [1.21434, 103.86224], [1.2144933333333334, 103.862425], [1.21481, 103.86278166666666], [1.2149716666666666, 103.862955], [1.2151733333333334, 103.86316333333333], [1.2154566666666666, 103.86347], [1.2156083333333334, 103.86364], [1.21576, 103.86381833333333], [1.215915, 103.86399666666667], [1.21607, 103.86418], [1.2162283333333332, 103.86436], [1.21638, 103.86454166666667], [1.2166933333333334, 103.86491833333334], [1.2168466666666666, 103.86510833333334], [1.2169916666666667, 103.86529666666667], [1.2171366666666668, 103.86549], [1.217285, 103.86569], [1.2175816666666666, 103.86608166666667], [1.2178833333333334, 103.86645166666666], [1.218195, 103.86682166666667], [1.2185033333333333, 103.86719666666667], [1.2188233333333334, 103.86755333333333], [1.219155, 103.86790166666667], [1.2195, 103.868245], [1.21985, 103.8686], [1.2201983333333333, 103.86895166666666]], "372329000": [[1.21735, 103.86253333333333], [1.2171333333333334, 103.86211666666667], [1.2169666666666668, 103.86176666666667], [1.2167, 103.86126666666667], [1.2164333333333333, 103.86076666666666], [1.2160333333333333, 103.86011666666667], [1.21575, 103.85963333333333], [1.21555, 103.8593], [1.2152666666666667, 103.8588], [1.215, 103.85835], [1.2144833333333334, 103.85753333333334], [1.2139833333333334, 103.85671666666667], [1.2137666666666667, 103.85635], [1.2134666666666667, 103.85586666666667], [1.21295, 103.85503333333334], [1.2127333333333334, 103.85471666666666], [1.2124166666666667, 103.85423333333334], [1.21225, 103.85395], [1.2119666666666666, 103.85345], [1.2118833333333334, 103.85328333333334], [1.2117166666666668, 103.85293333333334], [1.21165, 103.85276666666667], [1.2115833333333332, 103.85258333333333], [1.2114666666666667, 103.85223333333333], [1.2114166666666666, 103.85205], [1.2113333333333334, 103.85168333333333], [1.2112333333333334, 103.85131666666666], [1.21075, 103.8489], [1.2106833333333333, 103.84851666666667], [1.2103, 103.84648333333334], [1.2101833333333334, 103.8459], [1.2101, 103.8455], [1.2098333333333333, 103.84415], [1.2097333333333333, 103.84358333333333], [1.20965, 103.84325], [1.2095333333333333, 103.84268333333333], [1.2090666666666667, 103.84036666666667], [1.209, 103.84003333333334], [1.20875, 103.83878333333334], [1.2085166666666667, 103.83773333333333], [1.2083166666666667, 103.8361], [1.2083, 103.83571666666667], [1.2083166666666667, 103.83446666666667], [1.2083333333333333, 103.83383333333333], [1.20845, 103.832], [1.2085666666666666, 103.83133333333333], [1.2086166666666667, 103.8311], [1.2088, 103.83051666666667], [1.2088833333333333, 103.8303], [1.2091166666666666, 103.8298]], "563034430": [[1.21257, 103.86196166666667], [1.2124666666666666, 103.861715], [1.212275, 103.86119166666667], [1.21206, 103.86068833333333], [1.2119566666666666, 103.860465], [1.2118466666666667, 103.86022666666666], [1.21172, 103.85994], [1.2116016666666667, 103.85967666666667], [1.211415, 103.85918], [1.2113166666666666, 103.85895666666667], [1.21122, 103.85871], [1.2111016666666667, 103.85842666666667], [1.2109866666666667, 103.85816833333334], [1.2107933333333334, 103.85760833333333], [1.210735, 103.857355], [1.2106666666666666, 103.85709166666666]], "563037860": [[1.2169266666666667, 103.85192], [1.2169083333333333, 103.85190166666666], [1.2169, 103.851895], [1.2169016666666668, 103.85190333333334], [1.2168966666666667, 103.85189666666666], [1.2169366666666668, 103.85190166666666], [1.2169266666666667, 103.85189666666666], [1.2169233333333334, 103.8519], [1.2169333333333334, 103.85189833333334], [1.21691, 103.851885], [1.2168983333333334, 103.85188], [1.2169033333333332, 103.85188833333333], [1.2168983333333334, 103.85187666666667], [1.2168966666666667, 103.85187666666667]], "533130659": [[1.2119833333333334, 103.85209333333333], [1.21318, 103.854005], [1.2144016666666666, 103.85583833333334], [1.2187866666666667, 103.86255], [1.2279633333333333, 103.87976666666667]], "563765000": [[1.2157266666666666, 103.86287166666666], [1.2152733333333334, 103.86235833333333], [1.2150466666666666, 103.86210166666666], [1.2148083333333333, 103.86183], [1.2143633333333332, 103.861305], [1.2139666666666666, 103.860795], [1.213545, 103.86020333333333], [1.213335, 103.85988333333333], [1.2131766666666666, 103.859625], [1.2128416666666666, 103.859065], [1.2126666666666666, 103.858735], [1.21251, 103.85842666666667], [1.2123233333333334, 103.85808333333334], [1.2121833333333334, 103.85780666666666], [1.2118533333333332, 103.85722166666666], [1.21167, 103.85688166666667], [1.2115216666666666, 103.85658666666667], [1.211345, 103.85625333333333], [1.2111983333333334, 103.85597666666666], [1.2109133333333333, 103.85535166666666], [1.2106366666666666, 103.85470166666667], [1.210505, 103.85437166666667], [1.2102816666666667, 103.85374833333333], [1.20995, 103.85274333333334], [1.2098616666666666, 103.85237166666667], [1.209665, 103.85167333333334], [1.20957, 103.85132833333333], [1.209405, 103.850665], [1.2093116666666666, 103.85031333333333], [1.20911, 103.84895833333333], [1.2090666666666667, 103.84856333333333], [1.2089583333333334, 103.84714333333334], [1.2088733333333332, 103.84643833333334], [1.20874, 103.84534833333333], [1.2086733333333333, 103.84500166666666], [1.2082716666666666, 103.84227333333334], [1.20823, 103.84156166666666], [1.20821, 103.841215], [1.208185, 103.84086333333333], [1.2081383333333333, 103.840135], [1.2080766666666667, 103.83946166666666], [1.2080016666666666, 103.83878166666666], [1.2079183333333334, 103.83808166666667], [1.2078733333333334, 103.837365], [1.207885, 103.83668166666666], [1.207945, 103.83601166666666], [1.208045, 103.83536333333333], [1.2081683333333333, 103.83469166666667], [1.2088333333333334, 103.83201833333334], [1.2091166666666666, 103.830715], [1.2092633333333334, 103.83006666666667], [1.2096316666666667, 103.82873833333333], [1.209865, 103.82811], [1.2101233333333334, 103.827505], [1.21039, 103.82689333333333], [1.2112266666666667, 103.82505666666667], [1.211485, 103.824485], [1.2123316666666666, 103.822675], [1.213, 103.82143833333333], [1.214015, 103.81966], [1.2150016666666668, 103.81792333333334], [1.2173066666666668, 103.81378], [1.219325, 103.80865833333333], [1.220765, 103.80418166666666]],