{"356458000": [[1.2164833333333334, 103.86281666666666], [1.2162666666666666, 103.86236666666667], [1.2160166666666667, 103.86185], [1.2157166666666666, 103.86125], [1.2155, 103.86085], [1.2150166666666666, 103.85986666666666], [1.2146833333333333, 103.8592], [1.2144833333333334, 103.8588], [1.2139833333333334, 103.85781666666666], [1.2134333333333334, 103.85666666666667], [1.2131166666666666, 103.85605], [1.21295, 103.85568333333333], [1.2124333333333333, 103.85463333333334], [1.2121666666666666, 103.85411666666667], [1.21185, 103.85348333333333], [1.2115833333333332, 103.85295], [1.2108333333333334, 103.85135], [1.2106166666666667, 103.85086666666666], [1.2103166666666667, 103.8502], [1.21015, 103.84983333333334], [1.2099, 103.8493], [1.20945, 103.84818333333334], [1.2088833333333333, 103.84648333333334], [1.20865, 103.84578333333333], [1.2083166666666667, 103.8448], [1.2080666666666666, 103.8441], [1.2078666666666666, 103.8434], [1.20765, 103.84238333333333], [1.20755, 103.84155], [1.2075333333333333, 103.84113333333333], [1.2075333333333333, 103.83988333333333], [1.20755, 103.83941666666666], [1.2075666666666667, 103.83876666666667], [1.2076, 103.83758333333333], [1.2076333333333333, 103.83633333333333], [1.2076666666666667, 103.83521666666667], [1.2077166666666668, 103.8341], [1.2077666666666667, 103.83293333333333], [1.2078166666666668, 103.83223333333333], [1.20785, 103.83171666666667], [1.2081, 103.82943333333333], [1.20825, 103.8283], [1.20855, 103.826], [1.2086166666666667, 103.82543333333334], [1.2088166666666667, 103.82393333333333], [1.2089666666666667, 103.82271666666666], [1.2090333333333334, 103.82221666666666], [1.2093166666666666, 103.82056666666666], [1.2095166666666666, 103.81941666666667], [1.2096333333333333, 103.81881666666666], [1.2099166666666668, 103.81721666666667], [1.2107666666666668, 103.81288333333333], [1.2111833333333333, 103.81075], [1.2115333333333334, 103.80948333333333], [1.2116666666666667, 103.80906666666667], [1.2122833333333334, 103.80753333333334], [1.2127833333333333, 103.8065], [1.21445, 103.8038], [1.2156666666666667, 103.80195], [1.2211666666666667, 103.7949], [1.22275, 103.79321666666667], [1.2345833333333334, 103.7834], [1.2398666666666667, 103.77935], [1.2407666666666666, 103.7787], [1.2416333333333334, 103.77816666666666], [1.2435, 103.77703333333334], [1.2444333333333333, 103.77646666666666], [1.2463333333333333, 103.77528333333333], [1.2554, 103.76948333333333]], "563048100": [[1.2083766666666667, 103.85231], [1.20917, 103.85317166666667], [1.209545, 103.853585], [1.2099116666666667, 103.85402], [1.2102616666666666, 103.85452166666667], [1.21088, 103.856185], [1.211015, 103.85674], [1.2113783333333332, 103.85790166666666], [1.211585, 103.858425], [1.211835, 103.85896833333334], [1.212375, 103.86004666666666], [1.212615, 103.86059833333333], [1.2129633333333334, 103.86174666666666], [1.2137266666666666, 103.863405], [1.2140583333333332, 103.86392333333333], [1.2147183333333333, 103.86496666666666], [1.215015, 103.86546166666666], [1.215375, 103.86601333333333], [1.2160833333333334, 103.86698666666666], [1.217175, 103.86851166666666], [1.2175083333333334, 103.86907166666667], [1.2178033333333333, 103.869615], [1.2180933333333333, 103.87011333333334], [1.218745, 103.87123833333334], [1.2190483333333333, 103.87175333333333], [1.219425, 103.87230833333334], [1.219805, 103.87282166666667], [1.2201566666666666, 103.873315], [1.22057, 103.87387833333334], [1.2209333333333334, 103.8744], [1.2212966666666667, 103.87489166666667], [1.2217383333333334, 103.87543166666667], [1.2221433333333334, 103.87596666666667], [1.2232466666666666, 103.87763666666666], [1.2236333333333334, 103.87819833333333], [1.2239966666666666, 103.878785], [1.2257833333333332, 103.88166666666666], [1.2277516666666666, 103.88522], [1.22991, 103.88951833333333], [1.2318816666666668, 103.89136333333333], [1.2333583333333333, 103.89278666666667], [1.2346433333333333, 103.89440666666667], [1.2405383333333333, 103.91206166666667], [1.2450966666666667, 103.92283], [1.246065, 103.92476666666667], [1.2475566666666666, 103.928825], [1.24871, 103.93065], [1.2591333333333334, 103.94489333333334]], "631880811": [[1.211475, 103.852195], [1.2113266666666667, 103.851085], [1.2112133333333333, 103.84899], [1.211015, 103.84681333333333], [1.2107866666666667, 103.84258166666666], [1.210675, 103.84043333333334], [1.210615, 103.83828666666666], [1.210615, 103.836145], [1.2108116666666666, 103.83405666666667], [1.212435, 103.83218166666667], [1.21271, 103.831125], [1.21456, 103.827185], [1.23055, 103.81110166666667]],