{"565919000": [[1.21614, 103.86222], [1.2156, 103.86158833333333], [1.2153683333333334, 103.86132], [1.2150466666666666, 103.86092666666667], [1.2145266666666668, 103.86024666666667], [1.214255, 103.85981333333334], [1.2140716666666667, 103.85952333333333], [1.2131666666666667, 103.85804166666667], [1.2127266666666667, 103.85730166666667], [1.2122683333333333, 103.85650666666666], [1.211865, 103.85580833333333], [1.2116183333333332, 103.85538666666666], [1.2113833333333333, 103.85499833333333], [1.2109383333333332, 103.85420166666667], [1.2105433333333333, 103.85338666666667], [1.2103666666666666, 103.85297333333334], [1.2101783333333334, 103.852515], [1.209855, 103.851725], [1.2095433333333334, 103.85085833333333], [1.209305, 103.84993], [1.2091216666666667, 103.84904833333333], [1.2089483333333333, 103.84811833333333], [1.2087966666666667, 103.84714333333334], [1.20865, 103.84626166666666], [1.2085133333333333, 103.845345], [1.2082883333333334, 103.84349333333333], [1.2081983333333333, 103.84269], [1.207985, 103.84082166666667], [1.2079066666666667, 103.83911666666667]], "351496000": [[1.2147833333333333, 103.86286833333334], [1.2145433333333333, 103.86243666666667], [1.2140683333333333, 103.86162833333333], [1.2138166666666668, 103.86120166666667], [1.2135133333333334, 103.86069166666667], [1.2132833333333333, 103.86030833333334], [1.21302, 103.85988166666667], [1.212785, 103.85949666666667], [1.21252, 103.85906666666666], [1.2122633333333332, 103.85863333333333], [1.2120133333333334, 103.85819666666667], [1.2117333333333333, 103.85771666666666], [1.211465, 103.857285], [1.21123, 103.856895], [1.2109733333333332, 103.85645666666667], [1.2107383333333332, 103.85601166666666], [1.210525, 103.85555833333333], [1.2103016666666666, 103.855055], [1.2101283333333333, 103.85458666666666], [1.20998, 103.854165], [1.2098266666666666, 103.85369166666666], [1.209685, 103.85321666666667], [1.2095466666666668, 103.85274], [1.2094066666666667, 103.85221166666666], [1.20928, 103.851785], [1.2091283333333334, 103.85126], [1.2090083333333332, 103.85083], [1.2088783333333333, 103.85035166666667], [1.208765, 103.84986833333333], [1.2085783333333333, 103.84889833333334], [1.2084916666666667, 103.84836166666666], [1.20842, 103.84792166666666], [1.2082833333333334, 103.84693833333333], [1.208185, 103.84595666666667], [1.208015, 103.84394166666667], [1.207925, 103.84300833333333], [1.2077416666666667, 103.84097666666666], [1.2076966666666666, 103.840535], [1.207635, 103.84004166666666], [1.2075733333333334, 103.83949833333334], [1.2074266666666666, 103.83801], [1.2073416666666668, 103.83706333333333], [1.2073, 103.83503666666667], [1.2074866666666666, 103.83210666666666], [1.2076616666666666, 103.83121833333334], [1.2077683333333333, 103.83076], [1.2080983333333333, 103.82935833333333], [1.2082016666666666, 103.82895666666667], [1.208315, 103.82851333333333], [1.2087783333333333, 103.82665166666666], [1.2089783333333333, 103.82586333333333], [1.2093916666666666, 103.824065], [1.20947, 103.82372666666667], [1.2095716666666667, 103.82330666666667], [1.2096683333333333, 103.82288833333334], [1.2097666666666667, 103.82247333333333], [1.209975, 103.82157], [1.2101483333333334, 103.820835], [1.2105433333333333, 103.81915666666667], [1.210705, 103.81844833333334], [1.2110616666666667, 103.81680666666666], [1.2112233333333333, 103.81612], [1.2113083333333334, 103.81574], [1.2114983333333333, 103.81490666666667], [1.2115816666666666, 103.81453166666667], [1.2122283333333332, 103.81167], [1.21265, 103.81019166666667], [1.2128616666666667, 103.80958166666667], [1.213425, 103.80820833333334], [1.2142166666666667, 103.80633166666667], [1.2148166666666667, 103.80515666666666], [1.2149633333333334, 103.804855], [1.2151266666666667, 103.80452333333334], [1.2154183333333333, 103.80394666666666], [1.2155866666666666, 103.80365], [1.2157533333333332, 103.80335666666667], [1.216105, 103.80275166666667], [1.2166216666666667, 103.801915], [1.2167816666666667, 103.801635], [1.21745, 103.80050333333334], [1.2176133333333334, 103.80022], [1.217795, 103.79991], [1.2184916666666668, 103.79883], [1.221485, 103.795065], [1.2221483333333334, 103.79440333333334], [1.222615, 103.79394833333333], [1.22349, 103.79308166666667], [1.2255183333333333, 103.79139], [1.2333316666666667, 103.78593166666667], [1.2370316666666668, 103.78368833333333], [1.2395316666666667, 103.78218166666667], [1.240125, 103.78183333333334], [1.2407783333333333, 103.78145], [1.2410533333333333, 103.781285], [1.2425983333333332, 103.78033], [1.243165, 103.77998166666667], [1.24374, 103.77961666666667], [1.2453833333333333, 103.77857166666666], [1.245955, 103.77822], [1.24877, 103.77640666666667], [1.2491933333333334, 103.77614333333334]],