{"566754000": [[1.217105, 103.86251833333333], [1.2166283333333334, 103.86198166666667], [1.2163816666666667, 103.86170833333334], [1.2157433333333334, 103.86098833333334], [1.2151283333333334, 103.86017], [1.214385, 103.85918166666667], [1.2141416666666667, 103.85887833333334], [1.2139516666666668, 103.85862333333333], [1.2134266666666667, 103.85788], [1.2132683333333334, 103.85765333333333], [1.2130583333333333, 103.857355], [1.212895, 103.85710833333333], [1.2123883333333334, 103.85645833333334], [1.21219, 103.85624333333334], [1.2119516666666668, 103.855985], [1.21177, 103.855795], [1.2111633333333334, 103.85518333333333], [1.2109833333333333, 103.85500333333333], [1.2107366666666666, 103.85476833333334], [1.2105283333333334, 103.85457666666667], [1.2099266666666666, 103.85403166666667], [1.209465, 103.85360333333334], [1.2092833333333333, 103.85344333333333], [1.20845, 103.852485], [1.2082816666666667, 103.85228], [1.2079633333333333, 103.85173166666667], [1.207735, 103.85128], [1.2076633333333333, 103.85109333333334], [1.207585, 103.85087666666666], [1.2075416666666667, 103.85070333333333], [1.2074783333333334, 103.85047], [1.2073883333333333, 103.85002166666666], [1.2073316666666667, 103.84979333333334], [1.2072783333333332, 103.849575], [1.20719, 103.84915666666667]], "563033480": [[1.2096483333333334, 103.85859666666667], [1.209555, 103.85810166666667], [1.2089983333333334, 103.856515], [1.2088516666666667, 103.85611166666666], [1.2086716666666666, 103.85567666666667], [1.2084533333333334, 103.85521166666666], [1.2082983333333333, 103.85475666666666], [1.2079866666666668, 103.853745], [1.207735, 103.85278166666667], [1.2075083333333334, 103.85193], [1.207175, 103.85100833333334], [1.206945, 103.85011666666666], [1.20691, 103.849655], [1.2069133333333333, 103.84867166666666], [1.2069133333333333, 103.84822666666666], [1.206875, 103.84778833333333], [1.2067733333333333, 103.845935], [1.2067083333333333, 103.84544166666667], [1.2066533333333334, 103.84489666666667], [1.20659, 103.842285], [1.2068066666666666, 103.84121166666667], [1.207265, 103.83898666666667], [1.2073333333333334, 103.837915], [1.2073266666666667, 103.83673166666667], [1.2075133333333334, 103.83324333333333], [1.20764, 103.8321], [1.2080733333333333, 103.82997166666667], [1.2083483333333334, 103.82888166666666], [1.2088983333333334, 103.82663833333334], [1.2102716666666666, 103.82251666666667], [1.21094, 103.82067666666667], [1.211465, 103.81869166666667], [1.2124283333333334, 103.815725]], "525100768": [[1.2137083333333334, 103.86239], [1.2132033333333334, 103.86148833333333], [1.2127983333333334, 103.86044666666666], [1.2125733333333333, 103.85964833333334], [1.2121966666666666, 103.858805], [1.21187, 103.857935], [1.2107533333333333, 103.856535], [1.2103716666666666, 103.85582833333333], [1.2089333333333334, 103.85295333333333], [1.2087316666666668, 103.85242166666667], [1.2085733333333333, 103.85173833333333], [1.2085533333333334, 103.85021833333333], [1.20848, 103.84950666666667], [1.2083866666666667, 103.84879333333333], [1.2083, 103.847335], [1.208245, 103.84578666666667], [1.2084516666666667, 103.84269333333333]], "525009349": [[1.2129766666666666, 103.86219333333334], [1.2127583333333334, 103.86181333333333], [1.2123033333333333, 103.86101833333333], [1.212055, 103.86067666666666], [1.2117866666666666, 103.86036], [1.2115466666666668, 103.86007833333333], [1.2112783333333332, 103.85977333333334], [1.2106916666666667, 103.85917666666667], [1.210405, 103.858905], [1.2099133333333334, 103.858375], [1.20969, 103.85808333333334], [1.2094666666666667, 103.85775833333334], [1.209285, 103.85745333333334], [1.209135, 103.85714166666666], [1.2090116666666666, 103.85682], [1.20889, 103.85653666666667], [1.2087683333333332, 103.85621333333333], [1.2086383333333333, 103.855855], [1.20852, 103.85552666666666], [1.208385, 103.85520166666667], [1.208235, 103.85488166666667], [1.208095, 103.85459333333333], [1.207945, 103.85427], [1.207795, 103.85391], [1.207675, 103.853575], [1.2075483333333332, 103.85324333333334], [1.2074, 103.85292333333334], [1.2072716666666667, 103.85263], [1.207125, 103.85230833333334], [1.2069616666666667, 103.85195666666667], [1.20681, 103.851635], [1.2064816666666667, 103.85099666666666], [1.2063466666666667, 103.85070166666667], [1.20621, 103.850365], [1.206075, 103.84999166666667], [1.2059633333333333, 103.84964833333333], [1.2056366666666667, 103.84863833333333], [1.2055466666666668, 103.84828166666667], [1.205475, 103.84787333333334], [1.205415, 103.84750166666667], [1.20534, 103.84713333333333], [1.205185, 103.84605], [1.2051333333333334, 103.84524666666667], [1.2050833333333333, 103.84446333333334], [1.2050616666666667, 103.84410166666666], [1.2050516666666666, 103.84369666666667], [1.2050266666666667, 103.84324833333334], [1.205, 103.842835], [1.2049733333333332, 103.84241666666667], [1.2049366666666668, 103.84199166666667], [1.2048533333333333, 103.83980333333334], [1.20487, 103.839345], [1.2049316666666667, 103.83697], [1.2049483333333333, 103.836475], [1.20496, 103.83602833333333], [1.204955, 103.83557666666667], [1.2051483333333333, 103.833415], [1.2052016666666667, 103.83289], [1.20525, 103.83247], [1.2053833333333333, 103.83136333333333], [1.20552, 103.83025333333333], [1.2057183333333332, 103.82929833333333], [1.20598, 103.82818166666667], [1.2062483333333334, 103.82705666666666], [1.2065133333333333, 103.82607833333333], [1.206815, 103.824925], [1.206995, 103.82431666666666], [1.2071533333333333, 103.82375666666667], [1.2074416666666667, 103.82273833333333], [1.2076233333333333, 103.822055], [1.2077383333333334, 103.82153833333334], [1.2080916666666666, 103.82039666666667], [1.20847, 103.81930833333334], [1.2088516666666667, 103.81808666666667], [1.2091983333333334, 103.81691666666667], [1.2093916666666666, 103.81626833333333], [1.20953, 103.81580333333333], [1.2098816666666667, 103.81458], [1.2101916666666668, 103.81341833333333], [1.2104833333333334, 103.81232833333334], [1.2107766666666666, 103.81113666666667], [1.2111683333333334, 103.810065], [1.21165, 103.80899]], "564526000": [[1.2170166666666666, 103.86299333333334], [1.216895, 103.86284666666667], [1.21651, 103.86240666666667], [1.2162283333333332, 103.86212666666667], [1.2161, 103.86198], [1.2158483333333334, 103.86168666666667], [1.21574, 103.86154], [1.21553, 103.86122], [1.215435, 103.86105333333333], [1.2152416666666668, 103.86072666666666], [1.21515, 103.86058], [1.2149183333333333, 103.86025333333333], [1.2148066666666666, 103.86012666666667], [1.2146816666666667, 103.85999333333334], [1.2145483333333333, 103.85986666666666], [1.2144283333333334, 103.85975333333333], [1.2141383333333333, 103.85950666666666], [1.214, 103.85939333333333], [1.2138633333333333, 103.85929333333333], [1.213725, 103.85918], [1.2136116666666668, 103.85908666666667], [1.2133666666666667, 103.85884], [1.213295, 103.85872666666667], [1.2132166666666666, 103.85858], [1.2131533333333333, 103.85844666666667], [1.2130933333333334, 103.85830666666666], [1.2129466666666666, 103.85799333333334], [1.2127766666666666, 103.85772]],