{"525020023": [[1.2080183333333334, 103.85422333333334], [1.2080416666666667, 103.854075], [1.2080716666666667, 103.85391333333334], [1.2080983333333333, 103.85359333333334], [1.2081133333333334, 103.85344], [1.2081433333333333, 103.85328333333334], [1.208175, 103.853145], [1.2082216666666667, 103.85299666666667], [1.2082616666666666, 103.85284833333333], [1.2083783333333333, 103.85251166666667], [1.2084816666666667, 103.8522], [1.2085266666666667, 103.85204333333333], [1.2085466666666667, 103.85189666666666], [1.2086083333333333, 103.85155333333333], [1.2086983333333334, 103.85126166666667], [1.2087316666666668, 103.85111333333333], [1.2088033333333332, 103.85079666666667], [1.20884, 103.850625], [1.2088616666666667, 103.85047333333333], [1.2088716666666666, 103.85032833333334], [1.2088683333333334, 103.85017166666667], [1.208875, 103.84985166666667], [1.2088683333333334, 103.84952], [1.20882, 103.84921333333334], [1.2087683333333332, 103.84885666666666], [1.2087083333333333, 103.84853], [1.2086283333333334, 103.84819833333333], [1.2085633333333334, 103.84782666666666], [1.2084916666666667, 103.84747833333333], [1.2084166666666667, 103.847105], [1.20836, 103.84673666666667], [1.20833, 103.84641333333333], [1.20832, 103.84606333333333], [1.208335, 103.84569333333333], [1.208345, 103.84553], [1.2083583333333334, 103.84537833333333], [1.2083816666666667, 103.845045], [1.20843, 103.84465833333333], [1.2084833333333334, 103.84431], [1.2085166666666667, 103.84412], [1.20855, 103.84396833333334], [1.208635, 103.84357166666666], [1.2087016666666666, 103.84321], [1.208785, 103.84283333333333]], "356629000": [[1.2140216666666668, 103.86253666666667], [1.21381, 103.86207], [1.2132933333333333, 103.86099833333333], [1.2130466666666666, 103.86049], [1.2128033333333332, 103.85998333333333], [1.2123433333333333, 103.85902], [1.211835, 103.85796666666667], [1.2115883333333333, 103.85747166666667], [1.2108533333333333, 103.85605833333334], [1.210335, 103.85505166666667], [1.2100833333333334, 103.85458], [1.2089116666666666, 103.85222833333333], [1.2079183333333334, 103.84938333333334], [1.207085, 103.84653666666667], [1.206985, 103.84606833333333], [1.20654, 103.84371666666667], [1.2064583333333334, 103.84324166666667], [1.206175, 103.84081], [1.206085, 103.83987], [1.20598, 103.83725], [1.20607, 103.83508333333333], [1.2064216666666667, 103.83030833333333], [1.2068416666666666, 103.82705333333334], [1.2070233333333333, 103.825985], [1.2073783333333334, 103.82387833333334], [1.2078716666666667, 103.82075166666667], [1.2086166666666667, 103.81771333333333], [1.2088766666666666, 103.8167], [1.20919, 103.81570333333333], [1.2095466666666668, 103.814665], [1.209875, 103.81372333333333], [1.2102216666666668, 103.81274333333333], [1.21119, 103.80978166666667]], "563037860": [[1.216905, 103.85191166666667], [1.21691, 103.851915], [1.2169116666666666, 103.85191166666667], [1.2169133333333333, 103.851905], [1.21691, 103.85190666666666], [1.2169133333333333, 103.851905], [1.2169116666666666, 103.85190833333333], [1.2169116666666666, 103.85190333333334], [1.216915, 103.85189666666666], [1.2169066666666666, 103.851905]], "565762000": [[1.2159216666666666, 103.86311666666667], [1.2156316666666667, 103.86247666666667], [1.2153733333333334, 103.86188833333334], [1.214375, 103.85971166666667], [1.21432, 103.85959333333334], [1.2141816666666667, 103.85929833333333], [1.2140133333333334, 103.85894333333333], [1.2138766666666667, 103.85864666666667], [1.2137383333333334, 103.85835166666666], [1.2136816666666668, 103.85823166666667], [1.2135383333333334, 103.85793666666666], [1.2134816666666666, 103.85781833333333], [1.2133383333333334, 103.85752166666667], [1.21317, 103.857165], [1.2130016666666668, 103.856805], [1.212695, 103.85614833333334], [1.2125016666666666, 103.85573], [1.212335, 103.85537166666667], [1.2121933333333332, 103.85507166666666], [1.21199, 103.854655], [1.2118383333333334, 103.85436], [1.2116166666666666, 103.85395], [1.2114183333333333, 103.8536], [1.211215, 103.853255], [1.2108216666666667, 103.85263166666667], [1.2105666666666666, 103.85223666666667], [1.2103516666666667, 103.85189833333334], [1.2101883333333334, 103.85161166666667], [1.2099733333333333, 103.851205], [1.2098183333333334, 103.850915], [1.209595, 103.85051166666666], [1.2089533333333333, 103.84915666666667], [1.208755, 103.84875166666667], [1.2084316666666666, 103.84812166666667], [1.2081116666666667, 103.84741833333334], [1.2079483333333334, 103.847005], [1.2078283333333333, 103.84665166666667], [1.2075266666666666, 103.84564666666667], [1.20741, 103.84523166666666], [1.20727, 103.84457833333333], [1.2071116666666666, 103.84386666666667], [1.2069633333333334, 103.84307666666666], [1.20684, 103.84235833333334], [1.2067116666666666, 103.84163166666667], [1.2065083333333333, 103.840535], [1.2064483333333333, 103.84022833333333], [1.2062983333333333, 103.83943333333333], [1.2061483333333334, 103.83869833333334], [1.2059966666666666, 103.83796333333333], [1.205775, 103.83684666666667], [1.2056366666666667, 103.83603666666667], [1.2055916666666666, 103.83572333333333], [1.2054816666666666, 103.83477833333333], [1.2054333333333334, 103.83421833333334], [1.2052783333333332, 103.83226833333333], [1.205275, 103.83098666666666], [1.2057566666666666, 103.82724333333333], [1.2061166666666667, 103.82473], [1.20637, 103.82348], [1.2075383333333334, 103.81983333333334], [1.2084216666666667, 103.81743166666666], [1.20888, 103.81615666666667], [1.2095683333333334, 103.81421333333333], [1.2097466666666667, 103.813725], [1.2100733333333333, 103.81280666666666], [1.2103366666666666, 103.81206666666667], [1.2115783333333334, 103.80830666666667], [1.2143666666666666, 103.80352833333333], [1.214825, 103.80296833333334], [1.2169266666666667, 103.80062833333334], [1.21745, 103.80015166666666], [1.2180083333333334, 103.79960666666666], [1.2208616666666667, 103.79702333333333], [1.221475, 103.79653833333333], [1.22209, 103.79605666666667], [1.22456, 103.79408166666667], [1.2269933333333334, 103.79217833333334], [1.22759, 103.79170666666667], [1.2355316666666667, 103.78546666666666], [1.2358083333333334, 103.78525166666667], [1.2359016666666667, 103.78518166666667], [1.236085, 103.78503166666667]],