{"563007320": [[1.21499, 103.86267666666667], [1.2147483333333333, 103.86237833333334], [1.2144733333333333, 103.86204666666667], [1.214225, 103.86174333333334], [1.2131316666666667, 103.86031166666666], [1.21288, 103.85994333333333], [1.212635, 103.85957166666667], [1.2118783333333334, 103.85838833333334], [1.2116683333333333, 103.85804166666667], [1.21144, 103.85765666666667], [1.2105366666666666, 103.85607333333333], [1.2101583333333332, 103.85524833333334], [1.2095483333333332, 103.85354166666667], [1.2094266666666666, 103.85310333333334], [1.2093183333333333, 103.852705], [1.208865, 103.85087666666666], [1.2087533333333333, 103.85036833333334], [1.2086583333333334, 103.84989833333333], [1.2083433333333333, 103.84799666666666], [1.208205, 103.84703166666667], [1.2079733333333333, 103.84499], [1.207725, 103.84206833333333], [1.2076533333333332, 103.840075], [1.2076616666666666, 103.83915], [1.2076933333333333, 103.837235], [1.20772, 103.83630166666667], [1.2077616666666666, 103.83446], [1.2077866666666666, 103.83399666666666], [1.20782, 103.833535], [1.2079383333333333, 103.83169], [1.2082233333333334, 103.82948], [1.2082783333333333, 103.82904833333333], [1.208375, 103.828185], [1.20859, 103.826475], [1.2101483333333334, 103.81891833333333], [1.2137033333333334, 103.807815], [1.2140666666666666, 103.80703833333334], [1.216165, 103.803625], [1.21663, 103.80292666666666], [1.2175183333333333, 103.80163666666667], [1.2196066666666667, 103.79911333333334], [1.2206466666666667, 103.79795333333334], [1.2209533333333333, 103.79762166666667], [1.2230433333333333, 103.79564166666667], [1.2367916666666667, 103.783935], [1.2410316666666668, 103.78074]], "566935000": [[1.2081616666666666, 103.85314333333334], [1.2082583333333334, 103.853395], [1.2083333333333333, 103.853575], [1.208425, 103.85380166666667], [1.208515, 103.85406166666667], [1.2085916666666667, 103.85424666666667], [1.2087083333333333, 103.85452666666667], [1.2089166666666666, 103.85494], [1.2090616666666667, 103.855185], [1.2092133333333333, 103.85543333333334], [1.20933, 103.85561166666666], [1.2095066666666667, 103.85588], [1.2097916666666666, 103.85631166666667], [1.2099266666666666, 103.85651666666666], [1.2101116666666667, 103.85679166666667], [1.2102483333333334, 103.85699833333334], [1.2104166666666667, 103.85725333333333], [1.2107066666666666, 103.85769666666667], [1.2108566666666667, 103.85793166666667], [1.211025, 103.85818833333333], [1.211145, 103.858375], [1.2113266666666667, 103.858655], [1.211615, 103.8591], [1.2117516666666666, 103.85931333333333], [1.2119033333333333, 103.85955166666666], [1.2120583333333332, 103.85979166666667], [1.2122283333333332, 103.86005333333334]], "563480000": [[1.2170116666666666, 103.863165], [1.216915, 103.86305666666667], [1.2168433333333333, 103.86297333333333], [1.2167033333333332, 103.86281], [1.21661, 103.862695], [1.21654, 103.86261166666667], [1.2164716666666666, 103.862525], [1.2163783333333333, 103.86241333333334], [1.2161583333333332, 103.86215333333334], [1.2160216666666666, 103.86198166666667], [1.2159316666666666, 103.861865], [1.2158416666666667, 103.86175], [1.215775, 103.86166333333334], [1.215615, 103.86145666666667], [1.2155466666666668, 103.86137166666667], [1.21545, 103.86125166666666], [1.2152216666666666, 103.860955], [1.2149283333333334, 103.86055833333333], [1.2148066666666666, 103.860375], [1.2146383333333333, 103.86012], [1.2145116666666667, 103.85992666666667], [1.214445, 103.859835], [1.21428, 103.85962], [1.21411, 103.85942666666666], [1.21393, 103.85922166666667], [1.2138566666666666, 103.85913666666667], [1.2136933333333333, 103.85896833333334], [1.2133816666666666, 103.85862], [1.2131833333333333, 103.858385], [1.2130366666666668, 103.858205], [1.2129666666666667, 103.85812], [1.2126866666666667, 103.85769833333333], [1.2126283333333334, 103.85760833333333], [1.2125716666666666, 103.85751333333333], [1.2125, 103.857385], [1.212445, 103.85729], [1.2123933333333334, 103.85719833333333], [1.2123433333333333, 103.85710333333333], [1.21223, 103.85688333333333], [1.2120266666666666, 103.85648166666667], [1.21185, 103.85613], [1.2118216666666666, 103.85607166666667], [1.2117783333333334, 103.85598166666666], [1.2117366666666667, 103.85589333333333], [1.2116783333333334, 103.85577333333333], [1.2116333333333333, 103.855685], [1.2115733333333334, 103.85557], [1.2115316666666667, 103.85547833333334], [1.2114816666666666, 103.85535666666667], [1.2114583333333333, 103.855295], [1.2114066666666667, 103.855175], [1.21137, 103.855085], [1.2113216666666666, 103.85496], [1.21129, 103.85487], [1.211255, 103.85474166666667], [1.2112366666666667, 103.85468166666666], [1.21117, 103.85443833333333], [1.211125, 103.85426], [1.211125, 103.85426], [1.2111033333333334, 103.854165], [1.2110816666666666, 103.85407], [1.211055, 103.85395], [1.2110033333333334, 103.85373833333334], [1.21094, 103.85344333333333], [1.21088, 103.85314666666666], [1.2108633333333334, 103.85305666666666], [1.21085, 103.85296666666666], [1.2108316666666668, 103.85287666666666], [1.2107966666666667, 103.852665], [1.210775, 103.85254166666667], [1.21076, 103.85245], [1.2107416666666666, 103.852325], [1.21073, 103.85226333333334], [1.2107, 103.852075], [1.2106816666666667, 103.85195], [1.210675, 103.85191833333333], [1.21066, 103.85182333333333], [1.2106433333333333, 103.85172833333333], [1.2106283333333334, 103.851635], [1.2105916666666667, 103.851415], [1.21057, 103.85129166666667], [1.21057, 103.85129166666667], [1.21054, 103.85110166666666], [1.2105183333333334, 103.85097333333333], [1.2104883333333334, 103.85077666666666], [1.2104716666666666, 103.85064833333334], [1.2104233333333334, 103.850355], [1.210365, 103.84996166666667], [1.2103216666666667, 103.84966333333334], [1.2102716666666666, 103.84932833333333], [1.2102216666666668, 103.84899666666666], [1.2101716666666666, 103.84866], [1.21013, 103.84835666666666], [1.2101116666666667, 103.84822], [1.2100983333333333, 103.84811333333333], [1.21008, 103.847945], [1.2100616666666666, 103.847775], [1.21005, 103.84763833333334], [1.2100383333333333, 103.84753666666667], [1.2100283333333333, 103.84740166666667], [1.2100233333333332, 103.84730166666667], [1.2100133333333334, 103.84710166666666], [1.2100066666666667, 103.846965], [1.2099966666666666, 103.84672666666667], [1.2099866666666668, 103.84631333333333], [1.2099833333333334, 103.84621], [1.2099833333333334, 103.846175], [1.209975, 103.84607166666666], [1.209965, 103.8459], [1.2099583333333332, 103.84583], [1.20995, 103.84572833333333], [1.2099433333333334, 103.84559666666667], [1.2099283333333333, 103.84539833333334], [1.20992, 103.845265], [1.2099083333333334, 103.84516], [1.2098883333333332, 103.84492333333333], [1.2098783333333334, 103.84482], [1.2098683333333333, 103.84471666666667], [1.2098166666666668, 103.84427166666667], [1.209775, 103.843865], [1.2097483333333334, 103.84356333333334], [1.20969, 103.84289833333334], [1.20966, 103.842465], [1.2096466666666668, 103.842265], [1.2096283333333333, 103.84203833333333], [1.20961, 103.84187166666666], [1.2096, 103.84180833333333], [1.209565, 103.841575], [1.2095333333333333, 103.84138166666666], [1.2094983333333333, 103.841165], [1.2094616666666667, 103.840955], [1.2094233333333333, 103.84077333333333], [1.209345, 103.84046166666667], [1.2093183333333333, 103.84037], [1.2092616666666667, 103.840125], [1.2092216666666666, 103.83994833333334], [1.2091816666666666, 103.83974], [1.2091466666666666, 103.83955833333333], [1.2091216666666667, 103.83943666666667], [1.20907, 103.83913833333334], [1.2089783333333333, 103.838575], [1.2088633333333334, 103.83798833333333], [1.2087566666666667, 103.83745666666667], [1.2086866666666667, 103.83689], [1.2086616666666667, 103.83651], [1.2086466666666666, 103.836325], [1.2086283333333334, 103.83616333333333], [1.208605, 103.83597], [1.2085616666666668, 103.83560666666666], [1.208515, 103.83525166666666], [1.20846, 103.83486333333333], [1.2084216666666667, 103.83459166666667], 