{"525015719": [[1.2139216666666666, 103.86180666666667], [1.2122516666666667, 103.85888166666666], [1.2117833333333334, 103.85828166666667], [1.2110433333333332, 103.85623166666667], [1.2109416666666666, 103.855535], [1.2100783333333334, 103.85218333333333], [1.2099383333333333, 103.85139333333333], [1.20986, 103.85096833333333], [1.20979, 103.85035333333333], [1.209755, 103.84975333333334], [1.2096916666666666, 103.84914833333333], [1.2096283333333333, 103.84868666666667], [1.209385, 103.84778333333334], [1.2092766666666668, 103.84736333333333], [1.2092383333333334, 103.84690666666667], [1.2091866666666666, 103.84639333333334], [1.2091566666666667, 103.84585333333334], [1.2092783333333332, 103.84466166666667], [1.2094033333333334, 103.84342166666667], [1.209475, 103.84214], [1.2095416666666667, 103.83826166666667], [1.2095933333333333, 103.83690666666666], [1.20979, 103.83279166666667], [1.21054, 103.831415], [1.2154766666666668, 103.82595166666667], [1.2189783333333333, 103.821415]], "563336000": [[1.2082033333333333, 103.85538833333334], [1.20859, 103.85626833333333], [1.2087816666666666, 103.85670833333333], [1.20898, 103.85714666666667], [1.2091966666666667, 103.857575], [1.209435, 103.85799333333334], [1.2096616666666666, 103.85843], [1.2096616666666666, 103.85843], [1.20974, 103.85861], [1.20984, 103.85888833333334], [1.2099566666666666, 103.85926666666667], [1.2099866666666668, 103.85936333333333], [1.21005, 103.85955333333334], [1.2101483333333334, 103.85982666666666], [1.2103266666666668, 103.86027833333333], [1.2104783333333333, 103.86062666666666], [1.2105166666666667, 103.86071166666666], [1.2105166666666667, 103.86071166666666], [1.2106666666666666, 103.860995], [1.2107133333333333, 103.86107666666666], [1.2107333333333334, 103.861115], [1.2109016666666668, 103.861395], [1.2109733333333332, 103.86151333333333], [1.2110733333333332, 103.86166833333333], [1.2111216666666667, 103.861745], [1.211225, 103.86189666666667], [1.211755, 103.86262666666667], [1.212025, 103.86299166666667], [1.2122683333333333, 103.86331833333334], [1.2128866666666667, 103.86406833333334], [1.2132116666666666, 103.86439666666666], [1.2135483333333332, 103.86471333333333], [1.2138983333333333, 103.86499666666667], [1.2142133333333334, 103.865245], [1.2149533333333333, 103.86581166666667], [1.2156766666666667, 103.86631666666666], [1.2160416666666667, 103.86655833333333], [1.2163733333333333, 103.86676833333334], [1.2167783333333333, 103.867025], [1.2174866666666666, 103.86753166666666], [1.21773, 103.86772333333333], [1.2178316666666666, 103.86781], [1.2178316666666666, 103.86781], [1.2181616666666666, 103.8681], [1.2181616666666666, 103.8681], [1.218455, 103.86836166666667], [1.2191266666666667, 103.86897], [1.219445, 103.86926166666667], [1.219765, 103.86953833333334], [1.220095, 103.86981666666667], [1.2204316666666666, 103.87009], [1.22112, 103.87061], [1.2218116666666667, 103.87112333333333], [1.222155, 103.87138833333333], [1.2224866666666667, 103.87165833333333], [1.2231483333333333, 103.87221833333334], [1.22348, 103.872495], [1.22382, 103.87276666666666], [1.2241483333333334, 103.87304666666667], [1.2244766666666667, 103.87333], [1.224805, 103.87360333333334], [1.22514, 103.87387333333334], [1.2254666666666667, 103.87415166666666], [1.225795, 103.87443333333333], [1.2261166666666667, 103.87471666666667], [1.2264366666666666, 103.87499833333334], [1.226765, 103.87528333333333], [1.2270833333333333, 103.87557166666667], [1.2273966666666667, 103.87586166666667], [1.2277133333333334, 103.87614833333333], [1.2280383333333333, 103.87643666666666], [1.2283566666666668, 103.876735], [1.22867, 103.877035], [1.2289866666666667, 103.87733666666666], [1.229265, 103.87761333333333], [1.22992, 103.878255], [1.230235, 103.87855333333333], [1.2305483333333334, 103.87885666666666], [1.2308566666666667, 103.879165], [1.2311383333333332, 103.87943666666666], [1.2318016666666667, 103.88006666666666], [1.2321183333333334, 103.880365], [1.2324333333333333, 103.88066666666667], [1.2327466666666667, 103.88096666666667], [1.23303, 103.88123666666667], [1.2336983333333333, 103.88185833333333], [1.23401, 103.88215333333333], [1.2343183333333334, 103.88246], [1.2346183333333334, 103.88277166666667], [1.2348866666666667, 103.88305666666666], [1.2355166666666666, 103.88371833333333], [1.2358083333333334, 103.88404166666666], [1.2360933333333333, 103.88436333333334], [1.2363883333333334, 103.884685], [1.2366533333333334, 103.88498166666666], [1.23751, 103.88600666666666], [1.2380183333333334, 103.886705], [1.2382383333333333, 103.88702333333333], [1.238515, 103.88740333333334], [1.2390666666666668, 103.888065], [1.2396216666666666, 103.88872833333333], [1.2398633333333333, 103.88903333333333], [1.24015, 103.88941166666666], [1.2406283333333334, 103.890125], [1.2410866666666667, 103.89083666666667], [1.2412933333333334, 103.89116], [1.2415316666666667, 103.89155333333333], [1.24197, 103.89227333333334], [1.2424283333333332, 103.89298], [1.2428966666666668, 103.89368833333333], [1.2433566666666667, 103.89439333333333], [1.2440066666666667, 103.89546666666666], [1.2442233333333332, 103.89582166666666], [1.24465, 103.89654833333333], [1.2450883333333334, 103.89724666666666], [1.2453183333333333, 103.89758833333333], [1.2455516666666666, 103.89792833333334], [1.2460283333333333, 103.89860333333333], [1.2465083333333333, 103.89928166666667], [1.246745, 103.89962166666666], [1.2469833333333333, 103.89996166666667], [1.2474683333333334, 103.90063166666667], [1.2479483333333334, 103.90131], [1.2484066666666667, 103.90199666666666], [1.2488833333333333, 103.90267833333333], [1.2498333333333334, 103.904035], [1.2500733333333334, 103.90437666666666], [1.2503033333333333, 103.90472166666666], [1.250765, 103.90541833333333], [1.2512316666666667, 103.906105], [1.2514666666666667, 103.90644833333333], [1.2517016666666667, 103.906795], [1.2521633333333333, 103.90749], [1.2523983333333333, 103.90783666666667], [1.25264, 103.90818166666666], [1.25288, 103.908525], [1.2531166666666667, 103.90887], [1.2535983333333334, 103.90955333333333], [1.253845, 103.90988666666667], [1.2540883333333332, 103.91022333333333], [1.25433, 103.91056], [1.2545783333333334, 103.91089666666667], [1.2550816666666667, 103.91156666666667], [1.255565, 103.91224666666666], [1.2558066666666667, 103.91259]], "374292000": [[1.216, 103.86251666666666], [1.2156333333333333, 103.86208333333333], [1.2152666666666667, 103.86165], [1.21335, 103.85933333333334], [1.213, 103.85888333333334], [1.2118, 103.85738333333333], [1.2113833333333333, 103.85696666666666], [1.21105, 103.85663333333333], [1.20985, 103.8553], [1.20955, 103.85498333333334], [1.2085666666666666, 103.85381666666666], [1.2085333333333332, 103.85375], [1.20835, 103.85345], [1.2081666666666666, 103.85306666666666], [1.2080666666666666, 103.85278333333333], [1.2076666666666667, 103.85183333333333]],