{"353729000": [[1.2124166666666667, 103.86175], [1.2122666666666666, 103.86145], [1.2120666666666666, 103.861], [1.2119333333333333, 103.86068333333333], [1.2114166666666666, 103.85921666666667], [1.2112, 103.85878333333334], [1.21105, 103.8585], [1.2108, 103.85808333333334], [1.2106, 103.85775], [1.2104333333333333, 103.85748333333333], [1.2100166666666667, 103.85683333333333], [1.2096166666666666, 103.85621666666667], [1.2093666666666667, 103.85583333333334], [1.2091, 103.85546666666667], [1.2086666666666666, 103.85486666666667], [1.2083166666666667, 103.8544], [1.2080666666666666, 103.85405], [1.2078333333333333, 103.8537], [1.2076833333333334, 103.8535], [1.2072666666666667, 103.85278333333333], [1.20715, 103.85253333333333], [1.2070666666666667, 103.8523], [1.20685, 103.85175], [1.2067166666666667, 103.8514], [1.2066, 103.85113333333334], [1.2064, 103.85056666666667], [1.2063166666666667, 103.85035], [1.2062333333333333, 103.85], [1.2061833333333334, 103.84965], [1.20615, 103.8494], [1.2061333333333333, 103.84915], [1.2061166666666667, 103.84878333333333], [1.2061, 103.84843333333333], [1.2061, 103.8482], [1.2061166666666667, 103.84748333333333], [1.2061166666666667, 103.84725], [1.2061166666666667, 103.84703333333333], [1.2061166666666667, 103.84668333333333], [1.2061333333333333, 103.84645], [1.2061333333333333, 103.84608333333334], [1.2061333333333333, 103.84573333333333], [1.20615, 103.84495], [1.2061333333333333, 103.84466666666667], [1.2061333333333333, 103.8441], [1.2061333333333333, 103.84356666666666], [1.2061166666666667, 103.843], [1.2061166666666667, 103.84231666666666], [1.2061166666666667, 103.84208333333333], [1.2061333333333333, 103.84186666666666], [1.2062166666666667, 103.84063333333333], [1.2062166666666667, 103.8404], [1.2062666666666666, 103.83895], [1.2062666666666666, 103.8385], [1.2062666666666666, 103.83825], [1.2062666666666666, 103.83766666666666]], "212031000": [[1.2141683333333333, 103.86205], [1.2140683333333333, 103.86161833333334], [1.2139816666666667, 103.861225], [1.2138333333333333, 103.860705], [1.21316, 103.85912], [1.212735, 103.85828166666667], [1.21256, 103.857915], [1.2121583333333332, 103.85714166666666], [1.2119766666666667, 103.856765], [1.2117833333333334, 103.85637666666666], [1.2115566666666666, 103.85596666666666], [1.21139, 103.85563333333333], [1.2110266666666667, 103.85492833333333], [1.2108233333333334, 103.85458], [1.21064, 103.85425333333333], [1.2104383333333333, 103.85390833333334], [1.2102816666666667, 103.85363666666667], [1.21008, 103.85313166666667], [1.2100616666666666, 103.85304666666667], [1.2100433333333334, 103.85293166666666], [1.2100366666666666, 103.85285166666667], [1.2100266666666666, 103.85277166666667], [1.2100166666666667, 103.85271333333333], [1.2100133333333334, 103.85261333333334], [1.21002, 103.85251666666667], [1.2100366666666666, 103.85242666666667], [1.2100533333333334, 103.85235666666667], [1.2100666666666666, 103.852315], [1.2101016666666666, 103.85223166666667], [1.2101266666666666, 103.85216833333334], [1.2101616666666666, 103.85208333333334], [1.2101916666666668, 103.85202333333334], [1.2102233333333334, 103.851965], [1.2103116666666667, 103.85183666666667], [1.2103683333333333, 103.851765], [1.2104116666666667, 103.85171333333334], [1.21058, 103.85155333333333], [1.2107633333333334, 103.85139833333334], [1.2111366666666668, 103.85111], [1.21142, 103.85074833333333], [1.21156, 103.85056666666667], [1.2116983333333333, 103.85037333333334], [1.2118316666666666, 103.850195], [1.2119816666666667, 103.84997], [1.2121083333333333, 103.84976], [1.2122516666666667, 103.849555], [1.2123766666666667, 103.84934666666666], [1.2125, 103.84913333333333], [1.2126183333333334, 103.84893833333334], [1.2127566666666667, 103.848685], [1.2128616666666667, 103.84845666666666], [1.2129733333333332, 103.84821166666667], [1.2130966666666667, 103.847965], [1.21321, 103.84770666666667], [1.2133183333333333, 103.84747333333334], [1.2135633333333333, 103.846895], [1.213675, 103.84662166666666], [1.2137833333333334, 103.84634166666666], [1.213985, 103.84579166666667], [1.2141166666666667, 103.84548], [1.2142466666666667, 103.84520666666667], [1.214385, 103.84493333333333], [1.214535, 103.84466666666667], [1.214825, 103.84415], [1.215155, 103.843585], [1.2153066666666668, 103.84331166666666], [1.21549, 103.84306166666667], [1.2162816666666667, 103.84207166666667], [1.2164966666666666, 103.84182], [1.216715, 103.84157333333333], [1.2169383333333332, 103.84132333333334], [1.2171933333333333, 103.841035], [1.217625, 103.84055], [1.2178616666666666, 103.840295], [1.2186266666666667, 103.83948333333333], [1.21916, 103.83897], [1.2193916666666667, 103.83874833333333], [1.2196816666666668, 103.83849666666667], [1.2203066666666667, 103.83797], [1.2214833333333333, 103.83700666666667], [1.2221283333333333, 103.83647166666667], [1.223775, 103.834715], [1.2243083333333333, 103.83410166666667], [1.2253833333333333, 103.83293333333333], [1.2259616666666666, 103.83241], [1.227155, 103.83144], [1.2277316666666667, 103.83099666666666], [1.2286133333333333, 103.83032333333334], [1.2290033333333332, 103.83005833333333], [1.2296116666666668, 103.82963333333333], [1.23026, 103.82919833333334], [1.2308383333333333, 103.82871], [1.2314133333333332, 103.82820333333333], [1.23199, 103.82767], [1.2325716666666666, 103.82715166666667], [1.2331233333333333, 103.82663833333334], [1.233675, 103.82612166666667], [1.2342, 103.82562], [1.234725, 103.82514833333333], [1.2352366666666668, 103.82466333333333], [1.2357783333333334, 103.8242], [1.2363083333333333, 103.82373], [1.2368016666666666, 103.82326666666667], [1.237025, 103.82302666666666], [1.23725, 103.822805], [1.2376383333333334, 103.82236], [1.2383283333333333, 103.82145]]}
