{"563037860": [[1.216915, 103.85190166666666], [1.2169116666666666, 103.8519], [1.2169066666666666, 103.851915], [1.2169166666666666, 103.85190166666666], [1.2169116666666666, 103.85190666666666], [1.2169116666666666, 103.85190666666666], [1.2169066666666666, 103.85190333333334], [1.2169216666666667, 103.85189833333334], [1.2169133333333333, 103.8519], [1.2169266666666667, 103.85190166666666], [1.2169166666666666, 103.85189833333334], [1.216905, 103.85191]], "566287000": [[1.2084366666666666, 103.856285], [1.208635, 103.856585], [1.2088583333333334, 103.85691666666666], [1.2093466666666666, 103.857605], [1.20983, 103.85824833333334], [1.2100283333333333, 103.85850166666667], [1.2103233333333334, 103.85888166666666], [1.21083, 103.85950166666667], [1.2113266666666667, 103.860085], [1.2115666666666667, 103.86036166666666], [1.2121416666666667, 103.86104333333333], [1.2124133333333333, 103.861355], [1.21269, 103.86166333333334], [1.2129666666666667, 103.86196833333334], [1.21352, 103.86257666666667], [1.2140566666666666, 103.86315333333333], [1.2143633333333332, 103.86348166666667], [1.2145933333333334, 103.86372], [1.21523, 103.86436666666667], [1.2157916666666666, 103.86495666666667], [1.2160733333333333, 103.86525], [1.2162966666666666, 103.86548333333333], [1.2165833333333333, 103.86577333333334], [1.2169266666666667, 103.86611666666667], [1.21729, 103.86650166666666], [1.21742, 103.866655], [1.2175416666666667, 103.866815], [1.2175883333333333, 103.86687666666667], [1.2176966666666666, 103.867045], [1.2177383333333334, 103.86711166666667], [1.2177783333333334, 103.86717833333333], [1.217875, 103.86734666666666], [1.2179316666666666, 103.86745333333333], [1.2180033333333333, 103.86758833333333], [1.218235, 103.86808], [1.2185533333333334, 103.868745], [1.2187466666666666, 103.86913], [1.2189266666666667, 103.86947666666667], [1.2190883333333333, 103.86978666666667], [1.2192816666666666, 103.87017166666666], [1.219595, 103.87080333333333], [1.2197916666666666, 103.87118833333334], [1.2199866666666668, 103.87157166666667], [1.220155, 103.87188166666667], [1.2203616666666666, 103.87226333333334], [1.2207216666666667, 103.87287333333333], [1.2209566666666667, 103.873235], [1.221165, 103.873525], [1.221455, 103.87389833333333], [1.2217066666666667, 103.87420333333333], [1.2221783333333334, 103.87473833333334], [1.2224983333333332, 103.87509], [1.2227516666666667, 103.87535], [1.223065, 103.87565666666667], [1.2233533333333333, 103.87593166666667]], "525020023": [[1.2089433333333333, 103.85798833333334], [1.2089, 103.857385], [1.2088716666666666, 103.85698833333333], [1.2088583333333334, 103.85683333333333], [1.2088416666666666, 103.85662], [1.2088033333333332, 103.85623333333334], [1.2087566666666667, 103.85569166666667], [1.20873, 103.855485], [1.2086833333333333, 103.85509666666667], [1.2086516666666667, 103.85469833333333], [1.2086383333333333, 103.85453833333334], [1.2086266666666667, 103.85434833333333], [1.2086, 103.85398333333333], [1.2085933333333334, 103.85357166666667], [1.20858, 103.85340333333333], [1.208575, 103.85321833333333], [1.2085616666666668, 103.85287833333334], [1.2085333333333332, 103.85245833333333], [1.2085366666666666, 103.85210666666667], [1.2085216666666667, 103.85173333333333]], "565459000": [[1.2182266666666666, 103.86254333333333], [1.2179916666666666, 103.86232166666667], [1.2168966666666667, 103.86132666666667], [1.2166566666666667, 103.86110333333333], [1.2156166666666666, 103.86009166666666], [1.2153816666666666, 103.85985666666667], [1.2144233333333334, 103.85870666666666], [1.2142433333333333, 103.85847166666667], [1.21343, 103.85725166666667], [1.2132966666666667, 103.85702666666667], [1.2126266666666667, 103.85569166666667], [1.2125066666666666, 103.855455], [1.211905, 103.854095], [1.211855, 103.85390166666667], [1.2118416666666667, 103.85384833333333], [1.2114466666666666, 103.85244833333333], [1.2113566666666666, 103.85220666666666], [1.21094, 103.85085], [1.2108866666666667, 103.85061], [1.2106483333333333, 103.84925666666666], [1.2106216666666667, 103.84901833333333], [1.210425, 103.84767166666667], [1.2103866666666667, 103.8474], [1.21021, 103.84575833333334], [1.2100266666666666, 103.84434166666666], [1.2099833333333334, 103.84403333333333], [1.2098216666666666, 103.84284666666667], [1.20978, 103.84264833333333], [1.2097083333333334, 103.842335], [1.2096766666666667, 103.84219666666667], [1.20943, 103.84093166666666], [1.209375, 103.84060666666667], [1.209195, 103.83918], [1.2091533333333333, 103.83882], [1.20901, 103.83735666666666], [1.2089616666666667, 103.83703666666666], [1.2089483333333333, 103.83689166666667], [1.2089266666666667, 103.83563333333333], [1.2089416666666666, 103.83532333333333], [1.20905, 103.83396833333333], [1.2090833333333333, 103.83369], [1.209225, 103.83229166666666], [1.2092366666666667, 103.83201], [1.2093266666666667, 103.83031666666666], [1.2094716666666667, 103.826825], [1.20949, 103.82324166666666], [1.2101916666666668, 103.81811166666667], [1.21024, 103.81776833333333], [1.2105533333333334, 103.81590833333334], [1.21058, 103.81572333333334], [1.2106066666666666, 103.81550666666666], [1.210735, 103.81439666666667], [1.210785, 103.81406], [1.21098, 103.812545], [1.21145, 103.808635], [1.2115416666666667, 103.80801166666667], [1.2119933333333333, 103.806715], [1.212125, 103.80646666666667], [1.212235, 103.806275], [1.2152316666666667, 103.802225], [1.216395, 103.800955], [1.21775, 103.79973166666667], [1.2191183333333333, 103.79856166666667], [1.2204666666666666, 103.797405], [1.2207183333333333, 103.79719666666666], [1.221995, 103.79613666666667], [1.22212, 103.79605666666667]],