{"525222000": [[1.2140683333333333, 103.86174333333334], [1.2131616666666667, 103.85911], [1.2128216666666667, 103.85807833333334], [1.2121316666666666, 103.856045], [1.2120283333333333, 103.85577], [1.2117683333333333, 103.85503], [1.2116533333333332, 103.85467833333334], [1.2114283333333333, 103.85398166666667], [1.2113383333333334, 103.85366833333333], [1.2110433333333332, 103.85254166666667], [1.2108466666666666, 103.85179333333333], [1.2106783333333333, 103.85104666666666], [1.21054, 103.850285], [1.21048, 103.849905], [1.21042, 103.849515], [1.2103066666666666, 103.84869333333333], [1.210245, 103.84788666666667], [1.21018, 103.84707666666667], [1.2100983333333333, 103.846265], [1.2099883333333334, 103.84544666666666], [1.2098733333333334, 103.84466], [1.2097816666666668, 103.84380833333333], [1.2097066666666667, 103.84305833333333], [1.2094633333333333, 103.841435], [1.2093416666666668, 103.840615], [1.2090533333333333, 103.838215], [1.2088383333333332, 103.833695], [1.2090933333333334, 103.83156]], "563048100": [[1.2091866666666666, 103.85006333333334], [1.2093533333333333, 103.85058833333333], [1.2095083333333334, 103.85104166666666], [1.2096316666666667, 103.85147833333333], [1.2097766666666667, 103.851915], [1.2099133333333334, 103.85235], [1.2100583333333332, 103.85282166666667], [1.2102066666666667, 103.85333833333334], [1.2105666666666666, 103.85427666666666], [1.2107483333333333, 103.85479666666667], [1.2111083333333332, 103.85579666666666], [1.2113016666666667, 103.856325], [1.2118783333333334, 103.85787833333333], [1.2120883333333334, 103.85836833333333], [1.2125183333333334, 103.85947833333333], [1.212745, 103.85996166666666], [1.2132766666666666, 103.86105], [1.213755, 103.862085], [1.21405, 103.86265], [1.2143066666666666, 103.86315166666667], [1.2145916666666667, 103.863695], [1.2148983333333334, 103.86429166666667], [1.2152, 103.86481333333333], [1.2155366666666667, 103.86536], [1.2162816666666667, 103.866415], [1.21667, 103.86692333333333], [1.2178866666666666, 103.86850833333334], [1.2183266666666666, 103.86902833333333], [1.2192283333333334, 103.87001666666667], [1.2196933333333333, 103.87052666666666], [1.2206666666666666, 103.87150166666666], [1.2216433333333334, 103.87248833333334], [1.2221316666666666, 103.87298333333334], [1.2231483333333333, 103.87394166666667], [1.22366, 103.87443166666667], [1.2241683333333333, 103.874925], [1.2246566666666667, 103.87538], [1.2251833333333333, 103.87589], [1.2261966666666666, 103.87686833333333], [1.2266966666666668, 103.87737333333334], [1.227225, 103.877835], [1.2277466666666668, 103.87832], [1.2282683333333333, 103.87879], [1.2287966666666668, 103.87925], [1.2293166666666666, 103.87972833333333], [1.2298466666666668, 103.88020333333333], [1.230345, 103.880675], [1.2313516666666666, 103.88163666666667], [1.232865, 103.883155], [1.2343616666666666, 103.88465166666667], [1.235835, 103.88615833333333], [1.2372933333333334, 103.887615], [1.238755, 103.88915], [1.2423916666666666, 103.89349333333334], [1.2437383333333334, 103.895165], [1.2450366666666666, 103.89684333333334], [1.246745, 103.89904666666666], [1.24717, 103.89955666666667], [1.24761, 103.90006833333334], [1.2480716666666667, 103.90062166666667], [1.2485766666666667, 103.90114166666666], [1.2495266666666667, 103.90210666666667], [1.2515116666666666, 103.90404166666667], [1.252995, 103.90546833333333], [1.2600783333333334, 103.91208833333333], [1.2605866666666667, 103.91258666666667], [1.2616016666666667, 103.91356333333333], [1.2631383333333333, 103.915035], [1.2661183333333332, 103.91795833333333], [1.2676133333333333, 103.919455], [1.2691316666666668, 103.920925]], "563927000": [[1.2085166666666667, 103.85212166666666], [1.208675, 103.85241666666667], [1.2087766666666666, 103.85259], [1.20887, 103.85276833333333], [1.2089433333333333, 103.85291166666667], [1.20903, 103.85307166666666], [1.2092166666666666, 103.85337], [1.20932, 103.853545], [1.2094216666666666, 103.85372166666667], [1.2095133333333334, 103.85386833333334], [1.2096233333333333, 103.85405166666666], [1.209675, 103.85413666666666], [1.2097166666666668, 103.854205], [1.2097566666666666, 103.85427333333334], [1.209805, 103.85435666666666], [1.209845, 103.854425], [1.2099166666666668, 103.85454666666666], [1.2099616666666666, 103.854615], [1.209985, 103.85465], [1.2100183333333334, 103.85470166666667], [1.2100633333333333, 103.85477166666666], [1.21014, 103.85489666666666], [1.2102533333333334, 103.855095], [1.2103416666666666, 103.85526333333334], [1.2104266666666668, 103.85543333333334], [1.2105283333333334, 103.85563333333333], [1.2106133333333333, 103.855805], [1.210695, 103.855955], [1.2107283333333334, 103.85601], [1.2108516666666667, 103.85620333333334], [1.2109466666666666, 103.85636666666667], [1.211035, 103.85653333333333], [1.2111333333333334, 103.856745], [1.2111683333333334, 103.85682166666666], [1.2113366666666667, 103.85709666666666], [1.2114583333333333, 103.85729166666667], [1.2115616666666666, 103.857455], [1.2116666666666667, 103.857615], [1.2117916666666666, 103.85781166666666], [1.2118983333333333, 103.85796666666667], [1.2120416666666667, 103.85817166666666], [1.21217, 103.85832666666667], [1.212285, 103.85846166666667], [1.2124016666666666, 103.85861], [1.2125516666666667, 103.85879166666666], [1.212675, 103.85894], [1.212845, 103.85913166666667], [1.2129933333333334, 103.85929333333333], [1.2131233333333333, 103.85944], [1.2132433333333332, 103.85958833333333], [1.2133966666666667, 103.85977], [1.21352, 103.85991666666666], [1.2137, 103.860105], [1.2138533333333332, 103.86026], [1.214, 103.8604], [1.2141533333333334, 103.86054833333333], [1.2143116666666667, 103.86069666666667], [1.21446, 103.86083333333333]],