{"525200148": [[1.2098166666666668, 103.85314333333334], [1.2098616666666666, 103.85457166666667], [1.2099516666666668, 103.85569166666667], [1.2100366666666666, 103.857085], [1.2103366666666666, 103.85964333333334], [1.2116583333333333, 103.86883833333333], [1.21228, 103.87156166666666], [1.2126666666666666, 103.87441333333334], [1.2129333333333334, 103.87578833333333], [1.2133666666666667, 103.87706166666666], [1.2150783333333333, 103.882485], [1.2149666666666668, 103.89857333333333]], "353848000": [[1.2146166666666667, 103.8617], [1.2144166666666667, 103.86128333333333], [1.2139333333333333, 103.86025], [1.2131666666666667, 103.85858333333333], [1.2129666666666667, 103.85816666666666], [1.2124666666666666, 103.85711666666667], [1.2121666666666666, 103.85648333333333], [1.2116833333333332, 103.85548333333334], [1.2114333333333334, 103.85493333333334], [1.2110166666666666, 103.85383333333333], [1.21085, 103.85338333333333], [1.2104666666666666, 103.85225], [1.2098833333333334, 103.85046666666666], [1.2097166666666668, 103.85001666666666], [1.20925, 103.84863333333334], [1.2090833333333333, 103.84818333333334], [1.2085166666666667, 103.8463], [1.2082833333333334, 103.84513333333334], [1.2082, 103.84466666666667], [1.2079333333333333, 103.84298333333334], [1.2078666666666666, 103.8423], [1.2078166666666668, 103.84163333333333], [1.2078, 103.84116666666667], [1.2077833333333334, 103.84005], [1.2077833333333334, 103.8396], [1.2077666666666667, 103.83893333333333], [1.2077166666666668, 103.83611666666667], [1.2077166666666668, 103.83568333333334], [1.2077333333333333, 103.8346], [1.2078, 103.83353333333334], [1.2078833333333334, 103.83253333333333], [1.2079333333333333, 103.83178333333333], [1.2079666666666666, 103.83136666666667], [1.2080333333333333, 103.83033333333333], [1.2081333333333333, 103.82928333333334], [1.2082166666666667, 103.82825], [1.2082833333333334, 103.82728333333333], [1.20845, 103.82521666666666], [1.2085333333333332, 103.8242], [1.2086333333333332, 103.82318333333333], [1.2087333333333334, 103.822], [1.20885, 103.8211], [1.2089166666666666, 103.82068333333333], [1.2092, 103.81908333333334], [1.2093833333333333, 103.81806666666667], [1.2095833333333332, 103.81708333333333], [1.2097666666666667, 103.81613333333334], [1.20995, 103.81515], [1.2101333333333333, 103.81416666666667], [1.21025, 103.81356666666667], [1.2103333333333333, 103.81318333333333], [1.2107, 103.81126666666667], [1.2108166666666667, 103.81076666666667], [1.2109666666666667, 103.81018333333333], [1.2116166666666666, 103.80826666666667], [1.2124166666666667, 103.80658333333334], [1.2128666666666668, 103.8058], [1.2138666666666666, 103.8042], [1.2142, 103.80363333333334], [1.2150666666666667, 103.80223333333333], [1.2155, 103.80156666666667], [1.2156833333333332, 103.80131666666666], [1.2164166666666667, 103.80033333333333], [1.2168833333333333, 103.7998], [1.2171833333333333, 103.79946666666666], [1.2178666666666667, 103.79868333333333], [1.2183333333333333, 103.79813333333334], [1.2186166666666667, 103.7978], [1.2193166666666666, 103.79703333333333], [1.2198, 103.79653333333333], [1.2201166666666667, 103.79625], [1.2208833333333333, 103.79563333333333], [1.2212333333333334, 103.79538333333333], [1.22145, 103.7952], [1.2217833333333334, 103.79495], [1.2220166666666668, 103.79481666666666], [1.2225666666666666, 103.79446666666666], [1.22345, 103.79395], [1.2254833333333333, 103.7928], [1.22715, 103.79183333333333], [1.2277333333333333, 103.79153333333333], [1.22865, 103.79116666666667], [1.2289333333333334, 103.79106666666667], [1.2295333333333334, 103.79085], [1.23035, 103.79056666666666], [1.2312666666666667, 103.79021666666667], [1.2316166666666666, 103.79008333333333], [1.23185, 103.79], [1.233, 103.78955], [1.2339166666666668, 103.78921666666666], [1.2353333333333334, 103.78868333333334], [1.2355666666666667, 103.78858333333334], [1.2370833333333333, 103.78808333333333], [1.2379833333333334, 103.78781666666667], [1.2388166666666667, 103.7876], [1.2391833333333333, 103.78755], [1.2394166666666666, 103.78751666666666], [1.2404, 103.78736666666667], [1.2406166666666667, 103.78736666666667], [1.2412833333333333, 103.78736666666667], [1.2422666666666666, 103.7874], [1.2425, 103.78741666666667], [1.2427333333333332, 103.78743333333334], [1.2430833333333333, 103.78745], [1.2436, 103.78746666666666], [1.2441333333333333, 103.7875], [1.24515, 103.78755], [1.2456166666666666, 103.78758333333333], [1.2462333333333333, 103.78761666666666], [1.2470333333333334, 103.7876], [1.24755, 103.7876], [1.24785, 103.78761666666666], [1.2485, 103.78765], [1.2490166666666667, 103.7877], [1.2502166666666668, 103.78783333333334], [1.2509833333333333, 103.78795], [1.25135, 103.788], [1.2521666666666667, 103.78805], [1.2525833333333334, 103.78808333333333], [1.2533333333333334, 103.78825], [1.25365, 103.78835], [1.2542666666666666, 103.78853333333333], [1.25495, 103.7888], [1.2553666666666667, 103.78895], [1.25575, 103.78908333333334], [1.25585, 103.78911666666667], [1.25595, 103.78916666666667], [1.2560166666666666, 103.7892], [1.2561, 103.78923333333333], [1.2562166666666668, 103.7893], [1.2562666666666666, 103.78933333333333], [1.2563, 103.78945], [1.2563166666666667, 103.78946666666667], [1.2564, 103.78955], [1.2564166666666667, 103.78955]], "563005250": [[1.2181116666666667, 103.86312166666667], [1.2176233333333333, 103.86255333333334], [1.2166933333333334, 103.86138833333334], [1.2162166666666667, 103.86081166666666], [1.2157316666666667, 103.86020166666667], [1.215315, 103.85962166666667], [1.2148683333333334, 103.85901666666666], [1.21436, 103.85843166666666], [1.2138733333333334, 103.85792], [1.21336, 103.85738], [1.2117666666666667, 103.85574333333334], [1.21153, 103.855455], [1.2113066666666668, 103.85515666666667], [1.2109483333333333, 103.854545], [1.2106283333333334, 103.85383333333333], [1.2104916666666667, 103.85348833333333], [1.2103533333333334, 103.85314], [1.2102283333333332, 103.85277833333333], [1.210125, 103.85245166666667], [1.2098716666666667, 103.85168], [1.20974, 103.85131833333334], [1.20961, 103.85095333333334], [1.2094683333333334, 103.85059], [1.2093366666666667, 103.85022333333333], [1.2090783333333333, 103.84947166666667], [1.2089516666666666, 103.84909], [1.208825, 103.84870833333333], [1.2086983333333334, 103.84832666666667], [1.2085716666666666, 103.84795], [1.2083216666666667, 103.84719166666666], [1.2081966666666666, 103.84681333333333], [1.2080716666666667, 103.84643], [1.207955, 103.84604666666667], [1.20758, 103.84490166666667], [1.2074583333333333, 103.844515], [1.207335, 103.84413166666667], [1.207215, 103.84374666666666], [1.2071033333333334, 103.84335833333333], [1.2068783333333333, 103.84259666666667], [1.2067666666666668, 103.84220666666667], [1.206655, 103.84182], [1.206545, 103.84143], [1.2064316666666666, 103.841045], [1.2061833333333334, 103.84028333333333], [1.2060483333333334, 103.839905], [1.205915, 103.83952666666667], [1.2057966666666666, 103.83913833333334], [1.2056766666666667, 103.83875666666667], [1.2053016666666667, 103.837615], [1.2051733333333334, 103.83724166666667], [1.205045, 103.83687]]}
