{"563765000": [[1.215185, 103.86296666666667], [1.21508, 103.86270166666667], [1.21496, 103.86243333333333], [1.2148216666666667, 103.86217666666667], [1.21468, 103.86192333333334], [1.2143933333333334, 103.86141], [1.21412, 103.86087833333333], [1.213815, 103.86035], [1.2134766666666668, 103.85983], [1.212945, 103.85909166666667], [1.2127466666666666, 103.85886333333333], [1.2122833333333334, 103.858475], [1.2118283333333333, 103.85812666666666], [1.2113933333333333, 103.85775], [1.210955, 103.857395], [1.2105266666666668, 103.85706833333333], [1.210145, 103.85670333333333], [1.2097483333333334, 103.85635166666667], [1.209375, 103.85601166666666], [1.2089866666666667, 103.85566666666666], [1.2086583333333334, 103.85533666666667], [1.2083033333333333, 103.85496666666667], [1.2079633333333333, 103.85461], [1.2076566666666666, 103.85427], [1.2070516666666666, 103.85348166666667], [1.2066616666666667, 103.85289666666667], [1.20623, 103.85236666666667]], "525005341": [[1.209715, 103.85084166666667], [1.20981, 103.85271666666667], [1.2100983333333333, 103.85443833333333], [1.210665, 103.85792833333333], [1.2111466666666666, 103.859535], [1.2118716666666667, 103.86128333333333], [1.2123883333333334, 103.86256333333333], [1.2130816666666666, 103.86414333333333], [1.2150366666666668, 103.87014], [1.2160966666666666, 103.87299833333333], [1.2174383333333334, 103.87599], [1.2180916666666666, 103.877405], [1.2218183333333332, 103.88842166666667]]}
