{"563004940": [[1.2106166666666667, 103.85996], [1.2105816666666667, 103.85888166666666], [1.2105033333333333, 103.85784166666667], [1.2104433333333333, 103.85688166666667], [1.2103166666666667, 103.85560333333333], [1.2100183333333334, 103.85472833333333], [1.209865, 103.85434], [1.2095066666666667, 103.853485], [1.2088616666666667, 103.85233833333334], [1.2085866666666667, 103.85154833333333], [1.20807, 103.85037], [1.2078666666666666, 103.84997666666666], [1.2076733333333334, 103.84957333333334], [1.2074533333333333, 103.84916166666666], [1.2072366666666667, 103.84873], [1.2069083333333332, 103.84781333333333]], "563336000": [[1.2180183333333334, 103.86313166666666], [1.2178533333333332, 103.862825], [1.2176883333333333, 103.862515], [1.2173616666666667, 103.86192], [1.2170016666666668, 103.86125666666666], [1.2168266666666667, 103.86093833333334], [1.2166466666666667, 103.86062166666666], [1.2164466666666667, 103.860275], [1.2163016666666666, 103.86002333333333], [1.2159066666666667, 103.85935833333333], [1.2157133333333334, 103.85904], [1.2155166666666666, 103.85872666666667], [1.215315, 103.85840166666667], [1.215125, 103.85811166666667], [1.2148783333333333, 103.85773166666667], [1.2146833333333333, 103.85744833333334], [1.2142433333333333, 103.856835], [1.2140116666666667, 103.85652666666667], [1.213785, 103.856215], [1.2135283333333333, 103.85588333333334], [1.2133283333333333, 103.85561166666666], [1.2130883333333333, 103.85527666666667], [1.212895, 103.85501166666667], [1.212445, 103.85444666666666], [1.21218, 103.85416166666667], [1.2119516666666668, 103.85393833333333], [1.2116733333333334, 103.85366666666667], [1.2114466666666666, 103.85344333333333], [1.2112083333333334, 103.85318833333334], [1.21097, 103.85293166666666], [1.2107266666666667, 103.85265], [1.2105166666666667, 103.85241166666667], [1.2102466666666667, 103.85212666666666], [1.2100316666666666, 103.851885], [1.2098116666666667, 103.85161333333333], [1.2097933333333333, 103.85158666666666], [1.209695, 103.85144833333334], [1.209625, 103.85133833333333], [1.2096083333333334, 103.85131333333334], [1.2095233333333333, 103.85117333333334], [1.2094383333333334, 103.85103666666667], [1.2094383333333334, 103.85103666666667], [1.20933, 103.85086833333334], [1.2092816666666666, 103.850785], [1.2089983333333334, 103.85022], [1.2088483333333333, 103.84990166666667], [1.208715, 103.84964166666667], [1.2085533333333334, 103.849315], [1.2084183333333334, 103.84905], [1.20811, 103.84845833333334], [1.207945, 103.84812666666667], [1.2078216666666666, 103.84785666666667], [1.2076816666666668, 103.847555], [1.2076683333333333, 103.84752666666667], [1.2076683333333333, 103.84752666666667], [1.20761, 103.84734666666667], [1.207585, 103.84726], [1.2075783333333334, 103.84723166666667], [1.2075433333333334, 103.84705666666666], [1.20752, 103.84693666666666], [1.2074633333333333, 103.84666166666666], [1.2074516666666666, 103.84633333333333], [1.2074516666666666, 103.84633333333333], [1.2074333333333334, 103.84585166666666], [1.2074333333333334, 103.84576166666666], [1.20745, 103.84546333333333], [1.2074866666666666, 103.845135]], "564671000": [[1.2172666666666667, 103.86311666666667], [1.2171233333333333, 103.86295], [1.2169816666666666, 103.86278333333334], [1.216695, 103.86245333333333], [1.2163983333333332, 103.86207666666667], [1.21615, 103.86176666666667], [1.215865, 103.86143333333334]], "631757772": [[1.208115, 103.85364333333334], [1.2077316666666666, 103.85483833333333], [1.2075333333333333, 103.85590666666667], [1.2078483333333334, 103.85685833333334], [1.207495, 103.85803666666666], [1.2071683333333334, 103.85928833333334], [1.2069283333333334, 103.864435], [1.2075783333333334, 103.87015], [1.2078466666666667, 103.87256166666667], [1.2078233333333332, 103.87494166666667], [1.208275, 103.87724333333334], [1.2091316666666667, 103.88059], [1.209755, 103.88398166666667], [1.211915, 103.887165], [1.213235, 103.88887666666666], [1.2188216666666667, 103.907235]], "631988050": [[1.2097666666666667, 103.85003333333333], [1.2099533333333334, 103.85083], [1.2100366666666666, 103.85254333333333], [1.2099483333333334, 103.85683833333333], [1.2109933333333334, 103.85904166666667], [1.2118183333333334, 103.860485], [1.21231, 103.861145], [1.2131083333333332, 103.86248333333333], [1.213975, 103.86377], [1.2148833333333333, 103.86526], [1.215805, 103.86641833333333], [1.2168833333333333, 103.86766833333333], [1.2180083333333334, 103.86894], [1.220285, 103.87142833333333]]}
