{"525005341": [[1.208455, 103.85289333333333], [1.2089233333333333, 103.85591166666667], [1.2092716666666667, 103.85748666666667], [1.20968, 103.85899333333333], [1.21033, 103.86193], [1.2111833333333333, 103.86480166666666], [1.21201, 103.86771], [1.2137383333333334, 103.87324666666666], [1.2144883333333334, 103.87596333333333], [1.215065, 103.87886833333333], [1.2165866666666667, 103.88450833333333], [1.2176833333333332, 103.89034666666667], [1.2182466666666667, 103.89338]], "565121000": [[1.2169466666666666, 103.86313333333334], [1.2164233333333334, 103.86251833333333], [1.216185, 103.86225833333333], [1.2156666666666667, 103.86171666666667], [1.2153933333333333, 103.86145666666667], [1.21477, 103.860855], [1.21451, 103.860625], [1.2140116666666667, 103.860115], [1.213765, 103.85983333333333], [1.2135266666666666, 103.85954333333333], [1.2132633333333334, 103.85917333333333], [1.21306, 103.85890833333333], [1.2126383333333333, 103.85836166666667], [1.2124366666666666, 103.85806833333334], [1.212215, 103.85774666666667], [1.211975, 103.85735666666666], [1.2118, 103.85706833333333], [1.2116116666666668, 103.85678333333334], [1.211425, 103.856465], [1.2112416666666668, 103.85615333333334], [1.21106, 103.85583333333334], [1.2108483333333333, 103.85544666666667], [1.21069, 103.855155], [1.2105133333333333, 103.85483833333333], [1.21033, 103.85451333333333], [1.21017, 103.85422333333334], [1.2099933333333333, 103.853905], [1.2095983333333333, 103.85322833333333], [1.2094333333333334, 103.85293166666666], [1.2092366666666667, 103.85255666666667], [1.209085, 103.85225666666666], [1.2089033333333334, 103.85191833333333], [1.2087483333333333, 103.85155166666667], [1.2086333333333332, 103.85121666666667], [1.20852, 103.85088], [1.2084066666666666, 103.85052166666667], [1.2083066666666666, 103.85021333333333], [1.2081083333333333, 103.84947666666666], [1.2080233333333332, 103.84914833333333], [1.207935, 103.84879333333333], [1.207855, 103.84842833333333], [1.2075033333333334, 103.84695166666667], [1.207445, 103.846575], [1.2073866666666666, 103.84620333333334], [1.207345, 103.845875], [1.207255, 103.84512], [1.2072116666666666, 103.84474666666667], [1.207165, 103.84437], [1.2070933333333334, 103.84366], [1.2070666666666667, 103.84324333333333], [1.2070516666666666, 103.84288], [1.2070333333333334, 103.842495], [1.2070183333333333, 103.84213333333334], [1.2070066666666666, 103.84141166666667], [1.206985, 103.84067833333333], [1.206985, 103.84030833333334], [1.207005, 103.839945], [1.207015, 103.839595], [1.2070516666666666, 103.83851166666666], [1.2070666666666667, 103.83779833333334], [1.207085, 103.83709666666667], [1.207135, 103.83636833333334], [1.2072216666666666, 103.83567333333333], [1.2073433333333334, 103.83495666666667], [1.2075166666666666, 103.834225], [1.2077383333333334, 103.83354333333334], [1.2079816666666667, 103.83288], [1.208235, 103.83221], [1.2084816666666667, 103.83152], [1.2089716666666666, 103.83011833333333], [1.2091016666666667, 103.829765], [1.209245, 103.82941666666666], [1.209545, 103.82873], [1.2098466666666667, 103.828025]], "566496000": [[1.208175, 103.85319833333334], [1.2083133333333334, 103.85358333333333], [1.208475, 103.85399], [1.2086133333333333, 103.85433166666667], [1.208935, 103.85507666666666], [1.2091016666666667, 103.85544666666667], [1.2092916666666667, 103.85585], [1.209655, 103.85652833333333], [1.2100366666666666, 103.85723833333333], [1.21024, 103.85758333333334], [1.2104716666666666, 103.857955], [1.2106883333333334, 103.85830333333334], [1.2108833333333333, 103.85861333333334], [1.2113133333333332, 103.85931166666667], [1.2117833333333334, 103.86002833333333], [1.212025, 103.860365], [1.2122283333333332, 103.86067], [1.2126683333333332, 103.86135666666667], [1.212885, 103.86169666666666], [1.2131266666666667, 103.86207], [1.2135533333333333, 103.86271333333333], [1.2137583333333333, 103.863015], [1.2140183333333334, 103.86337666666667], [1.214255, 103.863705], [1.2145116666666667, 103.86406333333333], [1.2149783333333333, 103.86467666666667], [1.2152083333333332, 103.86495166666667], [1.2154866666666666, 103.86528833333334], [1.2157433333333334, 103.865595], [1.2160216666666666, 103.865935], [1.2165516666666667, 103.86653666666666], [1.2167683333333332, 103.86677166666666], [1.217035, 103.86706666666667], [1.217305, 103.86736166666667], [1.2176333333333333, 103.867715], [1.218195, 103.86828833333334], [1.2184166666666667, 103.86851833333333], [1.218695, 103.86880166666667], [1.2192983333333334, 103.86943666666667], [1.2198316666666666, 103.87002333333334], [1.220315, 103.87054666666667], [1.22091, 103.87116166666667], [1.2211816666666666, 103.87145333333333], [1.2214416666666668, 103.87176166666667], [1.2216566666666666, 103.87200166666666], [1.2224883333333334, 103.87295333333333], [1.2230016666666668, 103.87354666666667], [1.2232, 103.87379166666666], [1.2234466666666666, 103.87409833333334], [1.223715, 103.87444], [1.2239616666666666, 103.87474333333333], [1.2244766666666667, 103.87538166666667], [1.22491, 103.87594166666666], [1.2251683333333334, 103.87629666666666], [1.2254016666666667, 103.876615], [1.2256416666666667, 103.87691833333334], [1.2260966666666666, 103.87750166666666], [1.2263483333333334, 103.8778], [1.226625, 103.87812833333334], [1.2268766666666666, 103.87842833333333], [1.2271666666666667, 103.878755], [1.22743, 103.87904333333333], [1.2276433333333334, 103.87927833333333], [1.22792, 103.87957], [1.228225, 103.87988], [1.2284916666666668, 103.88016666666667], [1.2287816666666667, 103.88048166666667], [1.2290516666666667, 103.88076833333334], [1.2292683333333334, 103.88099333333334], [1.2295466666666666, 103.88127166666666], [1.2298533333333332, 103.881575], [1.2301333333333333, 103.88184833333334], [1.2309533333333333, 103.882645], [1.2312416666666666, 103.88291333333333], [1.2315566666666666, 103.88320333333333], [1.23185, 103.88346666666666], [1.2321866666666668, 103.88374], [1.2327483333333333, 103.88417666666666], [1.23338, 103.884695], [1.2340183333333334, 103.88521833333333], [1.23458, 103.88566], [1.2352233333333333, 103.88617166666667], [1.2358683333333333, 103.886685], [1.2376983333333333, 103.88816], [1.23921, 103.88935666666667], [1.2395466666666666, 103.88962833333333], [1.2404316666666666, 103.890345], [1.24105, 103.89083]], "563011350": [[1.211525, 103.860525], [1.211635, 103.85949666666667], [1.2116933333333333, 103.858495], [1.211735, 103.85804], [1.21178, 103.85761833333333], [1.2118, 103.85629166666666], [1.2117916666666666, 103.85520833333334], [1.2117716666666667, 103.85486], [1.2117083333333334, 103.85421333333333], [1.2116533333333332, 103.85389333333333], [1.2115, 103.85294666666667], [1.2113016666666667, 103.85205166666667], [1.2110966666666667, 103.85142333333333], [1.210955, 103.85108666666666], [1.2107966666666667, 103.85077166666666], [1.21049, 103.850125], [1.210265, 103.84951333333333], [1.2098866666666668, 103.84822333333334], [1.2098533333333332, 103.84810666666667], [1.209295, 103.84569333333333], [1.2092233333333333, 103.84531], [1.20891, 103.84269], [1.2091916666666667, 103.84047666666666], [1.20933, 103.839795]],