{"631440335": [[1.2085216666666667, 103.851715], [1.2086466666666666, 103.853395], [1.20913, 103.85569], [1.2091416666666666, 103.85717333333334], [1.2096116666666668, 103.85856], [1.2099016666666667, 103.85971166666667], [1.2119316666666666, 103.864095], [1.2130883333333333, 103.86609166666666], [1.2144933333333334, 103.867035], [1.2155566666666666, 103.86825666666667], [1.2200416666666667, 103.87205166666666], [1.2210566666666667, 103.87338666666666], [1.2241966666666666, 103.87687833333334], [1.2264683333333333, 103.88124]], "566946000": [[1.2144216666666667, 103.86253666666667], [1.214185, 103.86216666666667], [1.2139383333333333, 103.86180666666667], [1.21369, 103.86145], [1.213245, 103.86072], [1.213075, 103.86034333333333], [1.212895, 103.85998166666667], [1.212705, 103.859625], [1.2125083333333333, 103.85926333333333], [1.21232, 103.85894166666667], [1.2120566666666666, 103.85857166666666], [1.21179, 103.85827], [1.2115233333333333, 103.858035], [1.2112016666666667, 103.85776833333334], [1.2106266666666667, 103.85736333333334], [1.2103133333333334, 103.85714333333334], [1.2100316666666666, 103.856955], [1.2097933333333333, 103.85679], [1.209505, 103.85659666666666], [1.209245, 103.85642166666666], [1.2090283333333334, 103.85625833333333], [1.2087833333333333, 103.856055], [1.208595, 103.85585], [1.2084416666666666, 103.85565666666666], [1.208265, 103.85541], [1.2081233333333334, 103.85520166666667], [1.2078066666666667, 103.85472166666666], [1.2076166666666666, 103.85446166666667], [1.20746, 103.85425166666667], [1.2072716666666667, 103.85399833333334], [1.2071283333333334, 103.85379666666667], [1.206955, 103.85353333333333], [1.206845, 103.85336666666667], [1.2066866666666667, 103.85314], [1.2065483333333333, 103.85295333333333], [1.206365, 103.852725], [1.2062066666666666, 103.852545], [1.2058533333333334, 103.85214666666667], [1.2056683333333333, 103.85191833333333], [1.20551, 103.85169833333333], [1.2053683333333334, 103.85147], [1.2052416666666668, 103.85126166666667], [1.20493, 103.85079166666667], [1.2047666666666668, 103.85053], [1.2044766666666666, 103.85005833333334], [1.2043466666666667, 103.84984666666666], [1.2040683333333333, 103.84937333333333], [1.2039366666666667, 103.849115], [1.2038266666666666, 103.84888333333333], [1.203715, 103.84864833333333], [1.2036216666666666, 103.84844], [1.2033116666666666, 103.84768833333334], [1.20321, 103.84744], [1.2031216666666666, 103.84719833333334], [1.20305, 103.846965], [1.20293, 103.84654333333333], [1.2028333333333334, 103.84629666666666], [1.2026683333333332, 103.845855], [1.2025733333333333, 103.84562833333334], [1.202165, 103.84497], [1.2020166666666667, 103.84474666666667], [1.20187, 103.84452333333333], [1.201725, 103.84429666666666], [1.20159, 103.84406666666666], [1.2013583333333333, 103.843615], [1.20106, 103.843105], [1.2008933333333334, 103.842865], [1.200715, 103.842625], [1.20051, 103.84235833333334], [1.2003883333333334, 103.84215166666667], [1.20006, 103.84161333333333], [1.1997283333333333, 103.84110166666666], [1.1995466666666668, 103.840815], [1.1994083333333334, 103.84061], [1.1990766666666666, 103.84005166666667], [1.1987966666666667, 103.83951333333333], [1.1985216666666667, 103.83901], [1.1981966666666666, 103.838475], [1.197895, 103.83796333333333], [1.19774, 103.83767166666667], [1.19763, 103.83745833333333], [1.19735, 103.836895], [1.1972266666666667, 103.83662], [1.197115, 103.83634666666667], [1.1969016666666668, 103.835815], [1.196655, 103.83522333333333], [1.1965466666666666, 103.83494166666667], [1.1964466666666667, 103.83465666666666], [1.1962533333333334, 103.834105], [1.1961316666666666, 103.83375166666667], [1.1960416666666667, 103.83348666666667], [1.1959416666666667, 103.833155], [1.1958566666666666, 103.83287333333334], [1.1957233333333332, 103.83229166666666], [1.1956233333333333, 103.831925], [1.1955533333333332, 103.83165166666667], [1.1954716666666667, 103.83132166666667], [1.1954083333333334, 103.831055], [1.1953, 103.830455], [1.1952366666666667, 103.830125], [1.19518, 103.82985666666667], [1.19506, 103.82926333333333], [1.1949033333333334, 103.82868166666667], [1.1948033333333334, 103.82836333333333], [1.1947233333333334, 103.82810166666667], [1.1945666666666668, 103.827515], [1.1944466666666667, 103.82692166666666], [1.1942166666666667, 103.82575166666666], [1.19406, 103.82516833333334], [1.1939733333333333, 103.82484666666667], [1.1936233333333333, 103.82340166666667], [1.19334, 103.8222], [1.1932233333333333, 103.82163666666666], [1.19299, 103.81986166666667], [1.19264, 103.81620666666667], [1.1926216666666667, 103.81589666666666], [1.1926083333333333, 103.81558666666666], [1.1926333333333334, 103.81440833333333], [1.1926716666666666, 103.813815], [1.19273, 103.81293166666667], [1.19276, 103.81266666666667], [1.1928316666666667, 103.81207166666667], [1.1928783333333333, 103.81096166666667], [1.1926966666666667, 103.80929666666667], [1.1926266666666667, 103.80868333333333], [1.192435, 103.80689333333333], [1.1920616666666666, 103.80512833333333], [1.19155, 103.80333333333333], [1.1904966666666668, 103.80065666666667], [1.19027, 103.80007666666667], [1.19016, 103.79973833333334], [1.1899716666666666, 103.799095], [1.189845, 103.79849833333333], [1.1891433333333334, 103.79598166666666], [1.1882083333333333, 103.79282], [1.1875583333333333, 103.78435166666667], [1.1858366666666667, 103.77525333333334], [1.18541, 103.77395]], "373176000": [[1.2141583333333332, 103.86255], [1.21395, 103.86217666666667], [1.2136783333333334, 103.86168166666667], [1.2134683333333334, 103.86130833333333], [1.2129516666666667, 103.86045333333334], [1.2126966666666668, 103.86004666666666], [1.2124783333333333, 103.85972833333334], [1.21218, 103.859355], [1.2118233333333333, 103.85897833333334], [1.2111866666666666, 103.858235], [1.2109016666666668, 103.85788166666667], [1.2106583333333334, 103.85760833333333], [1.210055, 103.85694166666667], [1.20902, 103.85596333333334], [1.20876, 103.85572333333333], [1.208165, 103.85506], [1.2077433333333334, 103.854365], [1.2075716666666667, 103.85403166666667], [1.207455, 103.853765], [1.2072316666666667, 103.85310333333334], [1.2070183333333333, 103.85238833333334], [1.2069166666666666, 103.85206666666667], [1.2068333333333334, 103.85181], [1.2064533333333334, 103.850795], [1.2062083333333333, 103.85016833333333], [1.2058516666666668, 103.84891833333333], [1.2057933333333333, 103.84863666666666], [1.2057066666666667, 103.848045], [1.2056766666666667, 103.84773666666666], [1.2056633333333333, 103.846755], [1.20567, 103.846455], [1.2056783333333334, 103.846215], [1.2056983333333333, 103.84497], [1.20569, 103.844675], [1.205685, 103.84443666666667], [1.2056683333333333, 103.8435], [1.2056666666666667, 103.84323833333333], [1.2056666666666667, 103.84295], [1.2056633333333333, 103.841445], [1.20566, 103.841175], [1.2056383333333334, 103.839945], [1.2056233333333333, 103.839635], [1.2055066666666667, 103.83812833333333], [1.2054616666666667, 103.83776166666667], [1.2054316666666667, 103.83749], [1.2054683333333334, 103.83597333333333], [1.2056633333333333, 103.83476166666667], [1.2057116666666667, 103.83452166666666], [1.2057883333333332, 103.83416], [1.2058416666666667, 103.83388333333333], [1.2060233333333332, 103.83292166666666], [1.2061316666666666, 103.8323], [1.2061633333333333, 103.83205], [1.2062033333333333, 103.83173833333333]]}
