{"563033480": [[1.2099416666666667, 103.85933], [1.2100683333333333, 103.85842], [1.2101566666666668, 103.85742166666667], [1.21029, 103.85412333333333], [1.2102316666666666, 103.853315], [1.2101483333333334, 103.85245166666667], [1.2100716666666667, 103.85176333333334], [1.2099516666666668, 103.85090166666667], [1.2097166666666668, 103.84934166666666], [1.2094383333333334, 103.84685333333333], [1.209365, 103.846045], [1.2092533333333333, 103.84514], [1.209055, 103.8431], [1.2087166666666667, 103.84042], [1.2085283333333334, 103.83714666666667], [1.2086383333333333, 103.83476666666667], [1.2090966666666667, 103.83168333333333], [1.209335, 103.83023333333334], [1.2094816666666666, 103.82938166666666], [1.20959, 103.82874666666666], [1.2101233333333334, 103.825865], [1.210695, 103.82371833333333], [1.211705, 103.82023833333334]], "256169000": [[1.2148333333333334, 103.86288333333333], [1.2146166666666667, 103.86263333333333], [1.2139333333333333, 103.8618], [1.2137, 103.8615], [1.2134833333333332, 103.86121666666666], [1.2132833333333333, 103.86096666666667], [1.2128833333333333, 103.86041666666667], [1.2126666666666666, 103.8601], [1.2124333333333333, 103.85978333333334], [1.2120666666666666, 103.85925], [1.2117, 103.8587], [1.2115, 103.85836666666667], [1.2113166666666666, 103.85805], [1.21115, 103.85775], [1.211, 103.85748333333333], [1.2107, 103.85691666666666], [1.2105333333333332, 103.85658333333333], [1.2102166666666667, 103.85596666666666], [1.2100833333333334, 103.8557], [1.2098, 103.85511666666666], [1.20965, 103.85478333333333], [1.2095166666666666, 103.85446666666667], [1.2094, 103.85418333333334], [1.20925, 103.85383333333333], [1.209, 103.85321666666667], [1.2088333333333334, 103.85281666666667], [1.2086, 103.85221666666666], [1.2083333333333333, 103.8515], [1.2082333333333333, 103.85118333333334], [1.2078833333333334, 103.85011666666666], [1.2076666666666667, 103.84936666666667], [1.20755, 103.84898333333334], [1.2074333333333334, 103.84858333333334], [1.20735, 103.84825], [1.20725, 103.84791666666666], [1.2071333333333334, 103.84751666666666], [1.20705, 103.84713333333333], [1.2069666666666667, 103.84675], [1.2068666666666668, 103.84633333333333], [1.2068, 103.846], [1.2067333333333334, 103.84565], [1.20665, 103.84523333333334], [1.2065666666666666, 103.84483333333333], [1.2065, 103.84445], [1.2063666666666666, 103.84366666666666], [1.2063, 103.84331666666667], [1.2062166666666667, 103.84288333333333], [1.2061666666666666, 103.84248333333333], [1.2061, 103.84208333333333], [1.206, 103.84126666666667], [1.20595, 103.8409], [1.2058833333333334, 103.8404], [1.2058666666666666, 103.84003333333334], [1.2058333333333333, 103.83961666666667], [1.2057833333333334, 103.83878333333334], [1.2057333333333333, 103.8379], [1.2057166666666668, 103.83751666666667], [1.2057166666666668, 103.8371], [1.2057, 103.83623333333334], [1.2057166666666668, 103.83533333333334], [1.2057333333333333, 103.8345], [1.20575, 103.83363333333334], [1.2058, 103.83271666666667], [1.2058333333333333, 103.83236666666667], [1.2058666666666666, 103.83191666666667], [1.2059666666666666, 103.83101666666667], [1.2061333333333333, 103.82976666666667], [1.2062, 103.82933333333334], [1.2065166666666667, 103.82751666666667], [1.2066833333333333, 103.82675], [1.2070666666666667, 103.82495], [1.20715, 103.8246], [1.20725, 103.82416666666667], [1.20745, 103.82325], [1.2077166666666668, 103.82198333333334], [1.2080166666666667, 103.82061666666667], [1.2082166666666667, 103.81975], [1.2083166666666667, 103.81935], [1.2086166666666667, 103.81798333333333], [1.2087166666666667, 103.8176], [1.2097333333333333, 103.81413333333333], [1.2100333333333333, 103.81321666666666], [1.2107166666666667, 103.81155], [1.2109, 103.81113333333333], [1.2112833333333333, 103.81033333333333], [1.2114666666666667, 103.80996666666667], [1.2119, 103.80911666666667], [1.2121, 103.80871666666667], [1.2127, 103.80756666666667], [1.2131333333333334, 103.80671666666667], [1.21335, 103.80633333333333], [1.21465, 103.80395], [1.2151166666666666, 103.8032], [1.21535, 103.80286666666667], [1.2159, 103.8021], [1.2166833333333333, 103.80101666666667], [1.2175, 103.79993333333333], [1.2200666666666666, 103.79678333333334], [1.221, 103.79588333333334], [1.2220166666666668, 103.79498333333333], [1.2229833333333333, 103.79415], [1.2240666666666666, 103.79331666666667], [1.2247666666666666, 103.79281666666667], [1.2260833333333334, 103.79186666666666], [1.2268333333333334, 103.79133333333333], [1.2281166666666667, 103.79043333333334], [1.2285166666666667, 103.79015], [1.2288333333333334, 103.78991666666667], [1.2300666666666666, 103.78905], [1.2307666666666666, 103.78855], [1.23135, 103.78813333333333], [1.23195, 103.78771666666667], [1.2326333333333332, 103.78725], [1.2332333333333334, 103.78686666666667], [1.23355, 103.78666666666666], [1.2342, 103.78626666666666], [1.2356833333333332, 103.78538333333333], [1.2369333333333334, 103.78465], [1.2372333333333334, 103.78446666666666], [1.2375166666666666, 103.78431666666667], [1.2378666666666667, 103.7841], [1.2387333333333332, 103.7836], [1.2393, 103.78326666666666], [1.2396333333333334, 103.78308333333334], [1.2399166666666666, 103.78291666666667], [1.2405, 103.7826], [1.2410333333333334, 103.7823], [1.2413333333333334, 103.78213333333333], [1.24215, 103.78166666666667], [1.2426666666666666, 103.78138333333334], [1.24295, 103.78121666666667], [1.2432166666666666, 103.78106666666666], [1.2442166666666667, 103.7805], [1.2445, 103.78035], [1.2447333333333332, 103.7802], [1.2449833333333333, 103.78005], [1.2456833333333333, 103.77965], [1.24665, 103.77906666666667], [1.2475333333333334, 103.77855], [1.2477833333333332, 103.7784], [1.2480166666666668, 103.77825], [1.2484333333333333, 103.778], [1.24885, 103.77775], [1.2493166666666666, 103.77746666666667], [1.2497166666666666, 103.77721666666666]], "567317000": [[1.2157833333333334, 103.86255], [1.21535, 103.86198333333333], [1.2150333333333334, 103.86155], [1.21435, 103.8606], [1.214, 103.86011666666667], [1.2137, 103.85968333333334], [1.2123333333333333, 103.85768333333333], [1.2120166666666667, 103.85718333333334], [1.2117166666666668, 103.85673333333334], [1.21045, 103.8547], [1.21015, 103.85421666666667], [1.2098833333333334, 103.85376666666667], [1.2086166666666667, 103.85176666666666], [1.2082666666666666, 103.85123333333334], [1.2080333333333333, 103.85083333333333], [1.2079166666666667, 103.85063333333333], [1.2078, 103.85043333333333], [1.2076333333333333, 103.85013333333333], [1.2072666666666667, 103.84923333333333], [1.2071833333333333, 103.84901666666667], [1.2071333333333334, 103.84885], [1.2070166666666666, 103.84851666666667], [1.2069333333333334, 103.84825], [1.2069, 103.84813333333334], [1.20685, 103.84796666666666], [1.2067833333333333, 103.84775], [1.2067666666666668, 103.84763333333333], [1.2065833333333333, 103.8468], [1.2065666666666666, 103.84663333333333], [1.2065166666666667, 103.84625], [1.2065, 103.84613333333333], [1.2064833333333334, 103.84575], [1.2064166666666667, 103.84478333333334], [1.2064, 103.84428333333334], [1.2063, 103.84255], [1.2062333333333333, 103.8414], [1.2062, 103.84083333333334], [1.206, 103.83796666666667], [1.2059666666666666, 103.83738333333334], [1.2058833333333334, 103.83618333333334], [1.2058, 103.83508333333333], [1.2057333333333333, 103.8345]], "563037860": [[1.21691, 103.85191], [1.2169133333333333, 103.85191333333333], [1.2169166666666666, 103.85190833333333], [1.2169166666666666, 103.85190666666666], [1.216915, 103.851905], [1.21692, 103.85191666666667], [1.2169183333333333, 103.85191833333333], [1.2169233333333334, 103.85192], [1.216905, 103.85190833333333], [1.2169166666666666, 103.85191], [1.2169166666666666, 103.85191333333333], [1.2169166666666666, 103.85190833333333], [1.216915, 103.85191333333333]],