{"564275000": [[1.2165466666666667, 103.86285833333334], [1.2162633333333333, 103.86256833333333], [1.2160533333333334, 103.86235833333333], [1.215525, 103.86178333333334], [1.2152883333333333, 103.86147333333334], [1.215095, 103.86123], [1.2148733333333332, 103.86092833333333], [1.2146916666666667, 103.860675], [1.2144933333333334, 103.86039333333333], [1.21429, 103.86011166666667], [1.21406, 103.85980833333333], [1.2138733333333334, 103.85956166666666]], "563005250": [[1.2161516666666667, 103.86314333333333], [1.215875, 103.86272833333334], [1.215635, 103.86235166666667], [1.215415, 103.86200833333334], [1.2151633333333334, 103.86163166666667], [1.2146866666666667, 103.86085833333334], [1.2144233333333334, 103.86042166666667], [1.2141916666666666, 103.86003], [1.21399, 103.85967833333333], [1.2137616666666666, 103.85928666666666], [1.2135333333333334, 103.85889833333333], [1.2132966666666667, 103.858505], [1.2130533333333333, 103.85807666666666], [1.2128216666666667, 103.85769333333333], [1.212605, 103.85734666666667], [1.212375, 103.85695666666666], [1.2121533333333334, 103.85656166666666], [1.2119016666666667, 103.85613333333333], [1.2116816666666668, 103.85574333333334], [1.21149, 103.85538833333334]]}
