{"631707533": [[1.21535, 103.86166], [1.2149433333333333, 103.860845], [1.2145133333333333, 103.86002666666667], [1.2133433333333334, 103.85753666666666], [1.2126866666666667, 103.85586833333333], [1.2119416666666667, 103.85412166666667], [1.2116266666666666, 103.85331], [1.2113316666666667, 103.852455], [1.2109766666666666, 103.850485], [1.2107083333333333, 103.84772666666667], [1.210795, 103.84675666666666], [1.21093, 103.84592666666667], [1.2112333333333334, 103.84354333333333], [1.211115, 103.84197833333333], [1.2109383333333332, 103.84113833333333], [1.2099433333333334, 103.83688666666667], [1.2100316666666666, 103.83514333333333], [1.21175, 103.83138833333334], [1.2122183333333334, 103.83073], [1.2148266666666667, 103.82762]], "563007320": [[1.2175316666666667, 103.86259666666666], [1.2172966666666667, 103.86232666666666], [1.2168616666666667, 103.86182], [1.2164133333333333, 103.86128333333333], [1.2161633333333333, 103.860985], [1.2159383333333333, 103.860725], [1.21554, 103.86017666666666], [1.2151116666666666, 103.859595], [1.214715, 103.85895333333333], [1.2143666666666666, 103.85836333333333], [1.2142016666666666, 103.85808833333333], [1.2138016666666667, 103.85745], [1.2134083333333334, 103.85679333333333], [1.21323, 103.85651333333334], [1.2130583333333333, 103.85623333333334], [1.2126683333333332, 103.85556333333334], [1.21231, 103.85491333333333], [1.2119733333333333, 103.85424166666667], [1.211825, 103.8539], [1.2116866666666666, 103.85355333333334], [1.211415, 103.85285333333333], [1.2111833333333333, 103.852145], [1.2109616666666667, 103.851435], [1.21073, 103.85071666666667], [1.2106183333333334, 103.85036], [1.2105166666666667, 103.84999666666667], [1.21035, 103.84925333333334], [1.2102116666666667, 103.84850166666666], [1.21006, 103.84776833333333], [1.20989, 103.84698], [1.2097583333333333, 103.84626], [1.209615, 103.8455], [1.2095333333333333, 103.84512], [1.2094383333333334, 103.844705], [1.2092883333333333, 103.84403333333333], [1.2091833333333333, 103.843585], [1.2089266666666667, 103.842485], [1.2088283333333334, 103.84177], [1.2087833333333333, 103.84135666666667], [1.2086883333333334, 103.84026666666666], [1.2085983333333334, 103.83955166666667], [1.2085316666666666, 103.83910166666666], [1.2084383333333333, 103.83798], [1.2083716666666666, 103.83731333333333], [1.2082, 103.8358], [1.208075, 103.83437166666667], [1.2080416666666667, 103.83300833333334], [1.20817, 103.83152], [1.2083166666666667, 103.83050333333334], [1.208365, 103.830115], [1.208455, 103.82944], [1.20858, 103.82877666666667], [1.2088233333333334, 103.82738], [1.2090183333333333, 103.82593166666666], [1.20975, 103.82316], [1.21025, 103.82185666666666], [1.2110666666666667, 103.81987833333334], [1.2115266666666666, 103.81890833333334], [1.2122333333333333, 103.817695], [1.21242, 103.81739166666667], [1.2131666666666667, 103.81610833333333], [1.2135166666666666, 103.81553], [1.2140866666666668, 103.81458], [1.2142533333333334, 103.81430833333333], [1.21463, 103.81371166666666], [1.216265, 103.811325], [1.2166516666666667, 103.81075], [1.2178166666666668, 103.80901666666666], [1.2186216666666667, 103.80793], [1.219005, 103.80737166666667], [1.2193666666666667, 103.80683833333333], [1.2209766666666666, 103.80460833333333], [1.22137, 103.80404833333333], [1.22311, 103.80176333333333], [1.2244266666666668, 103.799975], [1.22459, 103.79973166666667], [1.2259483333333334, 103.79802166666667], [1.2262816666666667, 103.79756], [1.2266466666666667, 103.79714166666666], [1.234575, 103.790265], [1.23517, 103.78986166666667], [1.2379283333333333, 103.78807333333333]], "563041720": [[1.21614, 103.84749333333333], [1.2161183333333334, 103.847125], [1.21605, 103.84698833333333], [1.2159416666666667, 103.84687833333334], [1.2157683333333333, 103.84687666666666], [1.2155666666666667, 103.84679833333334], [1.2154766666666668, 103.84675], [1.2169716666666666, 103.84398], [1.2199416666666667, 103.839865]], "563028450": [[1.2083733333333333, 103.85363666666667], [1.2086533333333334, 103.85413], [1.2087916666666667, 103.85438333333333], [1.2090966666666667, 103.85491333333333], [1.20923, 103.85516], [1.2095183333333333, 103.85567166666667], [1.2096766666666667, 103.85595833333333], [1.209965, 103.85648833333333], [1.2100966666666666, 103.856725], [1.210385, 103.857255], [1.2105466666666667, 103.85754833333333], [1.210675, 103.85778833333333], [1.2108366666666666, 103.85808], [1.2109683333333334, 103.85832], [1.21127, 103.85885166666667], [1.211435, 103.85914], [1.2115666666666667, 103.85938166666666], [1.2117283333333333, 103.85968166666666], [1.211855, 103.85992166666666], [1.21215, 103.86046333333333], [1.2123166666666667, 103.86076333333334], [1.212455, 103.86100166666667], [1.212615, 103.86131333333333], [1.2127466666666666, 103.86157166666666], [1.2130466666666666, 103.86217166666667], [1.2131866666666666, 103.86245], [1.2133316666666667, 103.86269833333333], [1.213505, 103.863], [1.213645, 103.86325], [1.2139666666666666, 103.86383666666667], [1.21412, 103.86411666666666], [1.21428, 103.86438166666667], [1.2144333333333333, 103.86467833333333], [1.2145716666666666, 103.86493833333333], [1.2149033333333332, 103.86553833333333], [1.2150683333333334, 103.86581666666666], [1.2152333333333334, 103.8661], [1.2154183333333333, 103.86637166666667], [1.215575, 103.86661666666667], [1.2159366666666667, 103.86720666666666], [1.2160133333333334, 103.86731666666667], [1.2160716666666667, 103.86739], [1.2161733333333333, 103.86750833333333], [1.2162666666666666, 103.86759333333333], [1.2163566666666668, 103.867675], [1.216405, 103.867715], [1.2165766666666666, 103.867845], [1.2167083333333333, 103.86793], [1.2167616666666667, 103.86796166666667], [1.2168416666666666, 103.868015], [1.21701, 103.86809833333334], [1.2172716666666668, 103.86821333333333], [1.21733, 103.868235], [1.2174466666666666, 103.86829], [1.2175066666666667, 103.86831], [1.2180516666666668, 103.86847333333333], [1.2183316666666666, 103.86853333333333], [1.2186483333333333, 103.8686], [1.219325, 103.86872666666666], [1.219965, 103.86886333333334], [1.2202616666666666, 103.868925], [1.2205916666666667, 103.868995], [1.2209583333333334, 103.86907], [1.221255, 103.869135], [1.2219533333333332, 103.869285], [1.2222533333333334, 103.86934666666667], [1.2225883333333334, 103.86942166666667], [1.2229566666666667, 103.86950166666666], [1.2239316666666666, 103.869725], [1.2249816666666666, 103.86997333333333], [1.2252883333333333, 103.870045], [1.22597, 103.87020666666666], [1.226655, 103.87036166666667], [1.2280216666666666, 103.87068166666667], [1.22871, 103.87083333333334], [1.229405, 103.870995], [1.2301, 103.87114666666666], [1.231495, 103.871465], [1.2321983333333333, 103.87162166666667], [1.2328933333333334, 103.871785], [1.2335966666666667, 103.87195166666666], [1.2343033333333333, 103.87211], [1.235005, 103.87227166666666], [1.2353566666666667, 103.87235], [1.23644, 103.87259], [1.2371116666666666, 103.87273], [1.2385516666666667, 103.87308], [1.238685, 103.87311], [1.2387533333333334, 103.87312166666666], [1.239, 103.87314833333333], [1.2392133333333333, 103.87315666666667], [1.2394633333333334, 103.87316], [1.2413233333333333, 103.87307333333334], [1.24272, 103.87281], [1.2448133333333333, 103.872375], [1.246405, 103.87199166666667], [1.246475, 103.87197666666667], [1.2468933333333334, 103.87191166666666], [1.2470283333333334, 103.87188833333333], [1.2471283333333334, 103.87188333333333], [1.2479883333333333, 103.87197166666667], [1.2481433333333334, 103.87200666666666], [1.248325, 103.87206], [1.2484466666666667, 103.87210333333333], [1.2485066666666667, 103.87212], [1.2488083333333333, 103.87220666666667], [1.2505, 103.872885], [1.2516266666666667, 103.87335666666667], [1.251865, 103.87345333333333], [1.2521283333333333, 103.87357], [1.25318, 103.874025], [1.253655, 103.874245], [1.2546366666666666, 103.87463166666667], [1.2550866666666667, 103.8748], [1.255315, 103.874885], [1.2564283333333333, 