{"566630000": [[1.212645, 103.86202], [1.2121983333333333, 103.86148666666666], [1.21205, 103.86130666666666], [1.211895, 103.86112666666666], [1.2117266666666666, 103.86092666666667], [1.2110366666666668, 103.86003333333333], [1.210855, 103.85982], [1.2108, 103.85975333333333], [1.2100883333333334, 103.85900666666667], [1.2088866666666667, 103.85820666666666]], "249982000": [[1.216785, 103.86296333333334], [1.2165633333333334, 103.86266333333333], [1.21578, 103.86156666666666], [1.2155583333333333, 103.86125333333334], [1.215335, 103.86094], [1.2151483333333333, 103.86068333333333], [1.2147333333333334, 103.86011166666667], [1.214545, 103.85985], [1.2140983333333333, 103.85923833333334], [1.2134333333333334, 103.85831833333333], [1.2132633333333334, 103.85807833333334], [1.213035, 103.857745], [1.2128283333333334, 103.85744]]}
