{"563037860": [[1.2169366666666668, 103.85191], [1.21695, 103.85193333333333], [1.2169266666666667, 103.85191333333333], [1.216925, 103.85193333333333], [1.216925, 103.851935], [1.2169166666666666, 103.85194], [1.2169166666666666, 103.85193833333334], [1.2169216666666667, 103.85194166666666], [1.2169216666666667, 103.85193333333333], [1.2169266666666667, 103.85193833333334], [1.2169316666666667, 103.85193666666666], [1.2169383333333332, 103.85194166666666]], "563733000": [[1.2147033333333332, 103.86261333333333], [1.2142966666666666, 103.86188333333334], [1.2137983333333333, 103.86114333333333], [1.213615, 103.86092166666667], [1.2133816666666666, 103.860605], [1.2125183333333334, 103.85961833333333], [1.21231, 103.85937], [1.2120933333333332, 103.85909333333333], [1.2119116666666667, 103.85887666666666], [1.21154, 103.858405], [1.211385, 103.85817], [1.2110416666666666, 103.857705], [1.210925, 103.85754833333333], [1.210785, 103.85734166666667], [1.2105716666666666, 103.85698333333333], [1.2104866666666667, 103.85683], [1.2103883333333334, 103.85667], [1.2102733333333333, 103.85652666666667], [1.210125, 103.85639166666667], [1.2100083333333334, 103.85630833333333], [1.2098383333333333, 103.85619333333334], [1.2097283333333333, 103.85610333333334], [1.2096216666666666, 103.856], [1.2095183333333333, 103.85589833333333], [1.2094066666666667, 103.85578833333334], [1.2093233333333333, 103.85569], [1.2092383333333334, 103.85556166666667], [1.2091716666666668, 103.85544666666667], [1.209005, 103.855185], [1.20891, 103.85503166666666], [1.2088333333333334, 103.85489666666666], [1.2087366666666666, 103.85472], [1.20866, 103.85457], [1.208575, 103.85439666666667], [1.208485, 103.85421], [1.208395, 103.85400333333334], [1.2083083333333333, 103.85380666666667], [1.208195, 103.85355333333334], [1.2081116666666667, 103.85328], [1.2080566666666666, 103.853045], [1.207985, 103.85275], [1.207925, 103.85250166666667], [1.2078616666666666, 103.85221666666666], [1.2077133333333334, 103.851605], [1.2076383333333334, 103.85133666666667], [1.207555, 103.85103666666667], [1.2074766666666668, 103.85076333333333], [1.2073916666666666, 103.85045333333333], [1.207295, 103.85007666666667], [1.2072166666666666, 103.84975666666666], [1.2071416666666666, 103.84947], [1.20706, 103.84914833333333], [1.2069833333333333, 103.84882333333333], [1.206905, 103.8485], [1.2068233333333334, 103.84817333333334], [1.2067266666666667, 103.84783], [1.2066666666666668, 103.84757166666667], [1.2066066666666666, 103.84720666666666], [1.2065583333333334, 103.84687166666667], [1.2065066666666666, 103.846175], [1.2065033333333333, 103.84551333333333], [1.2065016666666666, 103.84518333333334], [1.2064983333333332, 103.84488666666667], [1.2064766666666666, 103.84422166666667], [1.2064816666666667, 103.84385833333333], [1.2065166666666667, 103.843535], [1.20656, 103.84319833333333], [1.206595, 103.84289333333334], [1.2066766666666666, 103.84221333333333], [1.20672, 103.84187166666666], [1.206765, 103.841495], [1.2067966666666667, 103.84115], [1.2068233333333334, 103.84087166666667], [1.2069633333333334, 103.84008666666666], [1.2072016666666667, 103.83903166666667], [1.2075183333333332, 103.838025], [1.2076333333333333, 103.83767666666667], [1.2077483333333334, 103.83732666666667], [1.2079566666666666, 103.83664833333333], [1.208195, 103.83590166666667], [1.2082966666666666, 103.83555333333334], [1.2083933333333334, 103.83521333333333], [1.2084966666666668, 103.834875], [1.2086066666666666, 103.834565], [1.20882, 103.83397], [1.2089266666666667, 103.83368333333334], [1.20904, 103.83340333333334], [1.2091633333333334, 103.83313833333334], [1.209545, 103.832385], [1.2096666666666667, 103.83214], [1.2097933333333333, 103.831875], [1.2099, 103.83166166666666], [1.2100183333333334, 103.83143], [1.2102716666666666, 103.83100333333333], [1.2104183333333334, 103.83077666666667], [1.2105566666666667, 103.83058166666666], [1.2106983333333334, 103.83035666666666], [1.2108383333333332, 103.83013166666667], [1.211075, 103.82976], [1.21132, 103.82939666666667], [1.21178, 103.82871], [1.2119716666666667, 103.82841833333333], [1.212175, 103.82813333333333], [1.2123933333333334, 103.82786], [1.212595, 103.82763166666666], [1.2128133333333333, 103.8274], [1.2130166666666666, 103.827195], [1.213205, 103.82701], [1.213395, 103.82681833333334], [1.2135816666666666, 103.826635], [1.2137433333333334, 103.82647666666666], [1.213945, 103.826285]], "564526000": [[1.21863, 103.86289333333333], [1.2184583333333334, 103.86273333333334], [1.2182266666666666, 103.86255333333334], [1.2180466666666667, 103.86240666666667], [1.2178166666666668, 103.86222666666667], [1.2173966666666667, 103.86186666666667], [1.217215, 103.86170666666666], [1.2166733333333333, 103.86115333333333], [1.2164866666666667, 103.86094], [1.2163366666666666, 103.86076], [1.2161966666666666, 103.86058], [1.2159083333333334, 103.86016], [1.21574, 103.85993333333333], [1.2154583333333333, 103.85950666666666], [1.21531, 103.85932666666666], [1.2149833333333333, 103.85894], [1.2148183333333333, 103.85874], [1.2146433333333333, 103.85856666666666], [1.2145183333333334, 103.85842], [1.2143683333333333, 103.85825333333334], [1.2140533333333334, 103.85791333333333], [1.2139066666666667, 103.85772], [1.2136716666666667, 103.85734], [1.2135483333333332, 103.85713333333334], [1.213455, 103.85693333333333], [1.21334, 103.85670666666667], [1.2132366666666667, 103.85651333333334], [1.2130516666666666, 103.85615333333334], [1.21294, 103.85596], [1.21273, 103.8556], [1.2126266666666667, 103.85545333333333], [1.2124116666666667, 103.85516], [1.2122716666666666, 103.85498], [1.21217, 103.85485333333334], [1.21207, 103.85469333333333], [1.21197, 103.85454666666666], [1.21173, 103.85426666666666], [1.21159, 103.85415333333333], [1.211455, 103.85407333333333], [1.2112783333333332, 103.85400666666666], [1.2110983333333334, 103.85397333333333], [1.2109133333333333, 103.85392666666667], [1.2107333333333334, 103.85387333333334], [1.210555, 103.85381333333333], [1.2104566666666667, 103.85376], [1.2103416666666666, 103.85371333333333], [1.2102633333333332, 103.85363333333333], [1.2102216666666668, 103.85356666666667], [1.2101816666666667, 103.85345333333333], [1.2102, 103.85338666666667], [1.2102116666666667, 103.85332], [1.210215, 103.85326], [1.2102266666666666, 103.85314666666666], [1.2102233333333334, 103.85301333333334], [1.2102133333333334, 103.85296666666666], [1.210175, 103.85288666666666], [1.210135, 103.85283333333334], [1.2100933333333332, 103.85278666666666], [1.20999, 103.85267333333333], [1.2099366666666667, 103.85264], [1.20987, 103.85257333333334], [1.2098183333333334, 103.85250666666667], [1.209775, 103.85244666666667], [1.2097366666666667, 103.85236], [1.2097183333333332, 103.8523], [1.2097166666666668, 103.85223333333333], [1.209725, 103.85187333333333], [1.2097183333333332, 103.85178], [1.20973, 103.85169333333333], [1.20976, 103.85142], [1.2097716666666667, 103.85134], [1.2097966666666666, 103.85116], [1.2098383333333333, 103.85101333333333], [1.209845, 103.85091333333334], [1.209845, 103.85083333333333], [1.2097283333333333, 103.85039333333333], [1.2097033333333334, 103.85032666666666], [1.2095933333333333, 103.85008666666667], [1.2095133333333334, 103.84987333333333], [1.209475, 103.84977333333333], [1.2093633333333333, 103.84948], [1.2092783333333332, 103.84922], [1.2092616666666667, 103.84912666666666], [1.2092216666666666, 103.8488], [1.20917, 103.84844], [1.2089716666666666, 103.84780666666667], [1.20897, 103.84770666666667], [1.208995, 103.84746666666666], [1.2089966666666667, 103.84736666666667], [1.209025, 103.84714], [1.209035, 103.84704], [1.2090733333333334, 103.84679333333334], [1.209125, 103.84636], [1.2091516666666666, 103.84614666666667], [1.2091766666666666, 103.84596666666667]],