{"563270000": [[1.21253, 103.86138], [1.2123616666666666, 103.860985], [1.2121716666666666, 103.86055166666667], [1.2119616666666666, 103.86008333333334], [1.2117966666666666, 103.8597], [1.21143, 103.8588], [1.2112733333333334, 103.858415], [1.2111066666666668, 103.85799166666666], [1.2109166666666666, 103.85753333333334], [1.2107566666666667, 103.85716], [1.2103866666666667, 103.85629833333333], [1.21023, 103.85593166666666], [1.2100633333333333, 103.85552166666666], [1.2098883333333332, 103.85508166666666], [1.20976, 103.85471166666666], [1.2094616666666667, 103.853835], [1.2093383333333334, 103.85345166666667], [1.209195, 103.85297833333334], [1.2090683333333334, 103.85254333333333], [1.20895, 103.85215], [1.2086766666666666, 103.85121666666667], [1.20856, 103.85081], [1.2084183333333334, 103.85031], [1.208285, 103.84985333333333], [1.2081683333333333, 103.84944], [1.2079, 103.84846], [1.207775, 103.84804], [1.2076166666666666, 103.84752666666667], [1.2073733333333334, 103.84662], [1.207115, 103.84560833333333], [1.2069183333333333, 103.84462333333333], [1.2067633333333334, 103.84367166666667], [1.206675, 103.84311833333334], [1.2066066666666666, 103.84261333333333], [1.2065033333333333, 103.84159], [1.2064666666666666, 103.84061666666666], [1.2064766666666666, 103.84005333333333], [1.2065666666666666, 103.83746333333333], [1.2066216666666667, 103.83694666666666], [1.2066833333333333, 103.83643], [1.20681, 103.83539333333333], [1.20694, 103.83434833333334], [1.207075, 103.83330666666667], [1.20723, 103.83225666666667], [1.2073816666666666, 103.83120333333333], [1.2075333333333333, 103.83014833333333], [1.2076166666666666, 103.82962], [1.2076883333333333, 103.829145], [1.2077733333333334, 103.828565], [1.2078516666666668, 103.828035], [1.2079333333333333, 103.827505], [1.208015, 103.82697666666667], [1.20818, 103.82597], [1.2083666666666666, 103.82485166666666], [1.2084533333333334, 103.82432], [1.2085433333333333, 103.82378666666666], [1.208825, 103.8222], [1.2089116666666666, 103.82167333333334], [1.2090983333333334, 103.82063833333333], [1.2091883333333333, 103.82013166666667], [1.2094533333333333, 103.818635], [1.2096283333333333, 103.81766166666667], [1.209705, 103.81723], [1.2098683333333333, 103.81622833333333], [1.2099383333333333, 103.815755], [1.21008, 103.81482], [1.2102666666666666, 103.81390333333333], [1.2104333333333333, 103.81306], [1.21065, 103.81214666666666]], "352321000": [[1.2124583333333334, 103.86059], [1.21213, 103.85968666666666], [1.2118116666666667, 103.85882], [1.211475, 103.85792666666667], [1.2111666666666667, 103.857015], [1.2108633333333334, 103.85609333333333], [1.21058, 103.855175], [1.2100383333333333, 103.85256833333334], [1.210025, 103.85238666666666], [1.2100216666666668, 103.85225], [1.2100166666666667, 103.85211166666667], [1.2100016666666666, 103.85183333333333], [1.2099866666666668, 103.85151166666667]], "563005270": [[1.2084383333333333, 103.85296666666666]], "564688000": [[1.215985, 103.862895], [1.2157183333333332, 103.86257], [1.2154366666666667, 103.862205], [1.2149383333333332, 103.86152833333334], [1.2147433333333333, 103.86125333333334], [1.21447, 103.86087166666667], [1.2142016666666666, 103.86049833333334], [1.21395, 103.86014666666667], [1.21347, 103.85943833333333], [1.2132833333333333, 103.85915166666666], [1.2130283333333334, 103.858755], [1.2127716666666666, 103.85835666666667], [1.212545, 103.85798833333334], [1.2121116666666667, 103.85724333333333], [1.211745, 103.85652166666667], [1.211555, 103.85609666666667], [1.21139, 103.8557], [1.2108683333333334, 103.854125], [1.2107483333333333, 103.85367666666667], [1.2106516666666667, 103.85326], [1.210565, 103.85284], [1.210345, 103.85161166666667], [1.2102683333333333, 103.851145], [1.210205, 103.850715], [1.2101433333333333, 103.85028166666666], [1.2099683333333333, 103.849], [1.2098383333333333, 103.84812166666667], [1.209665, 103.84656666666666], [1.2096133333333334, 103.84618], [1.2093683333333334, 103.84433333333334], [1.2093233333333333, 103.84397833333334], [1.20924, 103.84323666666667], [1.2091933333333333, 103.84287333333333], [1.2091216666666667, 103.84219666666667], [1.20909, 103.841845], [1.2089833333333333, 103.84074833333334], [1.2089116666666666, 103.840075], [1.2088883333333333, 103.83976166666666], [1.2088366666666666, 103.83864333333334], [1.2087916666666667, 103.83798666666667], [1.2087716666666666, 103.837675], [1.2087216666666667, 103.83657666666667], [1.2086983333333334, 103.83592166666666], [1.2086916666666667, 103.83561833333333], [1.2086733333333333, 103.83454166666667], [1.2086716666666666, 103.83389666666666], [1.2086683333333332, 103.83359], [1.2086733333333333, 103.83253333333333], [1.208685, 103.831855], [1.2087366666666666, 103.83049166666666], [1.20877, 103.82982], [1.208785, 103.82944333333333], [1.208805, 103.829145], [1.2088283333333334, 103.82878166666667], [1.2088483333333333, 103.82848], [1.2088933333333334, 103.82780333333334], [1.20892, 103.82743166666667], [1.208945, 103.82713], [1.20898, 103.82676166666667]], "525004055": [[1.21709, 103.86279833333333], [1.2156866666666666, 103.861155], [1.214475, 103.859415], [1.214005, 103.85878666666666], [1.2135716666666667, 103.85816], [1.2127283333333334, 103.85695166666666], [1.21171, 103.85506166666667], [1.2112466666666666, 103.85367333333333], [1.2110733333333332, 103.85287666666666], [1.2109483333333333, 103.85221833333334], [1.2106783333333333, 103.85070166666667], [1.21055, 103.84993333333334], [1.2104216666666667, 103.84913], [1.2103066666666666, 103.84840333333334], [1.2100233333333332, 103.84602333333333], [1.2092733333333334, 103.84047]], "525012027": [[1.2120883333333334, 103.861275], [1.2120233333333332, 103.85926], [1.2117416666666667, 103.85629166666666], [1.2116, 103.85524], [1.2114416666666667, 103.85426166666667], [1.2113, 103.85324333333334], [1.21115, 103.852255], [1.2110083333333332, 103.85123333333334], [1.21075, 103.84914], [1.210115, 103.84591333333333], [1.20974, 103.84482333333334], [1.20947, 103.84398666666667]],