{"563008760": [[1.208045, 103.85455833333333], [1.2086883333333334, 103.85677833333334], [1.2091516666666666, 103.85887666666666], [1.210295, 103.86294833333334], [1.2111183333333333, 103.864775], [1.2119966666666666, 103.86663], [1.2130566666666667, 103.86825666666667], [1.21328, 103.86851666666666], [1.2143416666666667, 103.86938833333333], [1.2183266666666666, 103.87066], [1.2194916666666666, 103.87075833333333], [1.2206433333333333, 103.87081666666667], [1.2227583333333334, 103.87084333333334], [1.2238016666666667, 103.87076833333333], [1.2247633333333334, 103.87059], [1.2257816666666668, 103.87035833333333], [1.22678, 103.87003666666666], [1.22774, 103.86964333333333], [1.228695, 103.869145]], "563003350": [[1.2174583333333333, 103.86303333333333], [1.2173133333333332, 103.86283333333333], [1.2171416666666666, 103.86257166666667], [1.2167983333333334, 103.86204], [1.2162466666666667, 103.86126], [1.2160466666666667, 103.861015], [1.2156083333333334, 103.860555], [1.2151133333333333, 103.86007333333333], [1.2149333333333334, 103.8599], [1.2146883333333334, 103.85967], [1.21427, 103.85927333333333], [1.2138266666666666, 103.85879166666666], [1.21349, 103.858345], [1.21315, 103.85787833333333], [1.2127283333333334, 103.85734333333333], [1.2125366666666666, 103.85714333333334], [1.2122583333333334, 103.85691833333334], [1.2117183333333332, 103.85668333333334], [1.2111516666666666, 103.85663], [1.2108783333333333, 103.85663333333333], [1.2105933333333334, 103.85664], [1.2100333333333333, 103.85657166666667], [1.20967, 103.85648], [1.209505, 103.85642833333333], [1.2093183333333333, 103.856365], [1.2089816666666666, 103.85625666666667], [1.208685, 103.85609666666667], [1.2085883333333334, 103.85602833333333], [1.2084783333333333, 103.85593166666666], [1.2083, 103.85569], [1.2080983333333333, 103.85543166666666], [1.2080083333333334, 103.855335], [1.2078883333333332, 103.85521666666666], [1.2076466666666668, 103.854975], [1.2074483333333332, 103.85475], [1.207385, 103.85466], [1.2073166666666666, 103.85455], [1.207225, 103.85429333333333], [1.2071183333333333, 103.85404666666666], [1.2070333333333334, 103.853845], [1.20697, 103.85363333333333], [1.2069033333333334, 103.853445], [1.2068766666666666, 103.85336833333334], [1.2068516666666667, 103.85327166666667], [1.2068166666666666, 103.85305], [1.2067683333333334, 103.85281833333333], [1.20675, 103.85273666666667], [1.20662, 103.85239166666666], [1.206455, 103.85221], [1.206305, 103.85204333333333], [1.2061116666666667, 103.85183333333333], [1.205945, 103.85163166666666], [1.205865, 103.85151333333333], [1.2057933333333333, 103.851405], [1.20563, 103.85115333333333], [1.2054583333333333, 103.85088833333333], [1.2053883333333333, 103.850755], [1.205335, 103.85066333333333], [1.20516, 103.85044666666667], [1.2049366666666668, 103.85022], [1.204845, 103.85014166666667], [1.2047333333333334, 103.85004833333333], [1.204485, 103.84985166666667], [1.2042466666666667, 103.84966666666666], [1.2041783333333334, 103.84958833333333], [1.2041333333333333, 103.84948833333333], [1.20402, 103.84907333333334], [1.204005, 103.848995], [1.20399, 103.8489], [1.2039716666666667, 103.84850333333333], [1.203945, 103.84839833333334], [1.203925, 103.848305], [1.2038433333333334, 103.84808], [1.2037516666666668, 103.8479], [1.2037033333333333, 103.84779666666667], [1.203655, 103.84769333333334], [1.203565, 103.84750166666667], [1.2034866666666666, 103.84730833333333], [1.20344, 103.84719333333334], [1.2034016666666667, 103.84710166666666], [1.2033416666666668, 103.84688666666666], [1.2033216666666666, 103.84670333333334], [1.203285, 103.84652166666666], [1.203215, 103.84634166666666], [1.2030116666666666, 103.845915], [1.202945, 103.84569833333333], [1.2027166666666667, 103.84521333333333], [1.2026516666666667, 103.84497833333333], [1.2025116666666666, 103.844485], [1.2024366666666666, 103.84422666666667], [1.2022833333333334, 103.84372833333333], [1.2021816666666667, 103.84342], [1.2020116666666667, 103.84286166666666], [1.2018433333333334, 103.84260333333333], [1.2015783333333334, 103.84205166666666], [1.2014166666666666, 103.84173833333334], [1.2012983333333334, 103.84145833333334], [1.2011833333333333, 103.84110666666666], [1.201105, 103.84081833333333], [1.2010116666666666, 103.840505], [1.2009, 103.84013333333333], [1.2008333333333334, 103.83985], [1.2007533333333333, 103.83950666666667], [1.2006266666666667, 103.83913833333334], [1.20053, 103.838845], [1.20043, 103.83853], [1.2003283333333334, 103.83818666666667], [1.20023, 103.83790333333333], [1.200165, 103.83762333333334], [1.2000716666666666, 103.83733833333334], [1.199835, 103.83679333333333], [1.199715, 103.83651833333333], [1.1996083333333334, 103.8362], [1.1995183333333332, 103.83590666666667], [1.1994483333333332, 103.83559333333334], [1.1991, 103.83461666666666], [1.1989583333333333, 103.83427666666667], [1.1988383333333332, 103.83395], [1.198685, 103.83361166666667], [1.1985266666666667, 103.83328166666666], [1.1984283333333334, 103.83297166666667], [1.1983683333333333, 103.83278833333334], [1.19831, 103.83262], [1.1982183333333334, 103.83227333333333], [1.198135, 103.83198666666667], [1.1980866666666667, 103.83184833333334], [1.1979916666666666, 103.83166666666666], [1.197845, 103.83134166666666], [1.19774, 103.831015], [1.1976833333333334, 103.83090333333334], [1.1976066666666667, 103.83072166666666], [1.1974733333333334, 103.83041333333334], [1.1973416666666667, 103.8301], [1.1971533333333333, 103.82946333333334], [1.1970316666666667, 103.82915166666666], [1.1969016666666668, 103.8288], [1.1967866666666667, 103.82845666666667], [1.1966683333333332, 103.82813333333333]], "636018680": [[1.2153, 103.8627], [1.21475, 103.86183333333334], [1.21425, 103.86101666666667], [1.2139166666666668, 103.86051666666667], [1.2136833333333332, 103.86018333333334], [1.2124666666666666, 103.8586], [1.2120833333333334, 103.85815], [1.21115, 103.85716666666667], [1.2104666666666666, 103.85653333333333], [1.21005, 103.85615], [1.2097666666666667, 103.85593333333334], [1.2087666666666668, 103.85518333333333], [1.20835, 103.85486666666667], [1.2079833333333334, 103.85451666666667], [1.2078833333333334, 103.8544], [1.2077, 103.85418333333334], [1.2076, 103.85406666666667], [1.2074333333333334, 103.85381666666666], [1.2074, 103.85375], [1.2073166666666666, 103.85361666666667], [1.20725, 103.85348333333333], [1.2072, 103.85335], [1.2067833333333333, 103.85231666666667], [1.2067, 103.85205], [1.2065666666666666, 103.85166666666667], [1.2063833333333334, 103.85103333333333], [1.2062, 103.85035], [1.206, 103.84968333333333], [1.2059333333333333, 103.84941666666667], [1.2056833333333334, 103.84833333333333], [1.2056166666666666, 103.84806666666667], [1.2055333333333333, 103.84771666666667], [1.20525, 103.84633333333333], [1.20525, 103.84568333333333], [1.2052833333333333, 103.8444], [1.2053, 103.84375], [1.2053166666666666, 103.84268333333333], [1.2053166666666666, 103.84243333333333], [1.2053, 103.84176666666667], [1.2053, 103.84036666666667], [1.2052833333333333, 103.83966666666667], [1.2052166666666666, 103.83826666666667], [1.2051666666666667, 103.8376], [1.2051333333333334, 103.83688333333333], [1.2053166666666666, 103.83546666666666], [1.2053833333333333, 103.83505], [1.2054333333333334, 103.83476666666667], [1.2055166666666666, 103.83433333333333], [1.2057166666666668, 103.83326666666666], [1.2057666666666667, 103.83296666666666], [1.20585, 103.83251666666666]], "631993088": [[1.2106933333333334, 103.85068], [1.2112116666666666, 103.85311166666666], [1.21215, 103.85489833333334], [1.2134016666666667, 103.856085], [1.2140433333333334, 103.856685], [1.214375, 103.85734666666667], [1.2163416666666667, 103.860605], [1.217465, 103.86211166666666], [1.2195616666666667, 103.86545333333333], [1.22034, 103.86716333333334], [1.2210116666666666, 103.869125], [1.22826, 103.87913666666667]],