{"525005341": [[1.21034, 103.85964666666666], [1.20987, 103.85839833333333], [1.209445, 103.85733666666667], [1.2077033333333334, 103.85290166666667], [1.207035, 103.85072], [1.2067533333333333, 103.84950666666667], [1.2065533333333334, 103.84843], [1.20634, 103.847295], [1.2059183333333334, 103.84448166666667], [1.2117183333333332, 103.82643833333333]], "566601000": [[1.2145783333333333, 103.86268333333334], [1.213915, 103.86172], [1.2137183333333332, 103.86143166666666], [1.2134816666666666, 103.86107166666666], [1.2132766666666666, 103.86074166666667], [1.21308, 103.86040833333334], [1.2126883333333334, 103.859725], [1.2125233333333334, 103.85943333333333], [1.2123133333333334, 103.85905333333334], [1.2121416666666667, 103.85871666666667], [1.2119716666666667, 103.85838166666667], [1.211625, 103.85771666666666], [1.2114716666666667, 103.85741666666667], [1.2112783333333332, 103.85705166666666], [1.2111066666666668, 103.85672333333333], [1.2109433333333333, 103.85639833333333], [1.21076, 103.85610166666666], [1.210555, 103.85581666666667], [1.2103533333333334, 103.85556666666666], [1.2101216666666668, 103.85525666666666], [1.2097, 103.85468166666666], [1.209505, 103.854405], [1.2093083333333334, 103.85412333333333], [1.20914, 103.85383833333333], [1.2089866666666667, 103.85355166666666], [1.208845, 103.85326666666667], [1.2087066666666666, 103.85298333333333], [1.2085683333333332, 103.85270666666666], [1.2084433333333333, 103.85242333333333], [1.2083333333333333, 103.85214666666667], [1.2082383333333333, 103.85187], [1.20815, 103.851545], [1.2080833333333334, 103.85128], [1.20799, 103.85100333333334], [1.20789, 103.85069833333333], [1.2077866666666666, 103.850415], [1.2076833333333334, 103.85012666666667], [1.207575, 103.84981333333333], [1.2074866666666666, 103.84955666666667], [1.2072916666666667, 103.84898666666666], [1.2071866666666666, 103.848705], [1.207095, 103.848455], [1.2069766666666666, 103.84811833333333], [1.2068883333333333, 103.84786333333334], [1.206805, 103.847565], [1.2067216666666667, 103.84729666666667], [1.20663, 103.84702833333333], [1.2065383333333333, 103.846775], [1.2063583333333334, 103.84618], [1.2062683333333333, 103.845885], [1.2061666666666666, 103.845595], [1.2060833333333334, 103.84531333333334], [1.2059916666666666, 103.84503166666667], [1.2058, 103.84447333333334], [1.2056933333333333, 103.84416], [1.20547, 103.84359], [1.2053683333333334, 103.84330166666666], [1.2051683333333334, 103.842715], [1.2047883333333333, 103.84150333333334], [1.2042333333333333, 103.83994833333334], [1.2041283333333332, 103.839655], [1.2035433333333334, 103.83812333333333], [1.203435, 103.83785166666667], [1.2033133333333332, 103.83755333333333], [1.2030316666666667, 103.83688666666667], [1.2029116666666666, 103.83661333333333], [1.2027883333333333, 103.83631333333334], [1.2026833333333333, 103.83604166666667], [1.2025616666666668, 103.83573833333334], [1.2022883333333334, 103.83504166666667], [1.2021983333333333, 103.83476666666667], [1.2020933333333332, 103.834465], [1.20199, 103.83418], [1.2018733333333333, 103.83386], [1.2016016666666667, 103.83318], [1.2013616666666667, 103.832585], [1.2012483333333333, 103.83230833333333], [1.20113, 103.83199666666667], [1.2008616666666667, 103.83132666666667], [1.20062, 103.83073666666667], [1.2005016666666666, 103.83045333333334], [1.20038, 103.83014166666666], [1.2000966666666666, 103.82945333333333], [1.1998566666666666, 103.82885666666667], [1.1996516666666666, 103.82826666666666], [1.1994166666666666, 103.827635], [1.1991883333333333, 103.82695166666667], [1.1989816666666666, 103.82635833333333], [1.1987483333333333, 103.82574], [1.1984766666666666, 103.82509333333333], [1.1983566666666667, 103.82481333333334], [1.1982333333333333, 103.82451], [1.19808, 103.82416833333333], [1.1979583333333332, 103.82387666666666], [1.197675, 103.82321833333333], [1.19755, 103.82292833333334], [1.1971066666666668, 103.82202333333333], [1.1964716666666666, 103.82084], [1.1963183333333334, 103.82055333333334], [1.1961833333333334, 103.820295], [1.196005, 103.81997], [1.19584, 103.819675], [1.195695, 103.81942833333333], [1.1955083333333334, 103.81914], [1.195355, 103.81888], [1.195195, 103.818585], [1.1949233333333333, 103.81804333333334], [1.1946483333333333, 103.81747], [1.1942333333333333, 103.81662166666666], [1.1941066666666666, 103.81634666666666], [1.1939683333333333, 103.816085], [1.1936866666666666, 103.81561666666667], [1.1936866666666666, 103.81561666666667], [1.193435, 103.81471], [1.1934266666666666, 103.81462333333333], [1.1934183333333332, 103.81450833333334], [1.1934083333333334, 103.81433], [1.1934, 103.814125], [1.193605, 103.81237666666667], [1.1936416666666667, 103.81208333333333], [1.19369, 103.81175166666667], [1.1938383333333333, 103.81055333333333], [1.1938683333333333, 103.809895], [1.1939, 103.80805666666667], [1.1937566666666666, 103.80656833333333], [1.1936116666666667, 103.805], [1.1935183333333332, 103.80308166666667], [1.1936933333333333, 103.80146666666667], [1.1937316666666666, 103.80115666666667], [1.1941816666666667, 103.79964833333334], [1.1942966666666666, 103.79944833333333], [1.19441, 103.79923], [1.1946633333333334, 103.79888666666666], [1.1951233333333333, 103.79825166666667], [1.19585, 103.79720333333333], [1.19718, 103.79452], [1.1973316666666667, 103.79405333333334], [1.197465, 103.79361666666667], [1.197585, 103.79336833333333], [1.1977783333333334, 103.792965], [1.19782, 103.79282833333333], [1.1980233333333334, 103.79253333333334], [1.1981583333333334, 103.79231333333334], [1.19848, 103.79182], [1.19867, 103.79155833333333], [1.1991, 103.79113666666667], [1.2003166666666667, 103.790345], [1.2009033333333334, 103.79012833333333], [1.2017733333333334, 103.78985166666666], [1.20207, 103.78975833333334], [1.2028666666666668, 103.78952333333334]],