{"414728000": [[1.2103816666666667, 103.860065], [1.2102066666666667, 103.85959333333334], [1.21004, 103.85917833333333], [1.209865, 103.858665], [1.2097216666666666, 103.85824333333333], [1.2095733333333334, 103.857775], [1.2094366666666667, 103.857355], [1.20925, 103.85679333333333], [1.2091283333333334, 103.85636833333334], [1.208975, 103.85585], [1.2088516666666667, 103.855425], [1.2085916666666667, 103.85452166666667], [1.2084366666666666, 103.85394666666667], [1.2083233333333334, 103.85351833333333], [1.2081683333333333, 103.853], [1.20804, 103.85257833333333], [1.2078233333333332, 103.85168166666666], [1.2077133333333334, 103.85115666666667], [1.207515, 103.85015], [1.20743, 103.84972333333333], [1.2072716666666667, 103.848815], [1.2069683333333334, 103.84729333333334], [1.20692, 103.84686833333333], [1.2068466666666666, 103.84596666666667], [1.2067583333333334, 103.84401], [1.2067316666666668, 103.843095], [1.206725, 103.842565], [1.20669, 103.84112], [1.2066533333333334, 103.84019166666667], [1.2066433333333333, 103.839655], [1.2065716666666666, 103.83818], [1.2065366666666666, 103.83724333333333], [1.2064566666666667, 103.83521833333333], [1.206425, 103.83472166666667], [1.2063883333333334, 103.83427333333333], [1.20635, 103.83372666666666], [1.2063466666666667, 103.832175], [1.2063283333333332, 103.83128], [1.2063466666666667, 103.83073166666667], [1.2064283333333334, 103.82974166666666], [1.2064966666666668, 103.82919666666666], [1.2065566666666667, 103.82874833333334], [1.20663, 103.8282], [1.20669, 103.82775166666667], [1.206805, 103.82674666666666], [1.20687, 103.82618666666667], [1.2069416666666666, 103.82573166666667], [1.2070516666666666, 103.825175], [1.207145, 103.82472333333334], [1.2074766666666668, 103.82313], [1.20758, 103.82268833333333], [1.20771, 103.82214666666667], [1.207815, 103.82170166666667], [1.2081916666666668, 103.82015], [1.2083, 103.81969333333333], [1.208435, 103.81911666666667]], "565512000": [[1.2163016666666666, 103.86304833333334], [1.2158416666666667, 103.86231333333333], [1.2156633333333333, 103.861985], [1.215445, 103.86157833333333], [1.2152316666666667, 103.86121666666666], [1.2150216666666667, 103.8609], [1.2147733333333333, 103.86056166666667], [1.21448, 103.860195], [1.2142283333333332, 103.85990666666666], [1.2139066666666667, 103.85956166666666], [1.2136116666666668, 103.85925], [1.21334, 103.85897166666666], [1.2130283333333334, 103.85866833333333], [1.2126683333333332, 103.85834833333334], [1.21236, 103.858105], [1.211985, 103.85781833333333], [1.2116366666666667, 103.85756333333333], [1.2113266666666667, 103.857335], [1.2109933333333334, 103.857075], [1.2106516666666667, 103.856775], [1.2103966666666666, 103.856515], [1.21012, 103.85617833333333], [1.2096983333333333, 103.85557833333333], [1.209315, 103.85490666666666], [1.20918, 103.854615], [1.20903, 103.85425833333333], [1.2087966666666667, 103.85364333333334], [1.2085683333333332, 103.852965], [1.2084833333333334, 103.85267666666667], [1.2083916666666668, 103.852325], [1.208235, 103.85171666666666], [1.2080633333333333, 103.851085], [1.2079683333333333, 103.85077333333334], [1.20787, 103.850425], [1.2077116666666667, 103.849815], [1.2075333333333333, 103.849175], [1.20743, 103.84886], [1.2073183333333333, 103.84851333333333], [1.2072433333333332, 103.84822], [1.2071716666666668, 103.84789333333333], [1.20703, 103.84723333333334], [1.20697, 103.84690166666667], [1.2069216666666667, 103.84653333333333], [1.2069, 103.84623666666667], [1.206875, 103.84589333333334]], "477195100": [[1.2098916666666666, 103.85970333333333], [1.209665, 103.85928666666666], [1.2093033333333334, 103.85865666666666], [1.20906, 103.85825666666666], [1.2088616666666667, 103.85795333333333], [1.2086283333333334, 103.85761666666667], [1.2084216666666667, 103.85732166666666], [1.2082133333333334, 103.85703333333333], [1.20778, 103.85646666666666], [1.2074733333333334, 103.85605666666666], [1.20706, 103.85548], [1.206785, 103.85511166666667], [1.2066066666666666, 103.854865], [1.2063783333333333, 103.85453833333334], [1.2062083333333333, 103.85429333333333], [1.205975, 103.85396], [1.20555, 103.85334333333333], [1.2053, 103.85297], [1.2048833333333333, 103.852355], [1.204655, 103.85202333333334], [1.2044566666666667, 103.85173333333333], [1.2042283333333332, 103.85140333333334], [1.20383, 103.85083333333333], [1.2034016666666667, 103.85023], [1.2031966666666667, 103.84995], [1.2029616666666667, 103.84963333333333], [1.202695, 103.84928166666667], [1.2024833333333333, 103.84900833333333], [1.2022433333333333, 103.84869666666667], [1.202005, 103.84838666666667], [1.2015966666666666, 103.84785], [1.2013583333333333, 103.84753666666667], [1.20112, 103.84722166666667], [1.200945, 103.84698833333333], [1.200685, 103.84663666666667], [1.200455, 103.84632166666667], [1.200345, 103.846165], [1.20026, 103.84604833333333], [1.2000016666666666, 103.84569833333333], [1.1988916666666667, 103.84427666666667], [1.1984583333333334, 103.84374], [1.1981166666666667, 103.84332166666667], [1.19768, 103.84278666666667], [1.196545, 103.84136833333334], [1.19612, 103.84082833333333], [1.1957533333333332, 103.84037333333333], [1.1953383333333334, 103.83987833333333], [1.1941333333333333, 103.83850666666666], [1.1937083333333334, 103.83803333333333], [1.1932783333333334, 103.837555], [1.1916883333333332, 103.83573833333334], [1.19117, 103.83514], [1.19081, 103.83472833333333], [1.1903533333333334, 103.83420666666666], [1.1892116666666666, 103.83289333333333], [1.1887216666666667, 103.832325], [1.1883966666666668, 103.83195], [1.187935, 103.83142166666667], [1.18668, 103.830005], [1.1854316666666667, 103.82860166666667], [1.184165, 103.8272], [1.1833866666666666, 103.82629666666666], [1.183005, 103.82583833333334], [1.1817466666666667, 103.824295], [1.181, 103.82337333333334], [1.1805933333333334, 103.82285666666667], [1.1794166666666666, 103.82135666666667], [1.1790216666666666, 103.820845], [1.1786033333333332, 103.82029], [1.1783016666666666, 103.81988333333334], [1.1764433333333333, 103.817265], [1.1761516666666667, 103.816855], [1.1753733333333334, 103.815695], [1.1750116666666666, 103.81514166666666], [1.1746633333333334, 103.81459166666667], [1.1743416666666666, 103.81408333333333], [1.1740516666666667, 103.81362], [1.17336, 103.81246333333333], [1.1730366666666667, 103.81189666666667], [1.1727183333333333, 103.81133333333334], [1.1723833333333333, 103.81072333333333], [1.172145, 103.81028833333333], [1.1714983333333333, 103.809105], [1.17121, 103.808585], [1.1709033333333334, 103.80801666666666], [1.1705983333333334, 103.80744666666666], [1.1703633333333334, 103.80701], [1.1694633333333333, 103.80528833333334], [1.1689283333333333, 103.80412166666666], [1.1680216666666667, 103.801815], [1.1674783333333334, 103.80002666666667], [1.1669816666666666, 103.79822833333333], [1.1666266666666667, 103.79694666666667], [1.16601, 103.79460333333333], [1.1650866666666666, 103.79102666666667], [1.1644666666666668, 103.78865], [1.1641316666666666, 103.78741], [1.1631183333333333, 103.783805], [1.1621533333333334, 103.780195], [1.16203, 103.779715], [1.1612466666666668, 103.77657833333333], [1.1609216666666666, 103.77537833333334], [1.15974, 103.77179], [1.1525866666666666, 103.75890333333334], [1.149735, 103.754815]], "563005620": [[1.2089233333333333, 103.85790333333334], [1.2089483333333333, 103.85746], [1.2089933333333334, 103.857025], [1.2090566666666667, 103.85660333333334], [1.2091433333333332, 103.856165], [1.20924, 103.85575833333333], [1.2092933333333333, 103.85557166666666]],