{"566007000": [[1.2083233333333334, 103.85651166666666], [1.2085916666666667, 103.85709666666666], [1.2088783333333333, 103.857715], [1.2089916666666667, 103.857995], [1.2091216666666667, 103.85830333333334]], "563766000": [[1.208035, 103.85459333333333], [1.2082616666666666, 103.85505166666667], [1.2083533333333334, 103.85526833333333], [1.2086716666666666, 103.85597], [1.2088333333333334, 103.856485], [1.2089016666666668, 103.85671666666667], [1.209275, 103.85801333333333], [1.20931, 103.85826166666666], [1.2095033333333334, 103.85899], [1.2096833333333334, 103.85947833333333], [1.2100283333333333, 103.860195], [1.2101433333333333, 103.86039833333334], [1.2102616666666666, 103.86061833333333], [1.210395, 103.860845], [1.210835, 103.86153166666666], [1.2109566666666667, 103.86173], [1.2110933333333334, 103.86195666666667], [1.2112433333333332, 103.86218166666667], [1.2115333333333334, 103.86266666666667], [1.2116716666666667, 103.86289833333333], [1.2117983333333333, 103.86310166666667], [1.211955, 103.86333], [1.21211, 103.86355833333333], [1.212605, 103.864185], [1.2127466666666666, 103.86437666666667], [1.2129066666666666, 103.86459], [1.2130683333333334, 103.86479833333334], [1.2134183333333333, 103.865225], [1.2137233333333333, 103.86564833333334], [1.213885, 103.86586666666666], [1.2140816666666667, 103.866095], [1.2144283333333334, 103.86649666666666], [1.2146083333333333, 103.86667833333334], [1.214815, 103.866865], [1.2149666666666668, 103.86704333333333], [1.2151633333333334, 103.86726333333333], [1.2155316666666667, 103.867675], [1.215855, 103.86810666666666], [1.2162716666666666, 103.868465], [1.2166983333333334, 103.86884666666667], [1.2169166666666666, 103.86902166666667], [1.2175483333333332, 103.86958], [1.2179566666666666, 103.869945], [1.2181683333333333, 103.87011166666667], [1.218385, 103.87029166666666], [1.2188133333333333, 103.870675], [1.2190416666666666, 103.87085166666667], [1.2192466666666666, 103.87103166666667], [1.2194733333333334, 103.87122166666667], [1.2196866666666666, 103.87141166666666], [1.2201133333333334, 103.87179166666667], [1.220335, 103.87197166666667], [1.22056, 103.87215], [1.2207883333333334, 103.87232666666667], [1.2210216666666667, 103.8725], [1.2212266666666667, 103.87265166666667], [1.2214816666666666, 103.87283166666667], [1.221695, 103.87301166666667], [1.2221366666666666, 103.87337833333333], [1.2223533333333334, 103.87355833333334], [1.2227633333333334, 103.87396166666667], [1.2229616666666667, 103.874155], [1.2233883333333333, 103.87451333333334], [1.2236233333333333, 103.874675], [1.223835, 103.87482], [1.2241066666666667, 103.87498666666667], [1.2243633333333332, 103.87512666666667]], "565551000": [[1.2152733333333334, 103.86289166666667], [1.2151083333333332, 103.86259], [1.2144933333333334, 103.86159166666667], [1.2141483333333334, 103.86096333333333], [1.2140066666666667, 103.86071166666666], [1.2138166666666668, 103.86036833333333], [1.21349, 103.85964166666666], [1.2131983333333334, 103.85897166666666], [1.2130883333333333, 103.85870166666666], [1.2129283333333334, 103.85834166666666], [1.2126333333333332, 103.85766666666666], [1.2123816666666667, 103.857005], [1.2122616666666666, 103.85668166666666], [1.21212, 103.85633833333333], [1.2119583333333332, 103.85597833333334], [1.21182, 103.85565333333334], [1.2115216666666666, 103.85499], [1.2113833333333333, 103.85472166666666], [1.2112433333333332, 103.85439333333333], [1.211135, 103.85409833333334]], "565299000": [[1.2146566666666667, 103.86231666666667], [1.2142616666666666, 103.861465], [1.2139283333333333, 103.86072166666666], [1.2135333333333334, 103.85984833333333], [1.2131716666666668, 103.85898333333333], [1.2128216666666667, 103.85824], [1.212455, 103.85734833333333], [1.2121083333333333, 103.85645333333333], [1.2114533333333333, 103.85482], [1.2111716666666668, 103.85392333333333], [1.2106483333333333, 103.85226166666666], [1.2104166666666667, 103.85135833333334], [1.2099733333333333, 103.84966833333333], [1.2097566666666666, 103.84874], [1.209405, 103.84702333333334], [1.2088533333333333, 103.84437333333334], [1.2086766666666666, 103.84345], [1.2083783333333333, 103.84171833333333], [1.208225, 103.840785], [1.2079033333333333, 103.83651166666667], [1.20793, 103.83480833333333], [1.2084233333333334, 103.82976], [1.2085483333333333, 103.828895], [1.20896, 103.82640666666667], [1.2091166666666666, 103.82564833333333], [1.2096316666666667, 103.82322833333333], [1.2099983333333333, 103.82086833333334]], "563021470": [[1.2181666666666666, 103.86309666666666], [1.2170666666666667, 103.86199666666667], [1.2159733333333334, 103.86087833333333], [1.2122416666666667, 103.85546833333333], [1.2113233333333333, 103.85247666666666], [1.210515, 103.84922666666667], [1.2094033333333334, 103.84298666666666], [1.2092216666666666, 103.83986833333333], [1.2089133333333333, 103.83613166666666], [1.2092866666666666, 103.82777333333334]], "563037860": [[1.2169266666666667, 103.851905], [1.2169333333333334, 103.85190666666666], [1.2169166666666666, 103.85190666666666], [1.216935, 103.851905], [1.2169166666666666, 103.85190666666666], [1.2169216666666667, 103.85190833333333], [1.2169116666666666, 103.851905], [1.216935, 103.85191333333333], [1.216925, 103.851915], [1.2169183333333333, 103.85190833333333], [1.2169166666666666, 103.85191]], "566474000": [[1.2162466666666667, 103.86285666666667], [1.2155983333333333, 103.86209666666667], [1.2153333333333334, 103.86178666666666], [1.215035, 103.86143833333334], [1.214475, 103.86079166666667], [1.21383, 103.86001333333333], [1.21285, 103.858695], [1.2128016666666666, 103.85861833333334], [1.21231, 103.857755], [1.2121266666666666, 103.85739333333333], [1.211525, 103.85610666666666], [1.211195, 103.85527666666667], [1.2110483333333333, 103.854865], [1.2106766666666666, 103.85368166666666], [1.2105816666666667, 103.85325833333333], [1.210505, 103.85284], [1.2103533333333334, 103.852055], [1.2101816666666667, 103.85118], [1.20989, 103.849525], [1.209715, 103.84864666666667], [1.2094933333333333, 103.84738666666667], [1.20927, 103.84609833333333], [1.2091883333333333, 103.84566833333334], [1.20901, 103.84482166666666], [1.20893, 103.84444333333333], [1.208685, 103.84316], [1.20852, 103.84238666666667], [1.2084433333333333, 103.84204333333334], [1.2082083333333333, 103.840905], [1.2080516666666667, 103.84013833333333], [1.2077883333333332, 103.83872833333334], [1.2075816666666668, 103.83766333333334], [1.2072433333333332, 103.83619333333333], [1.2072133333333332, 103.83596833333333], [1.2071933333333333, 103.83573333333334], [1.20718, 103.83555666666666], [1.2072733333333334, 103.83238833333333], [1.2073033333333334, 103.832045], [1.2078516666666668, 103.82742833333333], [1.20794, 103.826815], [1.2097966666666666, 103.820915]],