{"563027860": [[1.209235, 103.85858], [1.20996, 103.859555], [1.2107616666666667, 103.86044666666666], [1.2115316666666667, 103.86130166666666], [1.2132566666666666, 103.86283166666666], [1.2142033333333333, 103.86366333333334], [1.2159733333333334, 103.86507], [1.21928, 103.867755], [1.2226333333333332, 103.87043], [1.2241483333333334, 103.87193166666667], [1.224885, 103.87272833333333], [1.2282366666666666, 103.87719666666666], [1.22958, 103.87903333333334], [1.2345533333333334, 103.88672333333334], [1.2377, 103.89284]], "563034300": [[1.2166666666666666, 103.86205333333334], [1.2164416666666666, 103.86172666666667], [1.2161516666666667, 103.86132166666667], [1.21561, 103.86057166666667], [1.2151383333333334, 103.85983333333333], [1.214915, 103.85950666666666], [1.2146583333333334, 103.85913], [1.2141483333333334, 103.85836666666667], [1.2139366666666667, 103.85805], [1.2136716666666667, 103.85769833333333], [1.2134266666666667, 103.857395], [1.2131566666666667, 103.85701833333333], [1.2126183333333334, 103.85632666666666], [1.212385, 103.85602833333333], [1.21214, 103.85573166666667], [1.21192, 103.85545666666667], [1.21163, 103.85512666666666], [1.2110233333333333, 103.85457833333334], [1.21074, 103.854365], [1.2100833333333334, 103.85391166666666], [1.2098083333333334, 103.85366666666667], [1.209535, 103.85342333333334], [1.208625, 103.85237666666667], [1.208345, 103.851825], [1.2081933333333332, 103.85123166666666], [1.2081133333333334, 103.85068666666666], [1.208075, 103.85038666666667], [1.2080333333333333, 103.85008333333333], [1.2079783333333334, 103.84944833333333], [1.20791, 103.84887333333333], [1.2078816666666667, 103.84856333333333], [1.2078416666666667, 103.84826166666667], [1.2077866666666666, 103.84761166666667], [1.2077816666666668, 103.84702166666666], [1.2077966666666666, 103.84640166666667], [1.207845, 103.84518], [1.207875, 103.84456166666666], [1.2079033333333333, 103.84390833333333], [1.20795, 103.84329], [1.2079833333333334, 103.84297166666667], [1.2080166666666667, 103.84265666666667], [1.2080916666666666, 103.84197166666667], [1.2081033333333333, 103.84167333333333], [1.208125, 103.84133333333334], [1.2081983333333333, 103.84034666666666], [1.2082366666666666, 103.83969833333333], [1.208265, 103.839365], [1.2082933333333334, 103.83899333333333], [1.2083066666666666, 103.83866333333333], [1.20833, 103.83795833333333], [1.2083116666666667, 103.83766333333334], [1.208315, 103.83734666666666], [1.2083116666666667, 103.83663], [1.2082783333333333, 103.83559166666667], [1.2082716666666666, 103.83526666666667], [1.2082216666666667, 103.83450166666667], [1.2081633333333333, 103.83348], [1.2081533333333334, 103.83314833333333], [1.2080766666666667, 103.832375], [1.208065, 103.83206333333334], [1.2080383333333333, 103.83134333333334], [1.208045, 103.82881], [1.2081566666666668, 103.82725], [1.20817, 103.82691833333334], [1.2081833333333334, 103.82657833333333], [1.2081733333333333, 103.82532833333333], [1.2081433333333333, 103.82427833333334], [1.2081383333333333, 103.82380166666667], [1.208185, 103.82197666666667], [1.2082066666666667, 103.82153166666667], [1.208885, 103.81692666666666], [1.2092, 103.815565], [1.2094116666666668, 103.81487833333334], [1.2100483333333334, 103.81362833333333], [1.21042, 103.81303166666666], [1.2112416666666668, 103.81184166666667], [1.21168, 103.81126833333333], [1.2121266666666666, 103.81072333333333], [1.2123583333333334, 103.810445], [1.212595, 103.810155], [1.21306, 103.80959833333333], [1.2144583333333334, 103.80794], [1.2149266666666667, 103.80741166666667], [1.2158666666666667, 103.80624333333333], [1.217685, 103.80405833333333], [1.2204533333333334, 103.80053333333333], [1.221415, 103.79936333333333], [1.2233916666666667, 103.79717166666667], [1.224415, 103.79606833333334], [1.2278633333333333, 103.79335166666667], [1.22859, 103.79291666666667], [1.2305683333333333, 103.79177666666666], [1.2311866666666667, 103.79140333333334], [1.2318116666666667, 103.791045], [1.2322, 103.7908], [1.23252, 103.79060166666666], [1.234135, 103.78963333333333], [1.2344616666666666, 103.78944333333334], [1.2350733333333332, 103.78908166666666], [1.2421666666666666, 103.78483833333334], [1.243385, 103.78406666666666], [1.2478483333333332, 103.78130333333333], [1.2483966666666666, 103.78088166666667], [1.2489516666666667, 103.78046166666667], [1.2495783333333332, 103.77999166666666], [1.2575366666666667, 103.77271333333333], [1.260125, 103.77003166666667]]}
