{"631929660": [[1.2094283333333333, 103.852865], [1.2094816666666666, 103.85389833333333], [1.20999, 103.85491333333333], [1.211085, 103.856265], [1.2112466666666666, 103.85678833333333], [1.2117133333333334, 103.85785166666666], [1.211965, 103.858325], [1.212755, 103.86365333333333], [1.2120283333333333, 103.86477833333333]], "564406000": [[1.2080566666666666, 103.85488833333334], [1.2082016666666666, 103.85511166666667], [1.208635, 103.855805], [1.20879, 103.85606833333334], [1.2089233333333333, 103.85627833333334], [1.2090683333333334, 103.856515], [1.2096633333333333, 103.85749], [1.2105366666666666, 103.85889166666666], [1.2108133333333333, 103.85930666666667], [1.21098, 103.859565], [1.211265, 103.86001333333333], [1.2114533333333333, 103.86029], [1.2116033333333334, 103.86049833333334], [1.2117466666666667, 103.86070666666667], [1.2119283333333333, 103.860965], [1.21226, 103.86140333333333], [1.2126366666666666, 103.86188], [1.2128016666666666, 103.86208333333333], [1.2130116666666666, 103.862325], [1.213215, 103.86253666666667], [1.2134, 103.86273166666666], [1.2136383333333334, 103.86299666666666], [1.2138166666666668, 103.86319833333333], [1.214205, 103.86365333333333], [1.2145833333333333, 103.86409], [1.2148066666666666, 103.86434166666666], [1.215445, 103.86502333333334], [1.215665, 103.86523666666666], [1.2158666666666667, 103.86542666666666], [1.2168166666666667, 103.86631166666666], [1.2170433333333333, 103.866535], [1.21728, 103.86675], [1.2175083333333334, 103.86697333333333], [1.21772, 103.86717166666666], [1.218205, 103.86764166666667], [1.2186783333333333, 103.86808166666667], [1.2191483333333333, 103.868485], [1.2195666666666667, 103.86885166666667], [1.21967, 103.86893166666667], [1.2198283333333333, 103.869045], [1.2199366666666667, 103.86911666666667], [1.2199933333333333, 103.86915166666667], [1.2202166666666667, 103.869285], [1.220385, 103.86938166666667], [1.2207583333333334, 103.86958666666666], [1.2210783333333333, 103.86975], [1.221375, 103.869885], [1.2219783333333334, 103.87014166666667], [1.22256, 103.87037], [1.2231983333333334, 103.87062666666667], [1.2238183333333332, 103.87087333333334], [1.2241266666666666, 103.87099333333333], [1.2244216666666667, 103.87108666666667], [1.2247716666666666, 103.87118833333334], [1.2250966666666667, 103.87127833333334], [1.225455, 103.87137333333334], [1.22575, 103.87144666666667], [1.2263766666666667, 103.87155666666666], [1.226735, 103.87161], [1.22706, 103.87166333333333], [1.2274233333333333, 103.87171833333333], [1.22772, 103.87175833333333], [1.2283783333333333, 103.87184833333333], [1.229045, 103.87191166666666], [1.2297033333333334, 103.871975], [1.2300333333333333, 103.87200166666666], [1.2303583333333334, 103.87203], [1.23102, 103.87208], [1.2319766666666667, 103.87213333333334], [1.232665, 103.87217666666666], [1.232995, 103.87219], [1.2336616666666667, 103.87219333333333], [1.2349766666666666, 103.87225666666667], [1.235645, 103.87227333333334], [1.2369616666666667, 103.87241666666667], [1.2376183333333333, 103.87250166666666], [1.23791, 103.87253], [1.23959, 103.87271], [1.23995, 103.87275333333334], [1.2408933333333334, 103.87289833333334], [1.241185, 103.872935], [1.2415466666666666, 103.87298333333334], [1.2428583333333334, 103.87312], [1.2431516666666667, 103.87315166666667], [1.2435133333333332, 103.87318666666667], [1.2438733333333334, 103.87321166666666], [1.2448333333333332, 103.87327666666667], [1.2451333333333334, 103.87330166666666], [1.2454933333333333, 103.87334333333334], [1.2458516666666666, 103.87339], [1.2465133333333334, 103.87349333333333], [1.2467666666666666, 103.873555], [1.2474116666666666, 103.873765], [1.2477483333333332, 103.87386166666667], [1.248375, 103.87404833333333], [1.24862, 103.874125], [1.2492683333333334, 103.87434333333333], [1.2502016666666667, 103.87471666666667], [1.2504366666666666, 103.874825]], "209339000": [[1.2156033333333334, 103.86296166666666], [1.2154433333333334, 103.86259333333334], [1.2152816666666666, 103.86222166666667], [1.2146216666666667, 103.86069666666667], [1.2144566666666667, 103.86030666666667], [1.2142916666666668, 103.85991], [1.2141066666666667, 103.85946833333334], [1.2136033333333334, 103.85827333333333], [1.2134216666666666, 103.85785166666666], [1.2132316666666667, 103.85742833333333], [1.21302, 103.85695666666666], [1.21244, 103.85568166666667], [1.2122266666666666, 103.85523666666667], [1.2120083333333334, 103.85478833333333], [1.21178, 103.854285], [1.2112433333333332, 103.852915], [1.2110683333333334, 103.85243166666666], [1.2109016666666668, 103.85194166666666], [1.2107316666666668, 103.85139166666667], [1.2102833333333334, 103.849925], [1.2101266666666666, 103.84941333333333], [1.2099533333333334, 103.84884833333334], [1.2097866666666666, 103.84833666666667], [1.20947, 103.84735833333333], [1.2091916666666667, 103.84630333333334], [1.2090516666666666, 103.84571833333334], [1.2089216666666667, 103.845185], [1.2086766666666666, 103.84416666666667], [1.2084733333333333, 103.843085], [1.2083533333333334, 103.84194666666667], [1.2082783333333333, 103.84091333333333], [1.2082166666666667, 103.83981833333333], [1.2081533333333334, 103.83867166666667], [1.2081283333333332, 103.83818166666667], [1.2081083333333333, 103.83763833333333], [1.2080366666666666, 103.83542], [1.208015, 103.834405], [1.2080066666666667, 103.83386833333333], [1.2079766666666667, 103.83222], [1.207965, 103.831215], [1.20796, 103.83068666666667], [1.207955, 103.83010833333333], [1.2079483333333334, 103.82905], [1.2079266666666666, 103.82752666666667], [1.2079083333333334, 103.82695166666667], [1.2079133333333334, 103.82591166666667], [1.2080533333333334, 103.82385666666667], [1.20815, 103.822835], [1.2082783333333333, 103.82135333333333], [1.208325, 103.82079166666666], [1.2084466666666667, 103.81983], [1.20883, 103.81778666666666], [1.2090133333333333, 103.81684833333334], [1.20944, 103.81483333333334], [1.2096316666666667, 103.8139], [1.2100483333333334, 103.81189], [1.210445, 103.80998666666666], [1.2108533333333333, 103.80804666666667], [1.2110433333333332, 103.807075], [1.2112533333333333, 103.80605833333334], [1.2117766666666667, 103.80422], [1.2122, 103.80330333333333], [1.212595, 103.80247333333334], [1.213055, 103.80162666666666], [1.2138833333333334, 103.80045666666666], [1.21416, 103.80006333333333], [1.216665, 103.79712833333333], [1.2174083333333334, 103.79644166666667], [1.2177416666666667, 103.796165], [1.2181516666666667, 103.79582833333333], [1.2188716666666666, 103.795255], [1.2200233333333332, 103.79435], [1.2204416666666666, 103.79400666666666], [1.2228583333333334, 103.79233833333333], [1.2245383333333333, 103.79135666666667], [1.224965, 103.79111833333333], [1.2253866666666666, 103.790875], [1.227075, 103.78993833333334], [1.22749, 103.78971], [1.2279, 103.78948833333334], [1.2294733333333334, 103.788605], [1.2298516666666666, 103.78838666666667], [1.2302216666666668, 103.78816833333333], [1.2309066666666666, 103.78775666666667], [1.2316516666666666, 103.787345], [1.2323566666666668, 103.78700333333333], [1.2337283333333333, 103.786375], [1.2340683333333333, 103.78625], [1.2344066666666667, 103.78614166666667], [1.2350466666666666, 103.78597666666667], [1.2357433333333334, 103.785815], [1.2364033333333333, 103.78567166666667], [1.23673, 103.78559833333334], [1.2383333333333333, 103.78521333333333]],