{"564375000": [[1.2080616666666666, 103.85466166666667], [1.2081766666666667, 103.85496166666667], [1.2083033333333333, 103.8553], [1.208555, 103.85597], [1.2086816666666667, 103.85630166666667], [1.2088266666666667, 103.85666833333333], [1.208945, 103.85696333333334], [1.209085, 103.85732833333333], [1.2093316666666667, 103.85795166666666], [1.209465, 103.85828166666667], [1.2095916666666666, 103.85860666666666], [1.2097216666666666, 103.85893833333333], [1.2098616666666666, 103.85930333333333], [1.2101266666666666, 103.85992], [1.21027, 103.86024], [1.2104083333333333, 103.860565], [1.2105483333333333, 103.86089], [1.210705, 103.861245], [1.210995, 103.86185333333333], [1.2111383333333334, 103.86217833333333], [1.2112783333333332, 103.8625], [1.21132, 103.86259333333334], [1.2113666666666667, 103.86269], [1.2114266666666667, 103.86281333333334], [1.2116116666666668, 103.86314], [1.21171, 103.86327333333334], [1.2118616666666666, 103.86344333333334], [1.2119566666666666, 103.86353666666666], [1.21203, 103.86360166666667]], "477958300": [[1.2129666666666667, 103.86185], [1.21275, 103.86111666666666], [1.2124166666666667, 103.85993333333333], [1.2122666666666666, 103.85945], [1.2120333333333333, 103.85871666666667], [1.2118333333333333, 103.85796666666667], [1.2117333333333333, 103.85746666666667], [1.21145, 103.85616666666667], [1.2113666666666667, 103.85566666666666], [1.2112333333333334, 103.85491666666667], [1.2111333333333334, 103.85441666666667], [1.2109833333333333, 103.85366666666667], [1.21075, 103.85248333333334], [1.21065, 103.85198333333334], [1.2105166666666667, 103.85123333333334], [1.2104166666666667, 103.85073333333334], [1.2102666666666666, 103.84998333333333], [1.2100333333333333, 103.84875], [1.2099333333333333, 103.84825], [1.2097833333333334, 103.84751666666666], [1.2091666666666667, 103.84461666666667], [1.2090166666666666, 103.84388333333334], [1.2087666666666668, 103.84276666666666], [1.20835, 103.8408], [1.2082, 103.84006666666667], [1.2080833333333334, 103.83956666666667], [1.2079166666666667, 103.83881666666667], [1.2077333333333333, 103.83756666666666], [1.2076833333333334, 103.83706666666667], [1.2076, 103.83638333333333], [1.2075333333333333, 103.83588333333333], [1.2074333333333334, 103.83513333333333], [1.2072666666666667, 103.83388333333333], [1.2072, 103.83338333333333], [1.2070833333333333, 103.83263333333333], [1.2070166666666666, 103.83213333333333], [1.2068833333333333, 103.83011666666667], [1.2068666666666668, 103.82961666666667], [1.2068333333333334, 103.82888333333334], [1.2068333333333334, 103.82838333333333], [1.2068333333333334, 103.8277], [1.2069, 103.82658333333333], [1.20695, 103.82583333333334], [1.2070166666666666, 103.82508333333334], [1.2071, 103.82385], [1.2074, 103.82146666666667], [1.2076, 103.82033333333334], [1.2076666666666667, 103.81993333333334], [1.2078666666666666, 103.81883333333333], [1.2081833333333334, 103.81708333333333], [1.2083, 103.81645], [1.2084333333333332, 103.81561666666667], [1.20865, 103.8146], [1.2088166666666667, 103.81401666666666], [1.2089166666666666, 103.81361666666666], [1.2092166666666666, 103.81253333333333]], "563774000": [[1.2088033333333332, 103.85245333333333], [1.20893, 103.85271166666666], [1.2090383333333334, 103.85292166666666], [1.2095533333333333, 103.85384333333333], [1.2096916666666666, 103.85410166666666], [1.209815, 103.854305], [1.2100983333333333, 103.85478666666667], [1.2103233333333334, 103.85524666666667], [1.2104533333333334, 103.85551], [1.21056, 103.85572333333333], [1.2108266666666667, 103.856215], [1.2110916666666667, 103.85666833333333], [1.2112233333333333, 103.85689833333333], [1.2113383333333334, 103.85710666666667], [1.2114766666666668, 103.85736166666666], [1.2116033333333334, 103.857595], [1.211855, 103.85805833333333], [1.21198, 103.85828833333333], [1.21209, 103.85849833333333], [1.2122283333333332, 103.85875666666666], [1.21236, 103.85899], [1.2126266666666667, 103.85945333333333], [1.21276, 103.85968], [1.2128883333333333, 103.85988333333333], [1.2130466666666666, 103.860125], [1.2131866666666666, 103.86034666666667], [1.2134583333333333, 103.860805], [1.2135716666666667, 103.860985], [1.2137283333333333, 103.86123166666667], [1.2138883333333332, 103.86147833333334], [1.2140233333333332, 103.86170666666666], [1.2143033333333333, 103.86217], [1.2144083333333333, 103.86235833333333], [1.21456, 103.86261166666667], [1.214715, 103.86286166666666], [1.21486, 103.863085], [1.2150033333333334, 103.86328], [1.21518, 103.863515], [1.2153066666666668, 103.86368833333333], [1.21548, 103.86392333333333], [1.2156483333333334, 103.86416166666666], [1.215805, 103.86438666666666], [1.2159483333333334, 103.864585], [1.2161216666666668, 103.86481], [1.21645, 103.86523666666666], [1.2168033333333332, 103.86565], [1.2169616666666667, 103.86583333333333], [1.2171583333333333, 103.86606166666667], [1.2172983333333334, 103.86622833333334], [1.217515, 103.866465], [1.2178766666666667, 103.86686166666667], [1.21804, 103.86703666666666], [1.21822, 103.86723333333333], [1.2183766666666667, 103.86741], [1.2185733333333333, 103.86766166666666], [1.2188766666666666, 103.868095], [1.2190083333333332, 103.86829], [1.2191566666666667, 103.86851166666666], [1.2192916666666667, 103.86871166666667], [1.21996, 103.86957166666667], [1.2202966666666666, 103.86994], [1.2204966666666666, 103.87015666666667], [1.2208616666666667, 103.87057666666666], [1.2210266666666667, 103.87076166666667], [1.22137, 103.87113833333333], [1.221565, 103.87135333333333], [1.221725, 103.87153333333333], [1.2219533333333332, 103.87176166666667], [1.2221216666666668, 103.87193666666667], [1.2223033333333333, 103.872135], [1.22247, 103.872315], [1.2226733333333333, 103.87253333333334], [1.2228566666666667, 103.87273166666667], [1.2230666666666667, 103.87295], [1.2232366666666667, 103.873125], [1.2234316666666667, 103.87331666666667], [1.2236083333333334, 103.87349], [1.22383, 103.87369333333334], [1.22426, 103.87406833333333], [1.224455, 103.87422], [1.2246633333333334, 103.874395], [1.2248533333333333, 103.87455666666666], [1.2250716666666666, 103.87476], [1.22527, 103.87495166666666], [1.2254633333333333, 103.87514166666666], [1.2256566666666666, 103.87534], [1.2258433333333334, 103.87553833333334], [1.2260183333333334, 103.87571333333334], [1.2262516666666667, 103.87594666666666], [1.2264266666666668, 103.87612], [1.2266233333333334, 103.876315], [1.2268116666666666, 103.87650833333333], [1.227, 103.87670666666666], [1.2271733333333332, 103.87688166666666], [1.2274066666666668, 103.877115], [1.2275833333333332, 103.877285], [1.2277883333333333, 103.877475], [1.22799, 103.87766333333333], [1.2281833333333334, 103.877855], [1.2283533333333334, 103.87803166666667], [1.2285816666666667, 103.87826666666666], [1.2287516666666667, 103.87844666666666], [1.2289433333333333, 103.878645], [1.229135, 103.87885], [1.2293283333333334, 103.87905333333333], [1.2294916666666666, 103.87924166666667], [1.2297083333333334, 103.87948333333334], [1.2298816666666668, 103.87966166666666], [1.2300566666666666, 103.87986833333333], [1.2304016666666666, 103.88029], [1.2305433333333333, 103.88049833333334], [1.2307566666666667, 103.88075333333333], [1.2309133333333333, 103.88094333333333], [1.2310866666666667, 103.88115666666667], [1.2312483333333333, 103.88134833333334], [1.2314533333333333, 103.88156666666667], [1.231845, 103.88199666666667], [1.2320083333333334, 103.88217833333333], [1.2322016666666666, 103.88237833333334], [1.2323733333333333, 103.88255333333333], [1.2325866666666667, 103.88276833333333], [1.2327733333333333, 103.88293833333333], [1.233015, 103.88316666666667], [1.23318, 103.88334666666667], [1.2333633333333334, 103.88354666666666], [1.233535, 103.88372833333334], [1.2337466666666668, 103.883945], [1.2339166666666668, 103.884125], [1.2341283333333333, 103.88434833333334], [1.2343216666666668, 103.884545], [1.2345016666666666, 103.88475], [1.23467, 103.884935], [1.2348933333333334, 