{"563037860": [[1.21691, 103.85190833333333], [1.2169016666666668, 103.85190833333333], [1.2169083333333333, 103.85191166666667], [1.2169116666666666, 103.85191666666667], [1.2169016666666668, 103.85191166666667], [1.2169116666666666, 103.85191], [1.2169066666666666, 103.85191166666667], [1.2169083333333333, 103.85190833333333], [1.2169166666666666, 103.85191333333333], [1.2169183333333333, 103.85191], [1.2169033333333332, 103.85191166666667], [1.2169116666666666, 103.85190666666666], [1.216915, 103.85190666666666], [1.2169066666666666, 103.851905], [1.2169, 103.85191333333333], [1.216925, 103.8519]], "566824000": [[1.20828, 103.85607166666667], [1.208475, 103.85645], [1.2086616666666667, 103.85678], [1.2089033333333334, 103.85716833333333], [1.209095, 103.85744], [1.2094183333333333, 103.85783166666667], [1.2096966666666666, 103.85813833333333], [1.2099866666666668, 103.858425], [1.2102483333333334, 103.85867166666667], [1.2105583333333334, 103.85896833333334], [1.2107933333333334, 103.85917833333333], [1.2111716666666668, 103.85946333333334], [1.211485, 103.85967833333333], [1.211785, 103.85993833333333], [1.212015, 103.86014333333334], [1.2123533333333334, 103.86045], [1.2125566666666667, 103.86067], [1.212815, 103.86101], [1.213015, 103.86130333333334], [1.2132083333333334, 103.86161166666666], [1.2133583333333333, 103.861865], [1.213575, 103.86226166666667], [1.213725, 103.86252666666667], [1.21393, 103.86293], [1.2141016666666666, 103.86325], [1.2142766666666667, 103.86357166666667], [1.2144233333333334, 103.86380333333334], [1.2147066666666666, 103.86412833333333], [1.2149183333333333, 103.86430166666666], [1.2152516666666666, 103.86456], [1.215785, 103.86501333333334], [1.2159533333333334, 103.86523166666667], [1.2161516666666667, 103.86560166666666], [1.2162583333333334, 103.86586], [1.216375, 103.86627166666666], [1.2165066666666666, 103.866975], [1.21653, 103.86735], [1.2165333333333332, 103.867735], [1.2165366666666666, 103.86804666666667], [1.2165316666666666, 103.86850666666666], [1.2166633333333334, 103.869635], [1.21677, 103.87000833333333], [1.2168633333333334, 103.87030666666666], [1.2170533333333333, 103.87072666666667], [1.2177933333333333, 103.87199166666667], [1.2179616666666666, 103.87224], [1.2181966666666666, 103.87263166666666], [1.2188, 103.87357333333334], [1.2190183333333333, 103.87384], [1.2196016666666667, 103.87438666666667], [1.22045, 103.87509333333334], [1.2207066666666666, 103.87531666666666], [1.2209566666666667, 103.87554833333333], [1.2213, 103.87584666666666], [1.222185, 103.876545], [1.2224366666666666, 103.87679], [1.222665, 103.877025], [1.2229683333333334, 103.87734333333333], [1.22345, 103.87782166666666], [1.2240283333333333, 103.87839333333334], [1.2246366666666666, 103.878935], [1.2249016666666668, 103.87917], [1.2252183333333333, 103.87947], [1.2254783333333332, 103.87971166666667], [1.2260983333333333, 103.88029], [1.22664, 103.88082833333333], [1.2269633333333334, 103.88113833333334], [1.2275083333333334, 103.88169166666667], [1.2278016666666667, 103.88201666666667], [1.2283133333333334, 103.88262], [1.228615, 103.88295166666667], [1.22885, 103.883235], [1.229115, 103.883565], [1.229405, 103.88393], [1.230215, 103.88489666666666], [1.2304633333333332, 103.88517833333333], [1.2310483333333333, 103.88584666666667], [1.231565, 103.88645], [1.232085, 103.88710666666667], [1.23262, 103.88778], [1.233655, 103.88911], [1.2341916666666666, 103.889785], [1.2347266666666668, 103.89049], [1.2352316666666667, 103.891185], [1.2357216666666666, 103.891885], [1.2367133333333333, 103.89327166666666], [1.2372416666666666, 103.89395166666667], [1.237785, 103.894655], [1.2380916666666666, 103.89503], [1.2383333333333333, 103.89533], [1.23887, 103.89600833333333], [1.2394, 103.896715], [1.2396766666666668, 103.89711], [1.2399183333333332, 103.89743833333333]], "525100933": [[1.213345, 103.86219333333334], [1.2132616666666667, 103.86186666666667], [1.213155, 103.86148], [1.2130066666666666, 103.86080666666666], [1.2129266666666667, 103.86043333333333], [1.2128316666666668, 103.86004666666666], [1.21275, 103.85973333333334], [1.21265, 103.85934666666667], [1.2125683333333332, 103.85902], [1.2124783333333333, 103.85866], [1.2123983333333332, 103.85830666666666], [1.212305, 103.85791333333333], [1.2121216666666668, 103.85721333333333]],