{"525100095": [[1.21202, 103.859665], [1.2117016666666667, 103.85892666666666], [1.2113783333333332, 103.85819166666667], [1.2106633333333334, 103.85661166666667], [1.2097083333333334, 103.85400333333334], [1.2094166666666666, 103.85310166666666], [1.2088666666666668, 103.85122166666666], [1.20778, 103.84723166666667], [1.2075566666666666, 103.846195], [1.2073666666666667, 103.84515], [1.2061233333333334, 103.83879333333333], [1.2060133333333334, 103.83694833333334], [1.2059633333333333, 103.83514833333334], [1.2058233333333332, 103.833275], [1.2084533333333334, 103.81808833333334]], "566630000": [[1.21525, 103.86188], [1.21577, 103.86228666666666], [1.2163916666666668, 103.86292], [1.21665, 103.86326666666666], [1.2171716666666668, 103.86399333333334], [1.2190316666666667, 103.86661333333333], [1.219365, 103.86695333333333], [1.2197333333333333, 103.86727333333333], [1.2209733333333332, 103.86846666666666], [1.2218816666666668, 103.86963333333334], [1.2220216666666666, 103.86984], [1.222325, 103.87026], [1.2228266666666667, 103.87083333333334], [1.2229916666666667, 103.87100666666667], [1.223165, 103.87118666666667], [1.223335, 103.87136666666666], [1.223695, 103.87174666666667], [1.224085, 103.87212666666667], [1.2254066666666668, 103.87375333333334], [1.225755, 103.87416], [1.22594, 103.87435333333333], [1.2261233333333332, 103.87454666666666], [1.2263066666666667, 103.87473333333334], [1.2265016666666666, 103.87492666666667], [1.226895, 103.87528], [1.22709, 103.87546], [1.227285, 103.87565333333333], [1.2274616666666667, 103.87585333333334], [1.2276383333333334, 103.87603333333334], [1.2279783333333334, 103.87644], [1.2281383333333333, 103.87664], [1.2283033333333333, 103.87683333333334], [1.2284766666666667, 103.87702666666667], [1.2286583333333334, 103.87722666666667], [1.2290016666666668, 103.87760666666667], [1.230025, 103.87874], [1.2301816666666667, 103.87892], [1.230705, 103.87950666666667], [1.2313566666666667, 103.88021333333333], [1.2338716666666667, 103.88302666666667], [1.23406, 103.88320666666667], [1.2352483333333333, 103.88418], [1.2356683333333334, 103.88451333333333], [1.2369116666666666, 103.88549333333333], [1.2411, 103.88984], [1.241755, 103.89027333333334], [1.2419583333333333, 103.89037333333333], [1.2457083333333334, 103.89173333333333], [1.24704, 103.89256], [1.2474633333333334, 103.89288], [1.24766, 103.89303333333334], [1.24873, 103.89379333333333], [1.2489366666666666, 103.89394666666666], [1.2500016666666667, 103.89474], [1.2504366666666666, 103.89504], [1.2517183333333333, 103.89598666666667], [1.253, 103.89692666666667], [1.2542966666666666, 103.89782666666666], [1.255575, 103.89875333333333], [1.256895, 103.89963333333333], [1.2573616666666667, 103.89988666666666], [1.2583333333333333, 103.90037333333333], [1.26173, 103.90292666666667], [1.26341, 103.90428666666666], [1.2641766666666667, 103.90504], [1.2645533333333334, 103.90542], [1.26551, 103.90642], [1.265695, 103.90661333333334], [1.2658616666666667, 103.90680666666667], [1.266615, 103.90764666666666], [1.2692766666666666, 103.91136666666667], [1.2703666666666666, 103.91328], [1.27083, 103.91423333333333], [1.27162, 103.91564], [1.27176, 103.91587333333334], [1.2721783333333334, 103.91656], [1.2732916666666667, 103.91846666666666], [1.2735816666666666, 103.91892], [1.2738683333333334, 103.91938], [1.2748083333333333, 103.92193333333333], [1.278345, 103.92734]], "563024500": [[1.2145633333333334, 103.86281166666667], [1.2143233333333334, 103.86233666666666], [1.2138466666666667, 103.86136833333333], [1.21361, 103.860935], [1.21334, 103.86041166666666], [1.213095, 103.85992], [1.2128766666666666, 103.85948166666667], [1.2126683333333332, 103.85903666666667], [1.212535, 103.85879166666666], [1.2124583333333334, 103.85864333333333], [1.21237, 103.858435], [1.2121833333333334, 103.85797666666667], [1.2119516666666668, 103.85742], [1.21175, 103.85694666666667], [1.211555, 103.85644333333333]], "525018437": [[1.2182816666666667, 103.862585], [1.2171316666666667, 103.86153333333333], [1.2166, 103.86103166666666], [1.2161416666666667, 103.86049666666666], [1.21517, 103.8593], [1.214515, 103.85861666666666], [1.2139966666666666, 103.85807666666666], [1.2112333333333334, 103.85391], [1.2105316666666666, 103.852355], [1.2098733333333334, 103.85076166666667], [1.207855, 103.84385333333333], [1.207435, 103.84202166666667], [1.20715, 103.84027833333333], [1.206935, 103.83858666666667], [1.2066783333333333, 103.83284666666667], [1.2068, 103.83055166666666], [1.2083316666666666, 103.823525], [1.2087266666666667, 103.82233], [1.20951, 103.817245]], "564974000": [[1.2085433333333333, 103.85419], [1.2086133333333333, 103.85432166666666], [1.2087416666666666, 103.85456833333333], [1.2088216666666667, 103.85473], [1.2088816666666666, 103.85485333333334], [1.2089383333333332, 103.85498]], "563008480": [[1.217815, 103.862415], [1.21778, 103.86237333333334], [1.2166466666666667, 103.861405], [1.21662, 103.86136333333333], [1.2160733333333333, 103.86079333333333], [1.215625, 103.86017], [1.2156133333333334, 103.86019333333333], [1.2146916666666667, 103.85888666666666], [1.2146766666666666, 103.85883666666666], [1.2141883333333334, 103.858255], [1.212015, 103.85554666666667], [1.2115866666666666, 103.85493], [1.2115266666666666, 103.85479], [1.2108083333333333, 103.85341333333334], [1.2107766666666666, 103.85335166666667], [1.21039, 103.85251], [1.2100916666666666, 103.851805], [1.2100733333333333, 103.85172666666666], [1.20944, 103.85014166666667], [1.2094116666666668, 103.85006333333334], [1.2090883333333333, 103.849245], [1.2090866666666666, 103.849245], [1.2087733333333333, 103.84839], [1.2084883333333334, 103.847575], [1.2078016666666667, 103.84479333333333], [1.207585, 103.84385833333333], [1.20739, 103.84306], [1.2073866666666666, 103.84305666666667], [1.2069816666666666, 103.84132333333334], [1.2069816666666666, 103.84126166666667], [1.20672, 103.83952666666667], [1.2065666666666666, 103.83782166666667], [1.2065483333333333, 103.837815], [1.2062533333333334, 103.836155], [1.2062416666666667, 103.83615333333333], [1.20614, 103.834585], [1.2061516666666667, 103.83451166666667], [1.206295, 103.83301], [1.206335, 103.83280666666667], [1.20669, 103.82848666666666], [1.206675, 103.82850333333333], [1.2071866666666666, 103.82564], [1.2088533333333333, 103.820895], [1.2090666666666667, 103.81963166666667]],