{"563037860": [[1.2169066666666666, 103.85190833333333], [1.2169066666666666, 103.85190833333333], [1.21691, 103.85190333333334], [1.2169066666666666, 103.85189833333334], [1.2169066666666666, 103.85190166666666], [1.2169, 103.851905], [1.2169016666666668, 103.85191], [1.2169066666666666, 103.85191], [1.216905, 103.85190666666666], [1.216905, 103.85191166666667], [1.2169066666666666, 103.851905]], "636014890": [[1.2127833333333333, 103.86183833333334], [1.212375, 103.86069], [1.2122016666666666, 103.86013333333334], [1.212005, 103.85958333333333], [1.2110733333333332, 103.85746166666667], [1.2108166666666667, 103.85694666666667], [1.2105633333333334, 103.85643333333333], [1.2100166666666667, 103.8555], [1.2098333333333333, 103.85516], [1.2096566666666666, 103.85482333333333], [1.20959, 103.85468], [1.2095183333333333, 103.85448666666667], [1.2094883333333333, 103.85439], [1.2094333333333334, 103.85419833333333], [1.20939, 103.854055], [1.2091983333333334, 103.85359166666667], [1.2089433333333333, 103.85268666666667], [1.2086716666666666, 103.85178], [1.2085666666666666, 103.85140166666666], [1.20846, 103.85098666666667], [1.2082316666666666, 103.85017833333333], [1.2080233333333332, 103.84938833333334], [1.207915, 103.849], [1.2078083333333334, 103.84861666666667], [1.2077066666666667, 103.84823833333333], [1.2076166666666666, 103.84786166666666], [1.2074333333333334, 103.84712], [1.2073466666666666, 103.84675666666666], [1.2072533333333333, 103.84639666666666], [1.2071716666666668, 103.84603833333334], [1.2070783333333333, 103.84568333333333], [1.2069, 103.84498], [1.2068216666666667, 103.84463], [1.206745, 103.84428], [1.2066566666666667, 103.84393166666666], [1.2065816666666667, 103.84358166666667], [1.2064883333333334, 103.84323333333333], [1.2063966666666666, 103.842885], [1.20631, 103.842535], [1.2062616666666666, 103.84229], [1.206245, 103.842185], [1.2062283333333332, 103.842045], [1.2062183333333334, 103.84193833333333], [1.20621, 103.84183333333333], [1.2062, 103.84169333333334], [1.2061866666666667, 103.84148333333333], [1.2061733333333333, 103.84113], [1.2061683333333333, 103.840775], [1.2061566666666668, 103.84041666666667], [1.2061516666666667, 103.84005833333333], [1.2061433333333333, 103.8397], [1.2061316666666666, 103.83934], [1.2060966666666666, 103.83862166666667], [1.2060883333333334, 103.83826333333333], [1.2060766666666667, 103.83786666666667], [1.2060533333333334, 103.83718166666667], [1.20604, 103.83682], [1.20603, 103.83645833333334], [1.2060116666666667, 103.836095], [1.2059983333333333, 103.83569666666666], [1.2059666666666666, 103.835005], [1.2059416666666667, 103.83464], [1.205905, 103.83427333333333], [1.2058783333333334, 103.83394166666666], [1.205855, 103.83364666666667], [1.2058466666666667, 103.83349833333334], [1.2058466666666667, 103.83327833333334], [1.2058516666666668, 103.83317], [1.2058583333333333, 103.83306], [1.2058716666666667, 103.83291666666666], [1.20588, 103.83280833333333], [1.2059733333333333, 103.832055], [1.20609, 103.83133833333333], [1.206195, 103.83065], [1.2062583333333334, 103.83029], [1.2063266666666668, 103.82989166666667], [1.2064483333333333, 103.82915666666666], [1.2065716666666666, 103.82843833333334], [1.2067083333333333, 103.82761166666667], [1.2068483333333333, 103.82679166666667], [1.20691, 103.82641166666667], [1.2071416666666666, 103.82505], [1.2072033333333334, 103.824685], [1.2073016666666667, 103.82413166666667], [1.2074516666666666, 103.82323666666667], [1.207635, 103.82228333333333], [1.2077166666666668, 103.82179833333333], [1.2078266666666666, 103.821265], [1.2079833333333334, 103.82032833333334], [1.208165, 103.81933166666667], [1.2085416666666666, 103.81730333333333], [1.208645, 103.81673666666667], [1.208715, 103.81626666666666], [1.208785, 103.81573666666667], [1.2089266666666667, 103.81483333333334], [1.2090183333333333, 103.81447], [1.2090633333333334, 103.814315], [1.2091083333333332, 103.81416166666666], [1.2091683333333334, 103.813955], [1.2092683333333334, 103.81359], [1.2094233333333333, 103.81313], [1.2097683333333333, 103.812035], [1.2101016666666666, 103.81104666666667], [1.2106083333333333, 103.809455], [1.2107283333333334, 103.80908166666667], [1.2108016666666668, 103.80887], [1.21093, 103.80856333333334], [1.21109, 103.808215], [1.2112316666666667, 103.80792166666667], [1.2115266666666666, 103.80742], [1.21232, 103.80610333333334], [1.212795, 103.80528833333334], [1.2130866666666666, 103.80484666666666], [1.2132666666666667, 103.804625], [1.2134933333333333, 103.80438833333334], [1.21359, 103.80428833333333], [1.2140266666666666, 103.80381666666666], [1.2143416666666667, 103.80348833333333], [1.2146316666666668, 103.803205], [1.2162333333333333, 103.80161166666667], [1.21743, 103.8004], [1.2177583333333333, 103.80005333333334], [1.218355, 103.79942166666666], [1.2192983333333334, 103.79860666666667], [1.2196733333333334, 103.79832], [1.220975, 103.79727666666666], [1.2213116666666666, 103.79701833333333], [1.2216733333333334, 103.796735], [1.2223166666666667, 103.79623833333333], [1.2229066666666666, 103.79577833333333], [1.2232116666666666, 103.79554333333333], [1.2235283333333333, 103.79527833333333], [1.22613, 103.79300833333333], [1.2275866666666666, 103.791705], [1.22897, 103.790495], [1.2296183333333333, 103.78987833333333], [1.2298183333333332, 103.78970166666667], [1.2299766666666667, 103.78957], [1.2301416666666667, 103.78944666666666], [1.2302133333333334, 103.78939833333334], [1.2303116666666667, 103.78933833333333], [1.2305383333333333, 103.78921333333334], [1.2312783333333333, 103.78878166666667], [1.2318, 103.78849333333334], [1.2320216666666666, 103.78837166666666], [1.23254, 103.78809], [1.2327633333333334, 103.78797333333333], [1.2332833333333333, 103.7877], [1.23424, 103.78720333333334], [1.2347516666666667, 103.78693833333334], [1.2349716666666666, 103.78682833333333], [1.236695, 103.78596166666667], [1.2371816666666666, 103.78572833333334], [1.2376666666666667, 103.78549666666666], [1.23815, 103.78527], [1.2383683333333333, 103.78516833333333], [1.2391216666666667, 103.78483666666666], [1.2404816666666667, 103.78410333333333], [1.2411116666666666, 103.78372666666667], [1.2413516666666666, 103.783585]],