{"563022710": [[1.2160383333333333, 103.86191166666667], [1.2157916666666666, 103.86162833333333], [1.21553, 103.86131333333333], [1.2152966666666667, 103.86099333333334], [1.21466, 103.86016333333333], [1.2144016666666666, 103.85982833333334], [1.2141916666666666, 103.85952833333333], [1.2139866666666668, 103.85923], [1.213575, 103.85866833333333], [1.2133833333333333, 103.858405], [1.2130966666666667, 103.85804666666667], [1.2128933333333334, 103.857745], [1.2126666666666666, 103.857455], [1.2122283333333332, 103.85689333333333], [1.2120016666666666, 103.85658], [1.211765, 103.85625833333333], [1.2115383333333334, 103.85594833333333], [1.2113216666666666, 103.85560833333334], [1.2109633333333334, 103.85502833333334], [1.210735, 103.85463833333333], [1.2105916666666667, 103.85437666666667], [1.2104, 103.85400333333334], [1.2102433333333333, 103.85362666666667], [1.2099816666666667, 103.852955], [1.2097416666666667, 103.852285], [1.2095916666666666, 103.85184833333334], [1.20947, 103.85148833333334], [1.2091366666666667, 103.850435], [1.209055, 103.85010166666666], [1.2088766666666666, 103.849275], [1.2087516666666667, 103.848595], [1.2086766666666666, 103.84817833333334], [1.2086216666666667, 103.84783666666667], [1.2084716666666666, 103.84699], [1.208335, 103.84625333333334], [1.2082633333333332, 103.84582166666667], [1.208085, 103.84474], [1.2079483333333334, 103.84396833333334], [1.2078583333333333, 103.84351666666667], [1.2077983333333333, 103.843215], [1.2075333333333333, 103.84203666666667], [1.2074533333333333, 103.84170333333333], [1.2073316666666667, 103.841265], [1.207, 103.83983666666667], [1.20695, 103.8395], [1.2069116666666666, 103.83905166666666], [1.2068733333333332, 103.838345], [1.2068633333333334, 103.83760166666667], [1.2068766666666666, 103.83726833333333], [1.206895, 103.83686666666667], [1.20692, 103.83617166666667], [1.206925, 103.83578], [1.2069416666666666, 103.83543], [1.207135, 103.83409333333333], [1.2072083333333334, 103.83337333333333]], "564807000": [[1.210005, 103.85817], [1.2102266666666666, 103.85839833333333], [1.2104116666666667, 103.85858333333333], [1.2105933333333334, 103.85877], [1.2108283333333334, 103.859025], [1.2109916666666667, 103.859225], [1.2111816666666666, 103.85944833333333], [1.2113983333333334, 103.85969333333334], [1.2115633333333333, 103.85986166666666], [1.21178, 103.86006166666667], [1.212045, 103.860295], [1.2122383333333333, 103.86047166666667], [1.21246, 103.86067333333334], [1.2127133333333333, 103.86089166666666], [1.2129066666666666, 103.86104], [1.21314, 103.86122333333333], [1.2133933333333333, 103.861435], [1.213635, 103.86163333333333], [1.213875, 103.86181166666667], [1.21414, 103.86201666666666], [1.2143383333333333, 103.86216833333333], [1.2145833333333333, 103.86236], [1.214845, 103.862565], [1.21508, 103.86275833333333], [1.2155966666666667, 103.86316833333333], [1.215795, 103.86332333333333], [1.2160466666666667, 103.86351166666667], [1.2163233333333334, 103.86372333333334], [1.2165766666666666, 103.86391333333333], [1.2173066666666668, 103.86447], [1.217555, 103.86466666666666], [1.217825, 103.86487166666667], [1.21881, 103.86568333333334], [1.219045, 103.86589333333333], [1.219305, 103.86613166666666], [1.2672483333333333, 103.91274166666666], [1.2675466666666666, 103.91296833333334], [1.2681566666666666, 103.91345], [1.268445, 103.91368333333334], [1.26871, 103.91389666666667], [1.2690033333333333, 103.91412], [1.2692933333333334, 103.91434833333334], [1.2699033333333334, 103.91484333333334], [1.270445, 103.91530666666667], [1.2707283333333332, 103.91554666666667], [1.2710166666666667, 103.91578666666666], [1.271905, 103.91653166666667], [1.272155, 103.91675166666667], [1.2724016666666667, 103.91698], [1.2727016666666666, 103.91726], [1.2732733333333333, 103.91779666666666], [1.2737933333333333, 103.918275], [1.2743616666666666, 103.91877166666667], [1.27552, 103.91975333333333], [1.27608, 103.92025], [1.27665, 103.92079166666667], [1.277135, 103.92133833333334], [1.2788933333333334, 103.92378333333333], [1.28007, 103.925715], [1.2804466666666667, 103.926385], [1.2808016666666666, 103.92705666666667], [1.28116, 103.92773333333334], [1.281515, 103.92841333333334], [1.28186, 103.92911333333333], [1.2821833333333332, 103.92980333333334], [1.28359, 103.93336333333333], [1.2842333333333333, 103.93516166666667], [1.28436, 103.93553], [1.2846316666666666, 103.93629333333334]], "563000660": [[1.209215, 103.85695], [1.20937, 103.85636833333334], [1.2095033333333334, 103.85578666666666], [1.209625, 103.855205], [1.2097583333333333, 103.85453], [1.2098583333333333, 103.85404833333334], [1.2099983333333333, 103.85347333333333], [1.21015, 103.8529], [1.2102816666666667, 103.85232833333333], [1.2104416666666666, 103.85164666666667], [1.2105783333333333, 103.85117666666666], [1.21075, 103.85062], [1.2109433333333333, 103.85008], [1.2111816666666666, 103.84956666666666], [1.2115266666666666, 103.84901], [1.2118033333333333, 103.84862833333334], [1.2121533333333334, 103.8482], [1.2125383333333333, 103.84780333333333], [1.21297, 103.84744], [1.2134733333333334, 103.847015], [1.2138183333333334, 103.84669666666667], [1.214205, 103.8463], [1.2146083333333333, 103.84591166666667], [1.2150166666666666, 103.84553166666667], [1.2154283333333333, 103.84515833333333], [1.2158483333333334, 103.84478666666666], [1.21626, 103.84441666666666], [1.2175683333333334, 103.84323], [1.21789, 103.84290666666666], [1.2190916666666667, 103.84178833333333], [1.21986, 103.84106], [1.220255, 103.84070333333334], [1.2210566666666667, 103.839985], [1.2215133333333332, 103.839545], [1.2218366666666667, 103.83923333333334], [1.2234533333333333, 103.83777333333333], [1.2242583333333332, 103.837035], [1.2246683333333332, 103.836675], [1.226315, 103.83523333333333], [1.2275233333333333, 103.83415833333333], [1.2282916666666666, 103.833395], [1.2290416666666666, 103.83260666666666], [1.22981, 103.83181833333333], [1.23215, 103.829465], [1.2325433333333333, 103.829075], [1.2374516666666666, 103.82445333333334], [1.23857, 103.82337333333334], [1.2422316666666666, 103.81945833333333], [1.244355, 103.81724833333334], [1.2459416666666667, 103.81570333333333], [1.24965, 103.81195], [1.2559066666666667, 103.80646333333334], [1.2605566666666668, 103.805535], [1.2611966666666667, 103.80648]],