{"525021428": [[1.2149383333333332, 103.861845], [1.2127466666666666, 103.8588], [1.2112633333333334, 103.85662666666667], [1.2102866666666667, 103.85427833333334], [1.2100083333333334, 103.85366], [1.2096133333333334, 103.85217], [1.209435, 103.851375], [1.20923, 103.85058], [1.2090833333333333, 103.84908166666666], [1.20907, 103.84738833333333], [1.2091816666666666, 103.84576333333334], [1.2093933333333333, 103.84402], [1.2095516666666666, 103.84230666666667], [1.2103833333333334, 103.83529333333334], [1.2140666666666666, 103.82991333333334]], "538006609": [[1.216995, 103.86261666666667], [1.2164933333333334, 103.86192166666666], [1.215645, 103.86078], [1.215385, 103.860415], [1.2151783333333332, 103.86012166666667], [1.2149166666666666, 103.85975333333333], [1.2142966666666666, 103.85889666666667], [1.214045, 103.85856], [1.213765, 103.85818666666667], [1.21351, 103.85785333333334], [1.21262, 103.85671333333333], [1.2122933333333332, 103.85635666666667], [1.21202, 103.856045], [1.211735, 103.85573666666667], [1.2113733333333334, 103.85536833333333], [1.210635, 103.85463666666666], [1.21032, 103.854345], [1.209975, 103.85402], [1.2096766666666667, 103.85374166666666], [1.2093316666666667, 103.85342666666666], [1.20864, 103.85269166666667], [1.20836, 103.85234333333334], [1.2080916666666666, 103.851985], [1.2078516666666668, 103.851675], [1.2075733333333334, 103.85128333333333], [1.207025, 103.85043833333333], [1.2066066666666666, 103.849705], [1.2064233333333334, 103.84935333333334], [1.2062583333333334, 103.84900166666667], [1.20591, 103.84809333333334], [1.2058033333333333, 103.84773166666666], [1.2056866666666666, 103.84733166666666], [1.2055866666666666, 103.84697666666666], [1.205485, 103.84657166666666], [1.2053416666666668, 103.845715], [1.20526, 103.84494833333333], [1.2051816666666666, 103.84408166666667], [1.2051583333333333, 103.84317333333334], [1.2051683333333334, 103.84280833333334], [1.20519, 103.84243166666667], [1.2052383333333334, 103.84166333333333], [1.2054216666666666, 103.84], [1.2055833333333332, 103.83912166666667], [1.2057483333333334, 103.8383], [1.2058366666666667, 103.83788166666666], [1.2059433333333334, 103.83744666666666], [1.2061316666666666, 103.836655], [1.206465, 103.835375], [1.20658, 103.83495833333333], [1.2067916666666667, 103.83416], [1.2071366666666667, 103.83285666666667], [1.2072483333333333, 103.83243666666667], [1.2074616666666667, 103.831635], [1.2077983333333333, 103.830315], [1.2081216666666668, 103.82907833333333], [1.2085633333333334, 103.82736166666666], [1.2088083333333333, 103.82641333333333], [1.2091216666666667, 103.825145], [1.2092316666666667, 103.824705], [1.2094533333333333, 103.82383], [1.2098716666666667, 103.82207333333334], [1.21012, 103.82112666666667], [1.2105633333333334, 103.81935166666666], [1.21065, 103.81899], [1.2107733333333333, 103.818455], [1.2109716666666666, 103.817565], [1.2111716666666668, 103.81666666666666], [1.211385, 103.81575333333333], [1.2116183333333332, 103.81483], [1.21185, 103.81392], [1.21213, 103.81299], [1.2126766666666666, 103.81125833333333], [1.2129566666666667, 103.81046166666667], [1.21333, 103.80948333333333], [1.2137116666666667, 103.808605], [1.2140966666666666, 103.807775], [1.2145666666666666, 103.806885], [1.2150033333333334, 103.80602833333333], [1.2160416666666667, 103.80442166666667]], "563037860": [[1.21693, 103.85192166666667], [1.2169316666666667, 103.851925], [1.2169433333333333, 103.85193166666667], [1.2169416666666666, 103.85193], [1.2169383333333332, 103.85193666666666], [1.216925, 103.85193166666667], [1.216915, 103.851915], [1.216915, 103.85192333333333], [1.2169066666666666, 103.85191333333333], [1.2169016666666668, 103.85190333333334], [1.2169116666666666, 103.85191666666667], [1.2169133333333333, 103.851915], [1.2169, 103.85190666666666], [1.2169166666666666, 103.85192833333333]], "538006582": [[1.2151516666666666, 103.86265333333333], [1.21462, 103.861445], [1.214465, 103.86108166666666], [1.2142716666666666, 103.86063666666666], [1.2140916666666666, 103.860235], [1.213695, 103.85934833333333], [1.21353, 103.85898666666667], [1.21336, 103.85862833333333], [1.2129883333333333, 103.85782833333333], [1.2125833333333333, 103.85699666666666], [1.212405, 103.85664333333334], [1.2121916666666666, 103.85626166666667], [1.2119516666666668, 103.855845], [1.211505, 103.85509833333333], [1.2112716666666667, 103.85473166666667], [1.211055, 103.85440833333334], [1.210285, 103.85336833333334], [1.2100083333333334, 103.85298666666667], [1.2095866666666666, 103.85231666666667], [1.2094666666666667, 103.85206166666667], [1.20941, 103.851915], [1.2093683333333334, 103.851805], [1.2093283333333333, 103.851695], [1.2092783333333332, 103.85154833333333], [1.209245, 103.85143666666667], [1.2091783333333332, 103.851215], [1.20907, 103.850805], [1.2089716666666666, 103.850435], [1.2088816666666666, 103.85009833333334], [1.2087766666666666, 103.84968666666667], [1.2086833333333333, 103.84931166666667], [1.2085966666666668, 103.84897333333333], [1.20848, 103.84852], [1.208295, 103.847805], [1.2082016666666666, 103.84743333333333], [1.2080316666666666, 103.846735], [1.2079383333333333, 103.84633666666667], [1.2078566666666666, 103.84597833333333], [1.207705, 103.84530666666667], [1.207545, 103.84461333333333], [1.2074016666666667, 103.84391333333333], [1.2072, 103.84296], [1.2071283333333334, 103.842655], [1.20706, 103.84235666666666], [1.2070133333333333, 103.84209], [1.2069583333333334, 103.84152], [1.2069333333333334, 103.84097666666666], [1.2069266666666667, 103.84068333333333], [1.2069233333333333, 103.83993166666667], [1.2069266666666667, 103.83943166666667], [1.2069266666666667, 103.83916666666667], [1.2069233333333333, 103.83895166666667], [1.2069233333333333, 103.83869166666666], [1.2069233333333333, 103.83848166666667], [1.20692, 103.83799666666667], [1.2069183333333333, 103.837565], [1.2069166666666666, 103.83733833333334], [1.2069083333333332, 103.837115], [1.2068716666666666, 103.83665166666667], [1.2068616666666667, 103.836455], [1.2068616666666667, 103.83621833333333], [1.206865, 103.836155], [1.20687, 103.83609333333334], [1.206875, 103.83603], [1.2068816666666666, 103.83596833333333], [1.2069333333333334, 103.83566833333333], [1.2069616666666667, 103.83555166666666], [1.2069833333333333, 103.83547666666666], [1.207005, 103.83542166666666], [1.20705, 103.83531666666667], [1.2070833333333333, 103.83524833333334], [1.20711, 103.83519833333334], [1.20718, 103.835065], [1.2072533333333333, 103.834935], [1.2073683333333334, 103.83476666666667], [1.2075883333333333, 103.834465], [1.2078033333333333, 103.83416], [1.2079016666666667, 103.83402333333333], [1.2080083333333334, 103.83387], [1.2082266666666666, 103.833565], [1.2085633333333334, 103.83308833333334], [1.2086716666666666, 103.83293666666667], [1.20888, 103.832625], [1.2091683333333334, 103.83216], [1.2093033333333334, 103.832005], [1.2095666666666667, 103.83173666666667], [1.2100933333333332, 103.83121666666666], [1.210245, 103.83107166666667], [1.2103816666666667, 103.83093833333334], [1.2105066666666666, 103.83081833333334], [1.210675, 103.830665], [1.2109533333333333, 103.83041833333333], [1.21124, 103.83014833333333], [1.21165, 103.82974333333334], [1.2118083333333334, 103.82959166666667], [1.21207, 103.82934333333333], [1.21268, 103.82875833333334], [1.212965, 103.82849], [1.21341, 103.82802833333334], [1.21369, 103.82774666666667], [1.21385, 103.82761166666667], [1.2145016666666666, 103.82714166666666], [1.2148233333333334, 103.82694333333333], [1.2157616666666666, 103.82642], [1.2160533333333334, 103.82627], [1.2166216666666667, 103.82600166666667], [1.2173816666666666, 103.82567], [1.2175033333333334, 103.825625], [1.2175983333333333, 103.82559333333333], [1.2179816666666667, 103.82548333333334], [1.2181433333333334, 103.82545666666667], [1.218205, 103.82545166666667], [1.21833, 103.825455], [1.218385, 103.82546666666667], [1.2184633333333332, 103.825505], [1.21852, 103.825565], 