{"564736000": [[1.2168233333333334, 103.86316166666667], [1.2166666666666666, 103.86292833333333], [1.216505, 103.862695], [1.2162033333333333, 103.86223333333334]], "525003162": [[1.2116033333333334, 103.86116166666666], [1.21151, 103.86077166666666], [1.2113083333333334, 103.85994666666667], [1.2112166666666666, 103.85955333333334], [1.2111083333333332, 103.85916166666667], [1.211015, 103.85881166666667], [1.210935, 103.858415], [1.2108466666666666, 103.85801333333333], [1.2107433333333333, 103.857575], [1.2106333333333332, 103.857135], [1.2105383333333333, 103.85677333333334], [1.2104733333333333, 103.856415], [1.2104233333333334, 103.85601], [1.2103733333333333, 103.85556666666666], [1.2103783333333333, 103.85519], [1.2103833333333334, 103.85475333333333], [1.2103933333333334, 103.85439833333334], [1.2104283333333334, 103.85402166666667], [1.21047, 103.85357333333333], [1.2105166666666667, 103.853335], [1.21053, 103.85317833333333], [1.210585, 103.85279166666666], [1.210675, 103.852365], [1.2107183333333333, 103.852035], [1.2108016666666668, 103.851695], [1.211095, 103.85103833333334], [1.2111483333333333, 103.85090166666667], [1.2111883333333333, 103.85077], [1.2112966666666667, 103.85058833333333], [1.2114216666666666, 103.85039], [1.21153, 103.85022333333333], [1.21157, 103.85015666666666], [1.2117116666666667, 103.84993666666666], [1.2125366666666666, 103.84860333333333], [1.2129433333333333, 103.84798], [1.2133316666666667, 103.84734833333333], [1.2135216666666666, 103.84702833333333], [1.2136966666666666, 103.84674166666667], [1.2141, 103.84607166666666], [1.2144933333333334, 103.84545166666666], [1.2146983333333334, 103.845135], [1.214885, 103.84484333333333], [1.2152933333333333, 103.84419], [1.2154983333333333, 103.84388666666666], [1.2156983333333333, 103.843575], [1.215905, 103.84326166666666], [1.2160933333333332, 103.842985], [1.2164616666666668, 103.84230833333334], [1.21682, 103.84166333333333], [1.2171733333333334, 103.84107], [1.2174766666666668, 103.84044666666667], [1.21801, 103.83926666666666], [1.2184666666666666, 103.83842], [1.2188433333333333, 103.83761166666666], [1.2189583333333334, 103.83733833333334], [1.2193983333333334, 103.83656166666667], [1.219635, 103.835935], [1.2196633333333333, 103.83574833333333], [1.219705, 103.83561333333333], [1.2198216666666666, 103.83503833333333], [1.219845, 103.83486333333333], [1.2198566666666666, 103.83474666666666], [1.219895, 103.83431166666666], [1.2199183333333334, 103.834075], [1.2199183333333334, 103.83386166666666], [1.2199533333333332, 103.83313833333334], [1.21996, 103.83298166666667], [1.2199733333333334, 103.83284833333333], [1.2199833333333334, 103.83274166666666], [1.2199883333333332, 103.83262666666667], [1.220015, 103.83242166666666], [1.2200683333333333, 103.83225333333333], [1.2200933333333333, 103.83212666666667], [1.2201233333333332, 103.83194333333333], [1.2201283333333333, 103.83185666666667], [1.2201316666666666, 103.831795], [1.22015, 103.83160166666667], [1.2201583333333332, 103.83148833333334], [1.220165, 103.83138333333333], [1.2201766666666667, 103.831275], [1.2201833333333334, 103.83119333333333], [1.220195, 103.83103166666666], [1.2202, 103.83090666666666], [1.2201983333333333, 103.83084], [1.2202183333333334, 103.83079], [1.22023, 103.830715], [1.22024, 103.83047833333333], [1.2202316666666666, 103.83041666666666], [1.2202233333333334, 103.83038], [1.22022, 103.83033166666667], [1.22022, 103.83031], [1.22022, 103.83028666666667], [1.22022, 103.83023], [1.2202216666666668, 103.83020166666667], [1.22023, 103.83018833333334], [1.2202533333333334, 103.830175], [1.2202666666666666, 103.83017], [1.2202666666666666, 103.830185], [1.2202616666666666, 103.83016], [1.2202366666666666, 103.83004333333334], [1.2202366666666666, 103.82999666666667], [1.2202366666666666, 103.82995166666667], [1.2201933333333332, 103.82987333333334], [1.22021, 103.82986833333334], [1.22019, 103.82981166666667], [1.2201833333333334, 103.829795], [1.2201833333333334, 103.82972166666667], [1.220175, 103.82968166666667], [1.220165, 103.82965833333333], [1.2201316666666666, 103.82962833333333], [1.220105, 103.82957666666667], [1.220095, 103.82954833333334], [1.220075, 103.82948833333333], [1.2200483333333334, 103.82945666666667], [1.220015, 103.829395], [1.22002, 103.82938666666666], [1.2200266666666666, 103.829405], [1.220085, 103.82943833333333], [1.220135, 103.82947166666666], [1.22016, 103.82948333333333]], "563037860": [[1.2169133333333333, 103.85191], [1.2169166666666666, 103.85191666666667], [1.2169116666666666, 103.85191333333333], [1.2169116666666666, 103.85191666666667], [1.2169083333333333, 103.851915], [1.2169133333333333, 103.85191166666667], [1.2169116666666666, 103.85191166666667], [1.2169033333333332, 103.85192333333333], [1.2169083333333333, 103.85191833333333], [1.2169033333333332, 103.85191333333333], [1.216915, 103.85191833333333], [1.2169083333333333, 103.851915]], "566474000": [[1.2158383333333334, 103.86212666666667], [1.2153666666666667, 103.861615], [1.2142333333333333, 103.86044666666666], [1.213745, 103.85993833333333], [1.2126533333333334, 103.85873333333333], [1.212265, 103.85814], [1.2114016666666667, 103.856765], [1.2112166666666666, 103.856465], [1.211025, 103.85617], [1.2108233333333334, 103.85583166666666], [1.2106083333333333, 103.85545333333333], [1.210245, 103.85479], [1.209625, 103.853285], [1.2093416666666668, 103.85260333333333], [1.2087416666666666, 103.85109833333334], [1.2084633333333332, 103.85040166666667], [1.208285, 103.849955], [1.207855, 103.84887333333333], [1.2075966666666667, 103.84816], [1.2072016666666667, 103.84656], [1.2070133333333333, 103.845815], [1.20646, 103.84343], [1.2060783333333334, 103.84179166666667], [1.2053016666666667, 103.83785333333333], [1.20538, 103.83547166666666], [1.205525, 103.83469333333333], [1.2072083333333334, 103.828475], [1.207825, 103.82622666666667], [1.208235, 103.82476833333334]],