{"566685000": [[1.2165416666666666, 103.86307666666667], [1.2163033333333333, 103.86274833333333], [1.2160166666666667, 103.86235333333333], [1.21551, 103.86166833333333], [1.2152733333333334, 103.86134333333334], [1.2149866666666667, 103.86094666666666], [1.214725, 103.86058], [1.2144616666666668, 103.86021], [1.21398, 103.85949666666667], [1.2136983333333333, 103.85907833333333], [1.2134416666666668, 103.858695], [1.2131516666666666, 103.85827833333333], [1.212885, 103.85789833333334], [1.21212, 103.85677666666666], [1.21185, 103.85639], [1.211575, 103.85600166666667], [1.2112733333333334, 103.855565], [1.2104066666666666, 103.85398166666667], [1.2101933333333332, 103.85350666666666], [1.2100133333333334, 103.85302166666666], [1.2094116666666668, 103.85123833333333], [1.20928, 103.85076666666667], [1.209165, 103.85033833333334], [1.2087366666666666, 103.848355], [1.2085716666666666, 103.84742], [1.2084783333333333, 103.84687666666666], [1.208295, 103.84587333333333], [1.2082133333333334, 103.84537], [1.20802, 103.84437], [1.2079, 103.84382], [1.207585, 103.84236666666666], [1.207275, 103.84086333333333], [1.2070883333333333, 103.83991166666667], [1.2069883333333333, 103.83941], [1.2067833333333333, 103.83840333333333], [1.206665, 103.837805], [1.20648, 103.83685833333334], [1.2062183333333334, 103.835415], [1.2061716666666666, 103.83486833333333], [1.2060733333333333, 103.833865], [1.2060483333333334, 103.83242], [1.2060533333333334, 103.831875], [1.206045, 103.83093833333334], [1.2060666666666666, 103.82889833333333], [1.2061233333333334, 103.828065], [1.2062266666666666, 103.82729833333333], [1.2062933333333334, 103.826915]], "563005250": [[1.208075, 103.855095], [1.2082083333333333, 103.85525], [1.2083566666666667, 103.855425], [1.2085066666666666, 103.855605], [1.2086566666666667, 103.85581666666667], [1.2087933333333334, 103.85600833333334], [1.20893, 103.85619833333334], [1.2090516666666666, 103.85637333333334], [1.2091833333333333, 103.856575], [1.2093133333333332, 103.856775], [1.2094516666666666, 103.85699666666666], [1.20957, 103.85720333333333], [1.20969, 103.85740833333334], [1.209805, 103.85760166666667], [1.2099383333333333, 103.85780166666666], [1.21007, 103.85800833333333], [1.210225, 103.85822], [1.21036, 103.85841333333333], [1.210495, 103.858605], [1.2106183333333334, 103.85878], [1.210755, 103.85897333333334], [1.2109066666666666, 103.85919], [1.211045, 103.85939], [1.2111983333333334, 103.85961333333333], [1.2113216666666666, 103.859795], [1.2114516666666666, 103.85997333333333], [1.211615, 103.86019333333333], [1.2117583333333333, 103.86040333333334], [1.2120833333333334, 103.86082], [1.21222, 103.86099666666667], [1.2123566666666667, 103.861175], [1.212525, 103.86139166666666], [1.2129583333333334, 103.86204666666667], [1.213085, 103.86223666666666], [1.2132166666666666, 103.862425], [1.213385, 103.86265833333333], [1.213545, 103.86286], [1.2138866666666666, 103.86327], [1.2140283333333333, 103.863455], [1.2141716666666666, 103.86364666666667], [1.21435, 103.86386166666666], [1.2145166666666667, 103.86405833333333], [1.2148483333333333, 103.864465], [1.2150166666666666, 103.86467166666667], [1.2151866666666666, 103.86487833333334], [1.21567, 103.86551333333334], [1.21584, 103.86572], [1.215995, 103.86590166666667], [1.216195, 103.86612166666667], [1.2168133333333333, 103.86662833333334], [1.217035, 103.86678], [1.217235, 103.86692333333333], [1.2174866666666666, 103.86710333333333], [1.2177083333333334, 103.86727166666667], [1.218355, 103.867765], [1.218545, 103.86793], [1.2187733333333333, 103.86813666666667], [1.2189883333333333, 103.86832166666667], [1.2192183333333333, 103.86853333333333], [1.2196266666666666, 103.86887166666666], [1.219825, 103.86902833333333], [1.22007, 103.86922166666666], [1.2202983333333333, 103.869395], [1.2205583333333334, 103.86959333333333], [1.2209883333333333, 103.86993166666667], [1.2214433333333334, 103.87029333333334], [1.2216666666666667, 103.87047333333334], [1.2219166666666668, 103.87066333333334], [1.22235, 103.87101666666666], [1.2225566666666667, 103.87117833333333], [1.22304, 103.87156166666666], [1.223305, 103.87175333333333], [1.223745, 103.87210666666667], [1.2239583333333333, 103.87227], [1.2242083333333333, 103.87247166666667], [1.224435, 103.87266], [1.22469, 103.87286666666667], [1.22513, 103.87323166666667], [1.2253383333333334, 103.87340166666667], [1.2255966666666667, 103.87361833333334], [1.226035, 103.87398833333333], [1.2265116666666667, 103.874405], [1.2267616666666668, 103.87462166666667], [1.2269666666666668, 103.87478833333333], [1.2274166666666666, 103.87514], [1.227895, 103.87556333333333], [1.2281433333333334, 103.875785], [1.2283433333333333, 103.87595666666667], [1.22877, 103.87632666666667], [1.2292366666666668, 103.876735], [1.2294983333333334, 103.87695166666667], [1.2297116666666668, 103.87712], [1.2301483333333334, 103.877475], [1.2303816666666667, 103.87766666666667], [1.230605, 103.87786666666666], [1.23087, 103.87811166666667], [1.2310466666666666, 103.87827333333334], [1.2317033333333334, 103.87888333333333], [1.231925, 103.87908833333333], [1.23236, 103.87948], [1.232795, 103.87989666666667], [1.2332233333333333, 103.88031166666667], [1.233645, 103.88071833333333], [1.2340716666666667, 103.88112666666666], [1.2345016666666666, 103.88153333333334]], "335850011": [[1.2087816666666666, 103.85084333333333], [1.209465, 103.85153666666666], [1.20991, 103.85183333333333], [1.210355, 103.85224666666667], [1.2108433333333333, 103.85308166666667], [1.2110983333333334, 103.853535], [1.2123066666666666, 103.85532833333333], [1.2128583333333334, 103.85625166666667], [1.21345, 103.857305], [1.213725, 103.85772833333333], [1.2148533333333333, 103.85916833333333], [1.2152933333333333, 103.85966666666667], [1.2160583333333332, 103.86046666666667], [1.2172433333333332, 103.861935], [1.2176516666666666, 103.86238833333333], [1.2181966666666666, 103.86289333333333], [1.2186883333333334, 103.86321333333333], [1.2192366666666667, 103.86352666666667], [1.220335, 103.86423]], "631005020": [[1.2090016666666668, 103.85504], [1.2094116666666668, 103.85553666666667], [1.2097666666666667, 103.85602166666666], [1.2107966666666667, 103.857525], [1.21146, 103.85861666666666], [1.211785, 103.85914833333334], [1.212795, 103.86072333333334], [1.21316, 103.86127666666667], [1.2134933333333333, 103.86175333333334], [1.2142366666666666, 103.86292333333333], [1.2148516666666667, 103.8636], [1.2152333333333334, 103.86377333333333], [1.2157866666666666, 103.86393666666666]],