{"565643000": [[1.2080616666666666, 103.85492833333333], [1.2080616666666666, 103.85492833333333], [1.20811, 103.85498], [1.20818, 103.85504666666667], [1.2082483333333334, 103.85511166666667], [1.2082833333333334, 103.85514166666667], [1.20837, 103.85521833333334], [1.208615, 103.85543666666666], [1.2086733333333333, 103.85548833333333], [1.20873, 103.85553833333333], [1.208785, 103.85558833333333], [1.2088616666666667, 103.85566], [1.2089766666666666, 103.85576666666667], [1.2089766666666666, 103.85576666666667], [1.2090716666666668, 103.85585666666667], [1.20911, 103.85589333333333], [1.2091466666666666, 103.85593], [1.2092666666666667, 103.85603333333333], [1.209325, 103.85608666666667], [1.209385, 103.85614166666667], [1.2097783333333334, 103.85649166666667], [1.2099533333333334, 103.85665333333333], [1.21017, 103.85685166666667], [1.2103233333333334, 103.85699666666666], [1.2107216666666667, 103.85737666666667], [1.2110916666666667, 103.85774666666667], [1.2112933333333333, 103.85794833333334], [1.211435, 103.85809666666667], [1.21165, 103.858315], [1.2120066666666667, 103.85870666666666], [1.2121666666666666, 103.85888166666666], [1.2123616666666666, 103.85909833333334], [1.2125766666666666, 103.85932], [1.2125766666666666, 103.85932], [1.2126483333333333, 103.85939333333333], [1.21272, 103.85946833333334], [1.212775, 103.85952333333333], [1.2128916666666667, 103.85962833333333], [1.2129516666666667, 103.85968166666666], [1.2131016666666667, 103.85982], [1.2132816666666666, 103.85997666666667], [1.2134933333333333, 103.86017], [1.2138916666666666, 103.860525], [1.2140716666666667, 103.860685], [1.214295, 103.860875], [1.2144816666666667, 103.86103166666666], [1.2146983333333334, 103.86123], [1.21508, 103.861595], [1.2154783333333334, 103.86197666666666], [1.2156766666666667, 103.86216], [1.2158783333333334, 103.86233666666666], [1.2160616666666666, 103.8625], [1.2162816666666667, 103.862715], [1.2167116666666666, 103.86309], [1.2171466666666666, 103.86342666666667], [1.217345, 103.86358166666666], [1.2175883333333333, 103.86377666666667], [1.218025, 103.864155], [1.2184666666666666, 103.86450333333333], [1.2189133333333333, 103.86485333333333], [1.2191283333333334, 103.86504], [1.21935, 103.86522833333333], [1.2195733333333334, 103.865415], [1.2197966666666666, 103.86560666666666], [1.22026, 103.86595666666666], [1.2207316666666668, 103.86632166666666], [1.2212066666666668, 103.866685], [1.2216883333333333, 103.86704666666667]], "563009160": [[1.21695, 103.86305], [1.2164833333333334, 103.86238333333333], [1.216, 103.86165], [1.2157333333333333, 103.86125], [1.2150333333333334, 103.86013333333334], [1.21455, 103.85931666666667], [1.2142833333333334, 103.85888333333334], [1.2140833333333334, 103.85851666666667], [1.21315, 103.85696666666666], [1.21265, 103.85613333333333], [1.2116833333333332, 103.85455], [1.2112166666666666, 103.8537], [1.2109833333333333, 103.85328333333334], [1.21075, 103.85281666666667], [1.21045, 103.85211666666666], [1.21035, 103.8518], [1.21025, 103.85148333333333], [1.2099833333333334, 103.8506], [1.20985, 103.85008333333333], [1.2096, 103.84916666666666], [1.20935, 103.84816666666667], [1.2092333333333334, 103.84773333333334], [1.2091166666666666, 103.84725], [1.2089833333333333, 103.8467], [1.2088666666666668, 103.84626666666666], [1.2086, 103.84525], [1.2083166666666667, 103.84426666666667], [1.20805, 103.84335], [1.2077666666666667, 103.84231666666666], [1.2074833333333332, 103.8414], [1.2073166666666666, 103.84088333333334], [1.2072, 103.84045], [1.20695, 103.83943333333333], [1.2069, 103.8391], [1.2068333333333334, 103.83848333333333], [1.2068166666666666, 103.83815], [1.2068166666666666, 103.838], [1.2068166666666666, 103.83785], [1.2068, 103.83756666666666], [1.2068333333333334, 103.83656666666667], [1.2069, 103.83561666666667], [1.2069833333333333, 103.83471666666667], [1.20725, 103.83285], [1.2073666666666667, 103.83185], [1.2075, 103.83091666666667], [1.2076166666666666, 103.82998333333333], [1.2078166666666668, 103.82858333333333], [1.2079, 103.82816666666666], [1.2080333333333333, 103.82723333333334], [1.20815, 103.82626666666667], [1.2082166666666667, 103.8258], [1.2082666666666666, 103.82538333333333], [1.2083666666666666, 103.82441666666666], [1.2085166666666667, 103.82351666666666], [1.2086166666666667, 103.82306666666666], [1.2087166666666667, 103.82263333333333], [1.2089333333333334, 103.82175], [1.2090333333333334, 103.82135], [1.2093666666666667, 103.82005], [1.2095666666666667, 103.81916666666666], [1.2097833333333334, 103.81823333333334], [1.21, 103.81736666666667], [1.2102166666666667, 103.81653333333334], [1.2104833333333334, 103.81556666666667], [1.2107166666666667, 103.81478333333334], [1.2109666666666667, 103.81391666666667], [1.21125, 103.81301666666667], [1.2115166666666666, 103.81221666666667], [1.2125833333333333, 103.80881666666667], [1.2129, 103.80795], [1.2132166666666666, 103.80718333333333], [1.2139333333333333, 103.8055], [1.2141, 103.80515], [1.2143, 103.80475], [1.2155166666666666, 103.80251666666666], [1.2165666666666666, 103.80111666666667], [1.2171, 103.8005], [1.2177, 103.79981666666667], [1.2183, 103.79913333333333], [1.2193833333333333, 103.79791666666667], [1.22055, 103.7966], [1.2259666666666666, 103.79133333333333], [1.2291333333333334, 103.7887], [1.2293833333333333, 103.78856666666667], [1.2296166666666666, 103.78843333333333], [1.22985, 103.78833333333333], [1.23135, 103.78778333333334], [1.23215, 103.78751666666666], [1.2336666666666667, 103.78703333333333], [1.2344833333333334, 103.78678333333333], [1.23635, 103.7862], [1.2367833333333333, 103.78605], [1.24115, 103.78465], [1.2422833333333334, 103.78421666666667], [1.24385, 103.78355], [1.2445833333333334, 103.78316666666667], [1.2453, 103.78276666666666], [1.24595, 103.78238333333333], [1.2473, 103.78158333333333], [1.2478666666666667, 103.78123333333333], [1.2484333333333333, 103.7809], [1.2495, 103.78023333333333], [1.2515166666666666, 103.77895], [1.25245, 103.77833333333334], [1.2586833333333334, 103.77365]],