{"563008760": [[1.2170316666666667, 103.86250666666666], [1.2167633333333334, 103.86226666666667], [1.2162683333333333, 103.86178166666667], [1.212255, 103.85544333333333], [1.212085, 103.85511166666667], [1.2117783333333334, 103.85446666666667], [1.2109983333333334, 103.85226666666667], [1.2107883333333334, 103.85124166666667], [1.2106616666666667, 103.85007833333333], [1.2106083333333333, 103.84887333333333], [1.2105816666666667, 103.84640833333333], [1.2105116666666667, 103.84513833333334], [1.21045, 103.84397]], "372056000": [[1.2155833333333332, 103.86276666666667], [1.2151166666666666, 103.86173333333333], [1.2146666666666666, 103.86078333333333], [1.2142, 103.85981666666666], [1.2139166666666668, 103.85923333333334], [1.2134333333333334, 103.85826666666667], [1.2132333333333334, 103.85788333333333], [1.2129333333333334, 103.85735], [1.2126, 103.85678333333334], [1.2123833333333334, 103.8564], [1.2118166666666668, 103.85543333333334], [1.21125, 103.85446666666667], [1.2110166666666666, 103.85406666666667], [1.2102, 103.85238333333334], [1.2097833333333334, 103.85126666666666], [1.20955, 103.85058333333333], [1.20905, 103.84901666666667], [1.2089, 103.84843333333333], [1.2087166666666667, 103.84771666666667], [1.2086, 103.84723333333334], [1.2083666666666666, 103.846], [1.2081666666666666, 103.84476666666667], [1.20805, 103.84401666666666], [1.208, 103.84351666666667], [1.2079, 103.84276666666666], [1.2078333333333333, 103.84206666666667], [1.2077833333333334, 103.84156666666667], [1.2076833333333334, 103.84031666666667], [1.20765, 103.8398], [1.2076, 103.83905], [1.2075833333333332, 103.83828333333334], [1.20755, 103.83778333333333], [1.2075333333333333, 103.83651666666667], [1.2075166666666666, 103.83526666666667], [1.2075333333333333, 103.83401666666667], [1.2075666666666667, 103.83331666666666], [1.2076166666666666, 103.83281666666667], [1.2077, 103.83208333333333], [1.2077833333333334, 103.83146666666667], [1.2078666666666666, 103.83098333333334], [1.208, 103.83025], [1.2082166666666667, 103.82903333333333], [1.2083, 103.82855], [1.2084333333333332, 103.82781666666666], [1.2085166666666667, 103.82733333333333], [1.20865, 103.82661666666667], [1.20875, 103.82611666666666], [1.2088666666666668, 103.8254], [1.209, 103.82473333333333], [1.2090833333333333, 103.82425], [1.2092166666666666, 103.82351666666666], [1.2093166666666666, 103.82303333333333], [1.20945, 103.82231666666667], [1.2095333333333333, 103.82183333333333], [1.2096666666666667, 103.82111666666667], [1.2097833333333334, 103.82056666666666], [1.21, 103.81936666666667], [1.2100833333333334, 103.8189], [1.2102333333333333, 103.81818333333334], [1.21045, 103.81705], [1.2106, 103.81633333333333], [1.2106833333333333, 103.81586666666666], [1.2107833333333333, 103.81538333333333], [1.21115, 103.8135], [1.2114166666666666, 103.81231666666666], [1.2117166666666668, 103.81116666666667], [1.2120833333333334, 103.81003333333334], [1.2124833333333334, 103.80898333333333], [1.213, 103.8078], [1.2134833333333332, 103.80676666666666], [1.2136666666666667, 103.80633333333333], [1.21385, 103.80591666666666], [1.2145166666666667, 103.80421666666666], [1.2150333333333334, 103.80295], [1.2152166666666666, 103.80253333333333], [1.2162166666666667, 103.80056666666667], [1.21655, 103.79998333333333], [1.2167833333333333, 103.7996], [1.2171333333333334, 103.79903333333333], [1.2176333333333333, 103.79828333333333], [1.2180166666666667, 103.79773333333333], [1.2184166666666667, 103.79718333333334], [1.2205666666666666, 103.79466666666667], [1.2220333333333333, 103.79311666666666], [1.22285, 103.79233333333333], [1.2233333333333334, 103.79186666666666], [1.2245, 103.7908], [1.2261833333333334, 103.7894], [1.2285, 103.78765], [1.2302833333333334, 103.78633333333333], [1.2316666666666667, 103.78531666666667]], "325752000": [[1.21805, 103.86261666666667], [1.2179333333333333, 103.8625], [1.2178833333333334, 103.86245], [1.2178, 103.86235], [1.2177166666666666, 103.86228333333334], [1.2174333333333334, 103.86205], [1.2170333333333334, 103.86168333333333], [1.2169166666666666, 103.86158333333333], [1.2168166666666667, 103.86151666666666], [1.21675, 103.86143333333334], [1.2166166666666667, 103.86131666666667], [1.2165833333333333, 103.86126666666667], [1.2164166666666667, 103.86108333333334], [1.2163, 103.86095], [1.2162, 103.86085], [1.2161666666666666, 103.8608], [1.2161, 103.8607], [1.2160333333333333, 103.8606], [1.2159333333333333, 103.86043333333333], [1.2158833333333334, 103.86031666666666], [1.2157833333333334, 103.86015], [1.2156833333333332, 103.85993333333333], [1.2155833333333332, 103.8597], [1.21525, 103.85915], [1.2149166666666666, 103.85851666666667], [1.2148, 103.8583], [1.2146166666666667, 103.85795], [1.2143666666666666, 103.85743333333333], [1.2142, 103.85715], [1.2140166666666667, 103.8568], [1.2138833333333334, 103.85658333333333], [1.2136833333333332, 103.85623333333334], [1.2132, 103.85541666666667], [1.2129833333333333, 103.85505], [1.2128333333333334, 103.85481666666666], [1.2122166666666667, 103.8539], [1.21205, 103.85366666666667], [1.2118166666666668, 103.85331666666667], [1.2116833333333332, 103.85306666666666], [1.2115333333333334, 103.85281666666667], [1.2114666666666667, 103.85268333333333]], "525012102": [[1.2180166666666667, 103.86308833333334], [1.2174066666666667, 103.86281833333334], [1.216915, 103.86253166666667], [1.2156716666666667, 103.86188666666666], [1.21472, 103.86120666666666], [1.2141366666666666, 103.86077666666667], [1.213085, 103.85991666666666], [1.2116116666666668, 103.85837666666667], [1.2105133333333333, 103.85729666666667], [1.2099866666666668, 103.85685333333333], [1.2066783333333333, 103.85555], [1.204845, 103.85425], [1.2036416666666667, 103.85342833333333], [1.2030416666666666, 103.85304166666667], [1.2017583333333333, 103.85204333333333], [1.20121, 103.85157666666667], [1.2004966666666668, 103.85100166666666], [1.19976, 103.85049166666667], [1.1978516666666668, 103.849105], [1.197125, 103.84853833333334], [1.1957366666666667, 103.847465], [1.1929516666666666, 103.845135], [1.1911816666666666, 103.84317833333333], [1.1905566666666667, 103.84269833333333], [1.187775, 103.84122333333333], [1.18529, 103.83966], [1.182915, 103.83797333333334], [1.1823333333333332, 103.83762166666666], [1.18055, 103.83635166666667], [1.1757433333333334, 103.83283166666666]], "566495000": [[1.2084633333333332, 103.85262], [1.2087116666666666, 103.85305833333334], [1.209195, 103.85390166666667], [1.2094566666666666, 103.85434666666667], [1.209995, 103.85524166666667]], "563037860": [[1.2169166666666666, 103.85191166666667], [1.216915, 103.85191], [1.2169116666666666, 103.85191666666667], [1.216915, 103.85190666666666], [1.216925, 103.85188666666667], [1.2169116666666666, 103.85190666666666], [1.2169083333333333, 103.85190833333333], [1.2169133333333333, 103.85190166666666], [1.216915, 103.85191], [1.2169166666666666, 103.85190833333333], [1.2169183333333333, 103.85191333333333], [1.2169133333333333, 103.85190333333334], [1.2169166666666666, 103.85190666666666], [1.21692, 103.85190666666666]],