{"565587000": [[1.2093683333333334, 103.85866666666666], [1.20938, 103.85834166666666], [1.20939, 103.85802], [1.2094, 103.85766833333334], [1.2094083333333334, 103.85738166666667], [1.2094133333333332, 103.857035], [1.2094183333333333, 103.85675333333333], [1.2094233333333333, 103.85644166666667], [1.209425, 103.85613166666667], [1.209425, 103.85579333333334], [1.209425, 103.85551833333334], [1.209425, 103.85518166666667], [1.209425, 103.85490833333333], [1.2094183333333333, 103.854545], [1.209415, 103.854305], [1.209405, 103.853705], [1.2093983333333334, 103.853375], [1.20939, 103.85310666666666], [1.2093783333333334, 103.85275333333334], [1.20937, 103.85251666666667], [1.2093566666666666, 103.85219333333333], [1.2093416666666668, 103.85192666666667], [1.2093266666666667, 103.85163166666666], [1.2093116666666666, 103.85133666666667], [1.20929, 103.85098333333333], [1.2092533333333333, 103.85045166666667], [1.20921, 103.84986166666667], [1.209185, 103.84956666666666], [1.209155, 103.84921666666666], [1.2091066666666668, 103.848695], [1.209075, 103.848405], [1.209045, 103.848115], [1.2090133333333333, 103.847825], [1.2089716666666666, 103.84747666666667], [1.2089066666666666, 103.846955], [1.2088716666666666, 103.846665], [1.2088333333333334, 103.846375], [1.2087916666666667, 103.84609]], "566449000": [[1.2083, 103.85401333333333], [1.2085216666666667, 103.85433], [1.2088633333333334, 103.85488833333334], [1.2092183333333333, 103.855465], [1.2095283333333333, 103.85603333333333], [1.2096433333333334, 103.85622666666667], [1.2098533333333332, 103.85658666666667], [1.2101616666666666, 103.85718166666666], [1.2102866666666667, 103.85740333333334], [1.2104083333333333, 103.85760833333333], [1.2105083333333333, 103.85777833333333], [1.2108816666666666, 103.85832], [1.2110283333333334, 103.85850166666667], [1.2111483333333333, 103.85867666666667], [1.2112666666666667, 103.85884333333334], [1.2114133333333332, 103.85905666666666], [1.2116416666666667, 103.85943], [1.2117683333333333, 103.85963833333334], [1.2118833333333334, 103.85983833333333], [1.2119783333333334, 103.86000666666666], [1.2121333333333333, 103.86019833333333], [1.2122616666666666, 103.86035], [1.2124166666666667, 103.86052], [1.2127066666666666, 103.860885], [1.212835, 103.86104], [1.212985, 103.861235], [1.2130933333333334, 103.86137333333333], [1.2132616666666667, 103.861555], [1.2135516666666666, 103.861925], [1.21369, 103.86209166666667], [1.21384, 103.86228333333334], [1.213965, 103.86244], [1.214115, 103.86263833333334], [1.21437, 103.86300333333334], [1.2144816666666667, 103.863175], [1.21462, 103.863385], [1.2147466666666666, 103.863545], [1.214905, 103.863735], [1.2152216666666666, 103.86407666666666], [1.215375, 103.864255], [1.2155466666666668, 103.86440333333333], [1.215695, 103.86454666666667], [1.2158933333333333, 103.86470166666666], [1.216235, 103.865045], [1.2163816666666667, 103.86521333333333], [1.2165016666666666, 103.865365], [1.2166666666666666, 103.865565], [1.2168433333333333, 103.86573333333334], [1.217205, 103.86601], [1.2173933333333333, 103.86617833333334], [1.2175716666666667, 103.866285], [1.2177783333333334, 103.86643833333333], [1.2179883333333332, 103.86657666666666], [1.21823, 103.86670666666667], [1.2184216666666667, 103.86683833333333], [1.218625, 103.86697333333333], [1.2187883333333334, 103.86707], [1.2191916666666667, 103.86731666666667], [1.2196066666666667, 103.86757666666666], [1.2197983333333333, 103.867715], [1.2199816666666667, 103.86782333333333], [1.2203966666666666, 103.86806666666666], [1.22062, 103.86823833333334], [1.2207933333333334, 103.86833166666666], [1.220975, 103.86850666666666], [1.221155, 103.868665], [1.2213833333333333, 103.86882833333334], [1.2219566666666666, 103.86926], [1.2221433333333334, 103.86941333333333], [1.2223083333333333, 103.86954833333333], [1.2225466666666667, 103.86974666666667], [1.2227483333333333, 103.86988166666667], [1.2229416666666666, 103.87002], [1.2231116666666666, 103.87015333333333], [1.2232983333333334, 103.87032833333333], [1.223455, 103.87050166666667], [1.2238683333333333, 103.87087], [1.2240633333333333, 103.87103166666667], [1.2242316666666666, 103.87118166666667], [1.2244166666666667, 103.87137], [1.224585, 103.87153166666667], [1.224775, 103.871705], [1.2250133333333333, 103.87189333333333], [1.2252, 103.872065], [1.2254, 103.87225166666667], [1.225585, 103.87242833333333], [1.2257533333333333, 103.87259], [1.2259416666666667, 103.87276666666666], [1.226145, 103.87298833333334], [1.2263066666666667, 103.87315], [1.2265, 103.87330833333333], [1.22669, 103.87347166666666], [1.22687, 103.873615], [1.2270716666666666, 103.87378333333334], [1.2273066666666668, 103.874], [1.2274833333333333, 103.87412166666667], [1.2276683333333334, 103.87424], [1.2278866666666666, 103.87440333333333], [1.2280716666666667, 103.87454166666667], [1.22827, 103.874705], [1.2285133333333333, 103.87489833333333], [1.2287116666666666, 103.87506333333333], [1.2288983333333334, 103.875215], [1.229115, 103.87538833333333], [1.2293433333333332, 103.87556333333333], [1.2295316666666667, 103.87574], [1.2297166666666666, 103.875925], [1.22989, 103.87611166666667], [1.2300716666666667, 103.87627666666667], [1.230295, 103.87646333333333], [1.230495, 103.87663666666667], [1.2306933333333334, 103.87679166666666], [1.230895, 103.876945], [1.2310966666666667, 103.87711833333333], [1.2312766666666666, 103.87728], [1.2314933333333333, 103.87748], [1.2316866666666666, 103.87764666666666], [1.23188, 103.87781833333334], [1.2320666666666666, 103.87799333333334], [1.2322466666666667, 103.87817], [1.2324033333333333, 103.87830666666666], [1.232625, 103.878505], [1.2327916666666667, 103.878665], [1.2329566666666667, 103.87880333333334], [1.2331166666666666, 103.87890666666667], [1.23328, 103.87902833333334], [1.2334266666666667, 103.87914166666667], [1.2336, 103.87926833333333], [1.2337333333333333, 103.87937666666667], [1.2338716666666667, 103.87950333333333], [1.2340083333333334, 103.87961666666666], [1.2342633333333333, 103.87982166666667], [1.2345133333333334, 103.88004666666667], [1.2346283333333334, 103.88015166666666], [1.234755, 103.880255], [1.2348716666666666, 103.88035666666667], [1.23499, 103.88047333333333], [1.23524, 103.880745], [1.2355266666666667, 103.88092833333333], [1.2356816666666666, 103.881025], [1.2358233333333333, 103.88112333333333], [1.236125, 103.88128666666667], [1.2364616666666666, 103.88147833333333], [1.236615, 103.88158], [1.236805, 103.88169333333333], [1.2369616666666667, 103.88178], [1.2371416666666666, 103.88187666666667], [1.237335, 103.88197666666667], [1.2375083333333334, 103.88207], [1.2378766666666667, 103.88228666666667], [1.2380383333333334, 103.88237666666667], [1.2382066666666667, 103.88247666666666], [1.2385666666666666, 103.88273], [1.2388883333333334, 103.88293666666667], [1.2391933333333334, 103.88312833333333], [1.2396566666666666, 103.88344833333333], [1.2398016666666667, 103.88355], [1.2400566666666666, 103.883725], [1.240205, 103.88382666666666], [1.2403333333333333, 103.88391666666666], [1.2404566666666668, 103.88400166666666], [1.2405766666666667, 103.88408], [1.2408033333333333, 103.88421833333334], [1.24106, 103.88436333333334], [1.2415183333333333, 103.88463333333333], [1.2416083333333334, 103.88468], [1.2417233333333333, 103.884735], [1.24183, 103.88478833333333], [1.242025, 103.88489166666666], [1.24215, 103.88495833333333], [1.24224, 103.88501166666667], [1.2423533333333334, 103.88506666666666], [1.2426266666666668, 103.88521166666666], [1.24273, 103.88526666666667], [1.2428016666666666, 103.88530833333333], [1.2429016666666666, 103.88536166666667], [1.2431616666666667, 103.88549833333333], [1.2432533333333333, 103.88553666666667]],