{"353923000": [[1.211495, 103.86131333333333], [1.2114016666666667, 103.861215], [1.21131, 103.86111666666666], [1.211185, 103.86098833333334], [1.2110883333333333, 103.86089166666666], [1.21076, 103.86059], [1.21062, 103.86048166666667], [1.2103066666666666, 103.86023666666667], [1.209825, 103.85986166666666], [1.20947, 103.85960166666666], [1.2091133333333333, 103.859345], [1.2087533333333333, 103.85908833333333], [1.2084283333333334, 103.85884833333333], [1.2075716666666667, 103.85818833333333], [1.2073533333333333, 103.85797333333333], [1.20717, 103.85778166666667], [1.2070516666666666, 103.85765333333333], [1.2068866666666667, 103.857455], [1.20655, 103.85700833333334], [1.20655, 103.85700833333334], [1.2063616666666668, 103.85677], [1.2062816666666667, 103.85666833333333], [1.2060016666666666, 103.85628666666666], [1.2057533333333332, 103.85592333333334], [1.2042483333333334, 103.85371333333333], [1.2037233333333333, 103.85297], [1.2034733333333334, 103.85264333333333], [1.2027433333333333, 103.851495], [1.202665, 103.85133166666667], [1.20261, 103.85120833333333], [1.202435, 103.85079666666667], [1.20237, 103.85063166666667], [1.202325, 103.85050666666666], [1.2022883333333334, 103.85037833333334], [1.2022483333333334, 103.85021], [1.202225, 103.85008166666667], [1.2022066666666666, 103.84995666666667], [1.2021933333333332, 103.84979166666666], [1.20219, 103.84966666666666], [1.2021883333333334, 103.84954333333333], [1.202195, 103.84926], [1.2022016666666666, 103.84914], [1.2022066666666666, 103.84902], [1.20222, 103.84874333333333], [1.2022383333333333, 103.848345], [1.2022383333333333, 103.84823], [1.2023033333333333, 103.84739166666667], [1.2023766666666666, 103.84663333333333], [1.2024816666666667, 103.84582666666667], [1.20255, 103.84538333333333], [1.2026166666666667, 103.84497333333333], [1.2027433333333333, 103.84419], [1.2028816666666666, 103.843355], [1.202955, 103.84289], [1.2030166666666666, 103.84246666666667], [1.203285, 103.84077666666667], [1.20347, 103.83986], [1.20367, 103.83902666666667], [1.2038883333333332, 103.83814], [1.204005, 103.83769], [1.204125, 103.83719833333333], [1.2045433333333333, 103.83545], [1.204645, 103.834995], [1.2047483333333333, 103.83449666666667], [1.2051233333333333, 103.83263166666667]], "563033490": [[1.2094233333333333, 103.85844666666667], [1.2094466666666666, 103.858015], [1.20959, 103.85591166666667], [1.20964, 103.85500333333333], [1.2096766666666667, 103.85458833333334], [1.2097683333333333, 103.85321166666667], [1.2097716666666667, 103.85279], [1.20975, 103.85238], [1.20967, 103.85047333333333], [1.2096566666666666, 103.85001666666666], [1.2095316666666667, 103.84848666666667], [1.2095066666666667, 103.84794333333333], [1.2094433333333334, 103.84738833333333], [1.2093283333333333, 103.84693333333334], [1.2091716666666668, 103.84639166666666], [1.2089883333333333, 103.84540666666666], [1.2090483333333333, 103.84403166666667], [1.2092183333333333, 103.84271833333334], [1.2094666666666667, 103.84131833333333], [1.2097, 103.84007166666666], [1.209965, 103.83656166666667], [1.2099066666666667, 103.83601666666667], [1.2098383333333333, 103.83555], [1.2094333333333334, 103.83403666666666], [1.20913, 103.83369], [1.20882, 103.83331666666666], [1.2086266666666667, 103.83166666666666], [1.208625, 103.830605], [1.2088283333333334, 103.82832166666667], [1.2094283333333333, 103.826025], [1.2101216666666668, 103.82425666666667], [1.211125, 103.82194166666666], [1.2141216666666668, 103.81092166666667]], "563024500": [[1.2175333333333334, 103.86315333333333], [1.2175333333333334, 103.86315333333333], [1.2175166666666666, 103.86312833333334], [1.21736, 103.862925], [1.2169716666666666, 103.862435], [1.2166033333333333, 103.86196333333334], [1.2164283333333332, 103.86175333333334], [1.2162466666666667, 103.86153166666666], [1.2157966666666666, 103.861035], [1.2154333333333334, 103.86061833333333], [1.215255, 103.86041], [1.2146683333333332, 103.85973], [1.214325, 103.85923333333334], [1.2141466666666667, 103.85901166666666], [1.21395, 103.85877166666667], [1.2131516666666666, 103.85759666666667], [1.2129766666666666, 103.85735666666666], [1.2126533333333334, 103.85692666666667], [1.21257, 103.85682], [1.2121633333333333, 103.85626166666667], [1.2120066666666667, 103.85600833333334], [1.211655, 103.85565], [1.211135, 103.85506166666667], [1.2109366666666668, 103.85486833333333], [1.2107683333333332, 103.85469333333333], [1.210735, 103.85465666666667], [1.210735, 103.85465666666667], [1.210715, 103.85464], [1.2106383333333333, 103.85457666666667], [1.2105983333333334, 103.85454666666666], [1.2102616666666666, 103.85426166666667], [1.2100883333333334, 103.85409], [1.2100416666666667, 103.85404], [1.20997, 103.85395833333334], [1.2099366666666667, 103.85392333333333], [1.209875, 103.85385666666667], [1.2097266666666666, 103.8537], [1.20971, 103.85368333333334], [1.2096466666666668, 103.85361333333333], [1.20963, 103.85359833333334], [1.209565, 103.85353666666667], [1.2093933333333333, 103.85334333333333], [1.2092633333333334, 103.85319166666666], [1.20914, 103.85302833333333], [1.2090733333333334, 103.85294666666667], [1.2090433333333332, 103.852915], [1.2090283333333334, 103.8529], [1.2089833333333333, 103.85285], [1.2088633333333334, 103.85268833333333], [1.2087783333333333, 103.85256833333334], [1.2087433333333333, 103.85252], [1.20862, 103.85233], [1.2084633333333332, 103.85205833333333], [1.2084316666666666, 103.85200833333333], [1.2083583333333334, 103.85189666666666], [1.2083466666666667, 103.85188166666667], [1.2082433333333333, 103.85168], [1.2080816666666667, 103.85131666666666], [1.2079266666666666, 103.850975], [1.2078533333333332, 103.85081833333334], [1.2077633333333333, 103.85064166666666], [1.2076766666666667, 103.850465], [1.2075733333333334, 103.850265], [1.2073683333333334, 103.84989333333333], [1.2072833333333333, 103.84975], [1.2071933333333333, 103.849565], [1.2070883333333333, 103.84916833333334], [1.206985, 103.84878666666667], [1.2069616666666667, 103.84865333333333], [1.20694, 103.84848166666667], [1.2068633333333334, 103.848155]], "525021428": [[1.2159116666666667, 103.86234833333333], [1.2153233333333333, 103.86141666666667], [1.2147483333333333, 103.86046666666667], [1.2142266666666666, 103.85955166666666], [1.21319, 103.85781666666666], [1.212225, 103.85628666666666], [1.2112816666666666, 103.854855], [1.21065, 103.85423833333333], [1.210145, 103.85354833333334], [1.2098733333333334, 103.852745], [1.2094733333333334, 103.851475], [1.2086733333333333, 103.84798], [1.2091483333333333, 103.842385], [1.2096283333333333, 103.83956333333333], [1.209825, 103.83869333333334], [1.2100016666666666, 103.837935], [1.2125966666666668, 103.83143166666666], [1.2135583333333333, 103.83078333333333]], "563004940": [[1.21417, 103.86253666666667], [1.2139983333333333, 103.86193333333334], [1.213925, 103.86160833333334], [1.2138583333333333, 103.86132], [1.2136516666666666, 103.860715]],