{"564298000": [[1.2106183333333334, 103.86019833333333], [1.2105333333333332, 103.85948166666667], [1.2104833333333334, 103.85790666666666], [1.210655, 103.85639], [1.2107883333333334, 103.85557833333333], [1.2111916666666667, 103.85350833333334], [1.2114216666666666, 103.85190333333334], [1.21241, 103.84979166666666], [1.2128283333333334, 103.84931166666667], [1.2137616666666666, 103.84803166666667], [1.2153333333333334, 103.84643833333334], [1.2157966666666666, 103.84592666666667], [1.2168933333333334, 103.84486333333334], [1.2185633333333334, 103.84314833333333], [1.219015, 103.84259166666666], [1.2202083333333333, 103.84142], [1.2214633333333333, 103.84051166666667], [1.2220866666666668, 103.83998666666666], [1.2226616666666668, 103.83941833333333], [1.2237616666666666, 103.83824], [1.228915, 103.83401666666667], [1.2295316666666667, 103.83343333333333], [1.23121, 103.83162166666666], [1.2323483333333334, 103.83040666666666], [1.2345783333333333, 103.827955], [1.23874, 103.82401833333333], [1.2393583333333333, 103.82335333333333], [1.2423416666666667, 103.81937333333333], [1.2428066666666666, 103.81888666666667], [1.24612, 103.81516166666667], [1.2493333333333334, 103.81207], [1.257085, 103.80466]], "563049800": [[1.2081383333333333, 103.85558833333333], [1.20834, 103.85483166666667], [1.2083666666666666, 103.85473833333333], [1.2083966666666666, 103.854645], [1.2085283333333334, 103.85427166666666], [1.2087066666666666, 103.85381166666667], [1.2089083333333333, 103.85336333333333], [1.2089983333333334, 103.85319166666666], [1.2091733333333334, 103.85283833333334], [1.2094233333333333, 103.85231], [1.2095466666666668, 103.85204333333333], [1.2099616666666666, 103.85127166666666], [1.2100683333333333, 103.851105], [1.2101783333333334, 103.85094166666667], [1.210515, 103.85046166666666], [1.2109283333333334, 103.849915], [1.2109866666666667, 103.84983666666666], [1.2118383333333334, 103.84877166666666], [1.212085, 103.84847166666667], [1.2125266666666668, 103.84795], [1.2129183333333333, 103.84751333333334], [1.213265, 103.847165], [1.2135483333333332, 103.84689333333333], [1.2138383333333334, 103.84662166666666], [1.2140566666666666, 103.84641833333333], [1.2141316666666666, 103.84635166666666], [1.2143516666666667, 103.84615], [1.2144266666666668, 103.84608333333334], [1.21511, 103.84549333333334], [1.21603, 103.84472], [1.21641, 103.84439166666667], [1.2168783333333333, 103.844005], [1.2173366666666667, 103.84361166666666], [1.2183183333333334, 103.84274833333333], [1.2187533333333334, 103.84233], [1.2195666666666667, 103.84157], [1.22018, 103.84104333333333], [1.2209483333333333, 103.84038166666667], [1.22148, 103.83990833333333], [1.2223083333333333, 103.83915333333333], [1.2233416666666668, 103.83817], [1.2241366666666667, 103.83738], [1.2245266666666668, 103.837045], [1.22516, 103.83652], [1.2254733333333334, 103.836255], [1.2259366666666667, 103.83585], [1.2268616666666667, 103.83503333333333], [1.228815, 103.833195], [1.22926, 103.832755], [1.2296216666666666, 103.83238333333334], [1.2300433333333334, 103.83192833333334], [1.2304033333333333, 103.83155166666667], [1.2312816666666666, 103.830655], [1.2330333333333334, 103.82885666666667], [1.233625, 103.82826333333334], [1.23392, 103.827965], [1.2348333333333332, 103.82708333333333], [1.23766, 103.82429666666667], [1.2384766666666667, 103.82348666666667], [1.240235, 103.82182833333333], [1.24202, 103.82004], [1.2426, 103.819425], [1.2428866666666667, 103.81911666666667], [1.24383, 103.81812166666667], [1.24422, 103.81776333333333], [1.244685, 103.81732666666667], [1.2464633333333333, 103.815475], [1.2464633333333333, 103.815475], [1.247335, 103.814535], [1.247335, 103.814535], [1.24754, 103.81432], [1.247605, 103.81425166666666], [1.2481516666666668, 103.813665], [1.2481516666666668, 103.813665], [1.24854, 103.81322], [1.2487616666666668, 103.81296666666667], [1.2487616666666668, 103.81296666666667], [1.24899, 103.81272333333334], [1.2498883333333333, 103.81183166666666], [1.2505333333333333, 103.811225], [1.25087, 103.81091666666667], [1.2512066666666666, 103.81061166666667], [1.2518216666666666, 103.810055], [1.2520383333333334, 103.80985666666666], [1.2521933333333333, 103.80970833333333], [1.25234, 103.80956833333333], [1.2523916666666666, 103.80952], [1.2541216666666666, 103.808095], [1.2545916666666668, 103.80770833333334], [1.2546916666666668, 103.807625], [1.2548866666666667, 103.80746333333333], [1.2550316666666668, 103.80734666666666], [1.2550816666666667, 103.80731], [1.257085, 103.80579], [1.2574566666666667, 103.80555166666667], [1.2580083333333334, 103.80526], [1.2589016666666666, 103.80501833333334], [1.25911, 103.80501166666667], [1.2598233333333333, 103.80519], [1.2599616666666666, 103.80525], [1.2599966666666667, 103.80526833333333], [1.2604666666666666, 103.80557666666667], [1.2605766666666667, 103.80567833333333], [1.2608416666666666, 103.80609666666666], [1.2608766666666666, 103.80619666666666], [1.260925, 103.80643], [1.2609366666666666, 103.80648333333333], [1.2609533333333334, 103.80659166666666], [1.2610733333333333, 103.80745333333333], [1.2610933333333334, 103.807755], [1.2611, 103.80793666666666], [1.2611066666666666, 103.80830166666667], [1.2611, 103.80958666666666], [1.2610433333333333, 103.812275], [1.261035, 103.813895]], "564330000": [[1.2096366666666667, 103.858725], [1.209705, 103.85782833333333], [1.20984, 103.85702], [1.2103433333333333, 103.85432666666667], [1.2105283333333334, 103.85336], [1.2108083333333333, 103.85251333333333], [1.21112, 103.85176833333334], [1.21207, 103.85022], [1.2126266666666667, 103.84949666666667], [1.2132616666666667, 103.84872], [1.2144283333333334, 103.84743333333333], [1.2155583333333333, 103.84599333333334], [1.216125, 103.84524333333333], [1.21681, 103.84447333333334], [1.2179766666666667, 103.84309166666667], [1.22077, 103.84036666666667], [1.2221, 103.83913333333334], [1.22349, 103.83781], [1.2251183333333333, 103.83656666666667], [1.2266666666666666, 103.83551166666666], [1.2282266666666666, 103.83433666666667], [1.2310416666666666, 103.83164166666667], [1.2325716666666666, 103.830395], [1.2361883333333332, 103.82611166666666], [1.2383083333333333, 103.823775], [1.2410416666666666, 103.82075333333333], [1.2425066666666666, 103.81910166666667], [1.2448666666666666, 103.81683], [1.2477483333333332, 103.81313333333334], [1.2493133333333333, 103.811415], [1.2499716666666667, 103.810815], [1.2543333333333333, 103.80696833333333], [1.2570383333333333, 103.80531166666667], [1.261085, 103.81371333333334], [1.262095, 103.82037166666667], [1.2628216666666667, 103.82041666666667], [1.2628733333333333, 103.82042333333334], [1.26294, 103.82043333333333], [1.2629466666666667, 103.82043666666667], [1.2629433333333333, 103.820435], [1.261455, 103.81966333333334], [1.26139, 103.81937166666667], [1.2613416666666666, 103.81761], [1.26203, 103.81682833333333], [1.262265, 103.81867166666666], [1.2622433333333334, 103.81868833333333], [1.262205, 103.81871333333333], [1.26218, 103.81875666666667], [1.26236, 103.81717166666667], [1.26144, 103.81966666666666], [1.2616033333333334, 103.81979333333334], [1.2617533333333333, 103.81991833333333], [1.261905, 103.81984833333334], [1.2619066666666667, 103.81984833333334], [1.2619066666666667, 103.81984333333334], [1.2619, 103.81983333333334], [1.2619033333333334, 103.819835], [1.2618966666666667, 103.81983333333334], [1.2619, 103.81983666666666]],