{"563033480": [[1.2099316666666666, 103.85919], [1.209875, 103.85856], [1.2093, 103.85605666666666], [1.2091083333333332, 103.85544333333333], [1.2089466666666666, 103.85487666666667], [1.2087916666666667, 103.85429833333333], [1.208625, 103.85371666666667], [1.2084683333333333, 103.85312], [1.208185, 103.85197166666667], [1.2077466666666667, 103.850115], [1.20766, 103.84942833333334], [1.2075283333333333, 103.84825333333333], [1.2074566666666666, 103.84767], [1.2074016666666667, 103.84709], [1.2072516666666666, 103.8454], [1.2070566666666667, 103.84422666666667], [1.2068166666666666, 103.84168666666666], [1.2067883333333334, 103.84034166666666], [1.2070683333333334, 103.83495666666667], [1.2079516666666668, 103.82946166666666], [1.20818, 103.82801333333333], [1.2086483333333333, 103.82505166666667], [1.209215, 103.82219], [1.21005, 103.81892], [1.21018, 103.81823], [1.2102933333333334, 103.81752333333333], [1.21061, 103.81547166666667], [1.2139266666666666, 103.805225], [1.2175266666666666, 103.80048833333333]], "566134000": [[1.2153266666666667, 103.86297333333333], [1.2149333333333334, 103.86214], [1.214635, 103.86152], [1.2145183333333334, 103.86126666666667], [1.2141233333333334, 103.86041833333333], [1.2138283333333333, 103.85979166666667], [1.2137166666666668, 103.85954333333333], [1.2133383333333334, 103.85872666666667], [1.21306, 103.85817666666667], [1.2129033333333334, 103.85787666666667], [1.2127566666666667, 103.85760166666667], [1.2126216666666667, 103.85735166666667], [1.2124733333333333, 103.857075], [1.212175, 103.85653333333333], [1.21199, 103.85622], [1.2118216666666666, 103.85594], [1.211665, 103.85571], [1.2115083333333334, 103.855455], [1.2113716666666667, 103.85521], [1.2112333333333334, 103.85495333333333], [1.211095, 103.85464833333333], [1.2109583333333334, 103.85439], [1.2108333333333334, 103.85416166666667], [1.2107266666666667, 103.85390166666667], [1.2106266666666667, 103.85364333333334], [1.2105366666666666, 103.85337833333334], [1.2103566666666667, 103.85284166666666], [1.21028, 103.852595], [1.2102, 103.85234], [1.21011, 103.85204166666666], [1.2100333333333333, 103.851815], [1.2099433333333334, 103.85154833333333], [1.2098633333333333, 103.85125166666667], [1.2097883333333332, 103.85100833333334], [1.2097066666666667, 103.85074833333333], [1.2096216666666666, 103.85048166666667], [1.209445, 103.84995166666667], [1.2092766666666668, 103.84941], [1.20922, 103.84915166666667], [1.209065, 103.84832333333334], [1.209015, 103.84804833333334], [1.2088383333333332, 103.84722833333333], [1.208605, 103.84616], [1.2083483333333334, 103.84500333333334], [1.2082316666666666, 103.844455], [1.2072716666666667, 103.83724166666667], [1.2072533333333333, 103.83746333333333], [1.2072583333333333, 103.83731333333333], [1.20728, 103.83690333333334], [1.2073, 103.83657333333333], [1.2073316666666667, 103.83606666666667], [1.2073383333333334, 103.835805], [1.20729, 103.836355], [1.2072466666666666, 103.83685666666666], [1.2072266666666667, 103.83675333333333], [1.2072116666666666, 103.83691666666667], [1.2072216666666666, 103.83673333333333], [1.2072516666666666, 103.83629666666667], [1.2072766666666668, 103.83592166666666], [1.2073066666666668, 103.83559333333334], [1.2070883333333333, 103.83740166666666], [1.2070866666666666, 103.837315], [1.2070816666666666, 103.83719], [1.2070783333333333, 103.83713], [1.2070766666666666, 103.83704166666666], [1.207075, 103.83693], [1.2070733333333334, 103.836905], [1.2070733333333334, 103.83685333333334], [1.207075, 103.83679833333333], [1.2070766666666666, 103.83663666666666], [1.2070816666666666, 103.83649333333334], [1.207085, 103.83643666666667], [1.207095, 103.83626666666666], [1.2070966666666667, 103.83621], [1.2070966666666667, 103.83618166666666], [1.2071033333333334, 103.83591833333334], [1.2071133333333333, 103.83579833333333], [1.2071316666666667, 103.83565333333334], [1.2071433333333332, 103.83556666666667], [1.2071866666666666, 103.83528666666666], [1.207205, 103.83517], [1.20721, 103.83513833333333], [1.2072183333333333, 103.83507833333333], [1.207245, 103.83490166666667], [1.2072566666666666, 103.83484833333333], [1.20727, 103.83476666666667], [1.20728, 103.83471], [1.20729, 103.83465], [1.207295, 103.83462166666666], [1.2073133333333332, 103.83446333333333], [1.2073266666666667, 103.83437666666667], [1.2073466666666666, 103.83426833333333], [1.2073866666666666, 103.83411], [1.207405, 103.83398166666667], [1.2074216666666666, 103.83385666666666], [1.2074416666666667, 103.83373333333333], [1.20746, 103.833615], [1.2074833333333332, 103.833495], [1.2074933333333333, 103.833435], [1.2075016666666667, 103.833375], [1.2075133333333334, 103.833315], [1.20752, 103.833255], [1.2075316666666667, 103.83319833333333], [1.2075416666666667, 103.83314], [1.2075666666666667, 103.833035], [1.2075933333333333, 103.83285833333333], [1.2076016666666667, 103.8328], [1.2076166666666666, 103.83268666666666], [1.2076283333333333, 103.832565], [1.2076466666666668, 103.832445], [1.2076633333333333, 103.83232666666666], [1.2076766666666667, 103.83221333333333], [1.207695, 103.83210833333334], [1.2077066666666667, 103.83205166666667], [1.2077183333333332, 103.831995], [1.2077316666666666, 103.83188], [1.20775, 103.83176], [1.2077666666666667, 103.831645], [1.2077783333333334, 103.83159], [1.2077883333333332, 103.831525], [1.2078033333333333, 103.831395], [1.2078183333333334, 103.83127166666667], [1.2078283333333333, 103.83116], [1.2078333333333333, 103.83110333333333], [1.20784, 103.83104833333333], [1.207855, 103.83093], [1.2078616666666666, 103.83087], [1.20787, 103.83081], [1.2078866666666668, 103.83068833333333], [1.2079033333333333, 103.83056666666667], [1.2079216666666666, 103.83044666666666], [1.20794, 103.830325], [1.2079833333333334, 103.830025], [1.2080133333333334, 103.82968666666666], [1.2080533333333334, 103.82937166666666], [1.2080983333333333, 103.82905166666667], [1.208195, 103.828415], [1.2083, 103.82778833333333], [1.2083516666666667, 103.82748333333333], [1.208405, 103.82718], [1.20853, 103.82656833333333], [1.2086516666666667, 103.82593666666666], [1.2087233333333334, 103.82563], [1.2087833333333333, 103.82534333333334], [1.2090433333333332, 103.82399166666667], [1.2091766666666666, 103.823395], [1.2094483333333332, 103.82204166666666], [1.2095683333333334, 103.821405], [1.209845, 103.82006166666666], [1.2099083333333334, 103.81976666666667], [1.21024, 103.818055], [1.2103566666666667, 103.81746666666666], [1.210615, 103.81606833333333], [1.2113016666666667, 103.81204], [1.21197, 103.80949833333334], [1.2127283333333334, 103.80765], [1.212975, 103.80706666666667], [1.21353, 103.80582666666666], [1.2137916666666666, 103.80524833333334], [1.2140633333333333, 103.80465666666667], [1.2144683333333333, 103.80377833333333], [1.214755, 103.80321166666667], [1.2149033333333332, 103.80294833333333], [1.21554, 103.801945], [1.2157033333333334, 103.801705], [1.215895, 103.80141166666667], [1.2162333333333333, 103.80090666666666], [1.21657, 103.80041833333334], [1.2169266666666667, 103.79991333333334], [1.21728, 103.79942], [1.2176366666666667, 103.79893166666666], [1.21798, 103.79844], [1.21834, 103.797935], [1.21887, 103.79721833333333], [1.2194166666666666, 103.79646666666666], [1.219785, 103.79597], [1.21996, 103.79571666666666], [1.2201416666666667, 103.79547], [1.2212533333333333, 103.793975], [1.221675, 103.79353333333333], [1.2223333333333333, 103.79287333333333], [1.2225766666666666, 103.792675], [1.2240366666666667, 103.79146], [1.224975, 103.79055], [1.22592, 103.78966166666666], [1.2270983333333334, 103.78851166666666], [1.2291133333333333, 103.78655833333333], [1.2295816666666666, 103.78617166666666], [1.2301183333333334, 103.78577], [1.230635, 103.785425], [1.23111, 103.785055], [1.2339166666666668, 103.78351333333333], [1.2344783333333333, 103.783285], [1.2362766666666667, 103.78264333333334], [1.2369133333333333, 103.78240333333333], [1.2375, 103.7822], [1.2381, 103.781955]],