{"563037860": [[1.216905, 103.85191666666667], [1.2169066666666666, 103.85191333333333], [1.21691, 103.85191], [1.216905, 103.85192], [1.2169116666666666, 103.851915], [1.216905, 103.85191], [1.2169066666666666, 103.85191666666667], [1.2169066666666666, 103.85191], [1.2169066666666666, 103.85191333333333], [1.216905, 103.85191333333333], [1.2169066666666666, 103.85191333333333], [1.2169066666666666, 103.85190833333333], [1.21691, 103.85191]], "565512000": [[1.21175, 103.86129666666666], [1.211545, 103.861055], [1.2112483333333333, 103.86068833333333], [1.2107966666666667, 103.86011166666667], [1.2103116666666667, 103.859485], [1.2098433333333334, 103.858915], [1.20943, 103.85839333333334], [1.2089633333333334, 103.85785166666666], [1.2085466666666667, 103.85731666666666], [1.2081433333333333, 103.856775], [1.2077483333333334, 103.85622666666667], [1.2074033333333334, 103.85564833333333], [1.207085, 103.85505333333333], [1.2069333333333334, 103.85475833333334], [1.206785, 103.85446166666667], [1.2065483333333333, 103.85385333333333], [1.2063433333333333, 103.85324], [1.2062383333333333, 103.85293166666666], [1.2061216666666668, 103.852625], [1.206015, 103.85234833333334], [1.20588, 103.85201166666667], [1.2057616666666666, 103.85174], [1.20561, 103.85140833333334], [1.2054683333333334, 103.85110833333333], [1.20532, 103.85080666666667], [1.205185, 103.85053666666667], [1.2050183333333333, 103.850205], [1.2048866666666667, 103.849935], [1.2047216666666667, 103.84960833333334], [1.2045816666666667, 103.84931166666667], [1.2044466666666667, 103.849015], [1.2043233333333334, 103.84874833333333], [1.204175, 103.84841833333333], [1.2040616666666666, 103.84814666666666], [1.2039183333333334, 103.84781666666667], [1.2037866666666666, 103.84752], [1.2036516666666666, 103.847225], [1.2035316666666667, 103.84696], [1.203395, 103.84663666666667], [1.20329, 103.84637], [1.20316, 103.846035], [1.2030333333333334, 103.845735], [1.2029, 103.84543333333333], [1.20278, 103.845165], [1.202635, 103.84483166666666], [1.202515, 103.84456], [1.2023716666666666, 103.84422166666667], [1.2022366666666666, 103.84392166666666], [1.20209, 103.84362333333333], [1.201955, 103.84334833333334], [1.201785, 103.84301666666667], [1.2016233333333333, 103.842715], [1.2014616666666667, 103.84241333333334], [1.2013016666666667, 103.84210666666667], [1.2011466666666666, 103.84179333333333], [1.2010116666666666, 103.84151166666666], [1.2007233333333334, 103.840845], [1.20059, 103.84052333333334], [1.200475, 103.84023], [1.2003366666666666, 103.83987166666667], [1.20022, 103.83958], [1.2000733333333333, 103.83922833333334], [1.1999383333333333, 103.838905], [1.1998, 103.83858333333333], [1.1996716666666667, 103.83829666666666], [1.1995066666666667, 103.83794666666667], [1.199365, 103.83766666666666], [1.199175, 103.83733166666667], [1.1990033333333334, 103.83702166666667], [1.198835, 103.83671166666667], [1.19868, 103.83643], [1.1984933333333334, 103.83608166666667], [1.1981666666666666, 103.83544666666667], [1.19801, 103.83512166666667], [1.19786, 103.83479666666666], [1.19756, 103.83414666666667], [1.1974233333333333, 103.83385333333334], [1.197095, 103.83317833333334], [1.1967883333333333, 103.83256833333333], [1.1966083333333333, 103.83221666666667], [1.19646, 103.83192833333334], [1.19612, 103.83125666666666], [1.1958116666666667, 103.830645], [1.1956216666666666, 103.83029833333333], [1.1952583333333333, 103.829685], [1.1950783333333332, 103.82937166666666], [1.1949216666666667, 103.829085], [1.19475, 103.82877], [1.19441, 103.82813833333333], [1.1941016666666666, 103.82746333333333], [1.1938733333333333, 103.82684166666667], [1.19364, 103.82618166666667], [1.193415, 103.82547666666666], [1.193145, 103.82446166666666], [1.19294, 103.82378666666666], [1.19284, 103.82344833333333], [1.1927483333333333, 103.823145], [1.192645, 103.82280833333333], [1.192285, 103.82179833333333], [1.1921666666666666, 103.82147833333333], [1.191925, 103.82086666666666], [1.191515, 103.819885], [1.1914133333333334, 103.81955666666667], [1.191335, 103.81926166666666], [1.19125, 103.81893333333333], [1.1911583333333333, 103.81857333333333], [1.1909983333333334, 103.81791333333334], [1.19092, 103.81758333333333], [1.190775, 103.81695], [1.1906816666666666, 103.81658833333333], [1.1904333333333332, 103.81560666666667], [1.190255, 103.814965], [1.189595, 103.81306666666667], [1.1887033333333332, 103.81122333333333], [1.1860666666666666, 103.80707166666667], [1.185715, 103.80646333333334], [1.1843666666666666, 103.804035], [1.183415, 103.80225], [1.18312, 103.80168666666667], [1.1824816666666667, 103.80047333333333], [1.182195, 103.799905], [1.1812416666666667, 103.79816], [1.1795133333333334, 103.794895], [1.17891, 103.79369666666666], [1.1779733333333333, 103.79188333333333], [1.1778183333333334, 103.79157166666667], [1.1776583333333333, 103.79126333333333], [1.17734, 103.79067666666667], [1.1770033333333334, 103.79002], [1.176845, 103.78970666666666], [1.1766833333333333, 103.78939333333334], [1.17581, 103.78786166666667]], "563015370": [[1.2090283333333334, 103.85087666666666], [1.2089683333333334, 103.85042833333333], [1.2088933333333334, 103.84998333333333], [1.2088583333333334, 103.84980166666666], [1.2087566666666667, 103.84777333333334], [1.2087516666666667, 103.84724666666666], [1.2087416666666666, 103.84671166666666], [1.2087233333333334, 103.84625166666666], [1.2086883333333334, 103.84577166666666], [1.2086683333333332, 103.84532], [1.20872, 103.84434], [1.2087433333333333, 103.84334666666666], [1.20875, 103.84284166666667], [1.2087033333333332, 103.84147166666666], [1.2087016666666666, 103.84127], [1.208675, 103.84047166666667], [1.20854, 103.838545], [1.2086166666666667, 103.83654333333334], [1.208155, 103.83266166666667], [1.2079866666666668, 103.83164666666667], [1.20784, 103.83058166666666], [1.2079466666666667, 103.82812333333334], [1.208075, 103.82722333333334], [1.2082933333333334, 103.82613333333333], [1.21035, 103.813025], [1.2103683333333333, 103.81201], [1.219115, 103.80048666666667]],