{"565634000": [[1.2103016666666666, 103.86008166666667], [1.2103616666666666, 103.85999333333334], [1.2104683333333333, 103.85979333333333], [1.2105066666666666, 103.85967666666667], [1.2105533333333334, 103.85958333333333], [1.210595, 103.85947833333333], [1.21065, 103.859375], [1.210705, 103.85924833333333], [1.2107633333333334, 103.85913166666667], [1.2108233333333334, 103.859035], [1.2109166666666666, 103.85884166666666], [1.2109616666666667, 103.85875166666666], [1.2110183333333333, 103.85863333333333], [1.2110616666666667, 103.85853666666667], [1.2110966666666667, 103.85843666666666], [1.211115, 103.85837833333333], [1.211145, 103.85828333333333], [1.211155, 103.85821833333334], [1.2111733333333334, 103.85813166666667], [1.2111866666666666, 103.85805], [1.2111983333333334, 103.85791166666667], [1.2112033333333334, 103.85783333333333], [1.2111966666666667, 103.85777833333333], [1.2111933333333333, 103.85769833333333], [1.2111866666666666, 103.85765333333333], [1.211185, 103.85756833333333], [1.2111366666666668, 103.85747], [1.211085, 103.857395]], "566009000": [[1.213015, 103.856855], [1.2128316666666668, 103.85653333333333], [1.2126633333333334, 103.85624166666666], [1.2119016666666667, 103.85501833333333], [1.2117, 103.854735], [1.211495, 103.85449833333334], [1.2112533333333333, 103.85426833333334], [1.2107216666666667, 103.85381666666666], [1.2104866666666667, 103.85359666666666], [1.2102666666666666, 103.85338], [1.21007, 103.85316333333333], [1.2099116666666667, 103.85297166666666], [1.209595, 103.85252833333334], [1.2094783333333334, 103.852325], [1.209375, 103.85212166666666], [1.2092816666666666, 103.851915], [1.2092066666666668, 103.85173166666667], [1.2091133333333333, 103.85151333333333], [1.2090433333333332, 103.851315], [1.208925, 103.85092166666666], [1.20884, 103.85054166666667], [1.2087766666666666, 103.85013166666667], [1.2087, 103.849735], [1.2086383333333333, 103.84934333333334], [1.2085866666666667, 103.848905], [1.2085416666666666, 103.84849166666666], [1.2085266666666667, 103.84828333333333], [1.2085083333333333, 103.84807666666667], [1.2084833333333334, 103.847865], [1.20846, 103.84764833333334], [1.2084083333333333, 103.847215], [1.208385, 103.84699333333333], [1.20837, 103.84677833333333], [1.208355, 103.84656], [1.208335, 103.846345], [1.2082783333333333, 103.84593], [1.2082383333333333, 103.845725], [1.2082066666666667, 103.84552333333333], [1.2081766666666667, 103.84475333333333], [1.2081833333333334, 103.84456], [1.2081883333333334, 103.84436333333333], [1.2081933333333332, 103.84420166666666], [1.2081916666666668, 103.84397333333334], [1.2082116666666667, 103.84331666666667], [1.2082183333333334, 103.8431], [1.208225, 103.842925], [1.208225, 103.84267833333334], [1.2082433333333333, 103.84198833333333], [1.2082516666666667, 103.84176333333333], [1.208255, 103.84157833333333], [1.2082283333333332, 103.84061666666666], [1.2082166666666667, 103.84039166666666], [1.2081683333333333, 103.83926166666667], [1.208165, 103.83840666666667], [1.2081383333333333, 103.83798166666666], [1.2080516666666667, 103.83711833333334], [1.20801, 103.836675], [1.207955, 103.83577333333334], [1.2079616666666666, 103.83532166666667], [1.208545, 103.832655], [1.2086166666666667, 103.83245166666667], [1.2088333333333334, 103.83185166666667], [1.2089033333333334, 103.83169], [1.2090833333333333, 103.83137166666667], [1.2093483333333332, 103.83091666666667], [1.2095133333333334, 103.83066666666667], [1.209885, 103.830115], [1.2100616666666666, 103.82988333333333], [1.2102533333333334, 103.82962833333333], [1.2104633333333332, 103.829355], [1.2106583333333334, 103.82911833333333], [1.210885, 103.82887166666667], [1.2111433333333332, 103.82864333333333], [1.2113783333333332, 103.82843], [1.2116216666666666, 103.82820666666667], [1.2118616666666666, 103.82798666666666], [1.2120966666666666, 103.82776], [1.2123316666666666, 103.827535], [1.21256, 103.82729666666667], [1.21301, 103.82680666666667], [1.2132466666666666, 103.82658166666667], [1.2136983333333333, 103.826105], [1.2139083333333334, 103.825845], [1.2141416666666667, 103.82559], [1.21481, 103.82509666666667], [1.21496, 103.825015], [1.215255, 103.82487333333333], [1.2159533333333334, 103.82465833333333], [1.2164616666666668, 103.82452166666667], [1.21719, 103.82428666666667], [1.2180183333333334, 103.82406166666667], [1.2182266666666666, 103.82400333333334], [1.2184166666666667, 103.82394666666667], [1.2194733333333334, 103.82356166666666], [1.2197, 103.82350333333333], [1.220605, 103.82321833333333], [1.2208016666666666, 103.82312833333333], [1.2210083333333333, 103.823025], [1.2217416666666667, 103.82253666666666], [1.221875, 103.82243666666666], [1.2223083333333333, 103.822095], [1.2226733333333333, 103.821785], [1.22303, 103.82147833333333], [1.2235533333333333, 103.82101], [1.22409, 103.82044833333333], [1.2245466666666667, 103.81989666666666], [1.2246183333333334, 103.81981666666667], [1.2248183333333333, 103.81958166666666], [1.2248916666666667, 103.81948833333334], [1.224945, 103.819415], [1.225095, 103.81922333333333], [1.2251383333333334, 103.81917166666666], [1.2252266666666667, 103.81905166666667], [1.2253483333333333, 103.81885166666666], [1.2254816666666666, 103.81868], [1.2255033333333334, 103.81865], [1.2255816666666666, 103.818525], [1.2255966666666667, 103.81850666666666], [1.22562, 103.81847833333333], [1.2256616666666666, 103.818425], [1.225675, 103.81841333333334], [1.22568, 103.81841], [1.2256933333333333, 103.818395], [1.2257, 103.81838833333333], [1.2257016666666667, 103.81838666666667], [1.2257083333333334, 103.81839166666667], [1.22571, 103.81839833333333], [1.2257066666666667, 103.81842], [1.2256983333333333, 103.81843166666667], [1.225675, 103.81847333333333], [1.2256683333333334, 103.81848], [1.2256566666666666, 103.818485], [1.225635, 103.81849333333334], [1.22562, 103.81851], [1.2256033333333334, 103.818525], [1.22559, 103.81853], [1.22558, 103.818565], [1.2255816666666666, 103.81858166666666], [1.2256, 103.81858833333334], [1.2256416666666667, 103.81860833333333], [1.22566, 103.81861833333333], [1.22568, 103.81862666666666], [1.2257233333333333, 103.81864833333333], [1.2258233333333333, 103.81871333333333], [1.2260966666666666, 103.81896666666667], [1.2262566666666668, 103.8191], [1.2268066666666666, 103.81938666666667], [1.22709, 103.81945166666667], [1.2271916666666667, 103.819455], [1.2273716666666667, 103.81944166666666], [1.227885, 103.81927666666667], [1.228345, 103.81896333333333], [1.2284266666666666, 103.818895], [1.2284916666666668, 103.81883833333333], [1.228635, 103.81871333333333], [1.2287483333333333, 103.81861166666667], [1.2288633333333334, 103.81851], [1.2289183333333333, 103.81845166666666], [1.2289783333333333, 103.81840166666667], [1.2291416666666666, 103.81822666666666]],